Tỉnh/Thành phố,Phường/Xã,Tên trường,Cấp học
Thành phố Bắc Ninh,Phường Bắc Giang,Trường Mầm non Trần Nguyên Hãn,Mầm non
Thành phố Bắc Ninh,Phường Bắc Giang,Trường Trung học phổ thông chuyên Bắc Giang,THPT
Thành phố Bắc Ninh,Phường Bắc Giang,Trưởng Tiểu học Ngô Sĩ Liên - Phân hiệu 1,Tiểu học
Thành phố Bắc Ninh,Phường Bắc Giang,Trưởng Tiểu học Ngô Sĩ Liên - Phân hiệu 2,Tiểu học
Thành phố Bắc Ninh,Phường Bắc Giang,Trưởng Tiểu học Ngô Sĩ Liên - Phân hiệu 3,Tiểu học
Thành phố Bắc Ninh,Phường Bắc Giang,Trưởng Tiểu học Ngô Sĩ Liên - Phân hiệu 4,Tiểu học
Thành phố Bắc Ninh,Phường Bồng Lai,Trường Tiểu học Bồng Lai,Tiểu học
Thành phố Bắc Ninh,Phường Bồng Lai,Trường Tiểu học Cách Bi,Tiểu học
Thành phố Bắc Ninh,Phường Bồng Lai,Trường Tiểu học Mộ Đạo,Tiểu học
Thành phố Bắc Ninh,Phường Bồng Lai,Trường Trung học cơ sở Bồng Lai,THCS
Thành phố Bắc Ninh,Phường Bồng Lai,Trường Trung học cơ sở Cách Bi,THCS
Thành phố Bắc Ninh,Phường Bồng Lai,Trường Trung học cơ sở Mộ Đạo,THCS
Thành phố Bắc Ninh,Phường Bồng Lai,Trường Trung học phổ thông Quế Võ số 3,THPT
Thành phố Bắc Ninh,Phường Chi Lăng,Trường Mầm non Hán Quảng,Mầm non
Thành phố Bắc Ninh,Phường Chi Lăng,Trường Mầm non Yên Giả,Mầm non
Thành phố Bắc Ninh,Phường Chi Lăng,Trường THCS Chi Lăng,THCS
Thành phố Bắc Ninh,Phường Chi Lăng,Trường THCS Hán Quảng,THCS
Thành phố Bắc Ninh,Phường Chi Lăng,Trường Tiểu học Chi Lăng,Tiểu học
Thành phố Bắc Ninh,Phường Chi Lăng,Trường Tiểu học Hán Quảng,Tiểu học
Thành phố Bắc Ninh,Phường Chi Lăng,Trường Tiểu học Yên Giả,Tiểu học
Thành phố Bắc Ninh,Phường Chi Lăng,Trường Trung học cơ sở Yên Giả,THCS
Thành phố Bắc Ninh,Phường Gia Bình,Trường Mầm non Gia Bình,Mầm non
Thành phố Bắc Ninh,Phường Gia Bình,Trường Mầm non Hoàng Đăng Miện,Mầm non
Thành phố Bắc Ninh,Phường Gia Bình,Trường Mầm non Đại Bái,Mầm non
Thành phố Bắc Ninh,Phường Gia Bình,Trường THCS Xuân Lai,THCS
Thành phố Bắc Ninh,Phường Gia Bình,Trường Tiểu học Gia Bình,Tiểu học
Thành phố Bắc Ninh,Phường Gia Bình,Trường Tiểu học Xuân Lai,Tiểu học
Thành phố Bắc Ninh,Phường Gia Bình,Trường Tiểu học và Trung học cơ sở Đại Bái,Liên cấp
Thành phố Bắc Ninh,Phường Gia Bình,Trường Trung học cơ sở Gia Bình,THCS
Thành phố Bắc Ninh,Phường Gia Bình,Trường Trung học phổ thông Lê Văn Thịnh,THPT
Thành phố Bắc Ninh,Phường Hiệp Hoà,Trường Trung học cơ sở Đức Thắng - Hiệp Hoà,THCS
Thành phố Bắc Ninh,Phường Hạp Lĩnh,Trường Mầm non Hạp Lĩnh,Mầm non
Thành phố Bắc Ninh,Phường Hạp Lĩnh,Trường Mầm non Hạp Lĩnh (Phân hiệu),Mầm non
Thành phố Bắc Ninh,Phường Hạp Lĩnh,Trường Tiểu học Hạp Lĩnh,Tiểu học
Thành phố Bắc Ninh,Phường Hạp Lĩnh,Trường Tiểu học Hạp Lĩnh (Phân hiệu),Tiểu học
Thành phố Bắc Ninh,Phường Hạp Lĩnh,Trường Trung học cơ sở Hạp Lĩnh,THCS
Thành phố Bắc Ninh,Phường Hạp Lĩnh,Trường Trung học cơ sở Hạp Lĩnh (Phân hiệu),THCS
Thành phố Bắc Ninh,Phường Hạp Lĩnh,Trường Trung học phổ thông Lý Thường Kiệt,THPT
Thành phố Bắc Ninh,Phường Kinh Bắc,Trường Mầm Non Song Ngữ,Mầm non
Thành phố Bắc Ninh,Phường Kinh Bắc,Trường Mầm non Anhxtanh Bắc Ninh,Mầm non
Thành phố Bắc Ninh,Phường Kinh Bắc,Trường Mầm non Hoa Hồng,Mầm non
Thành phố Bắc Ninh,Phường Kinh Bắc,Trường Mầm non Hoa Quỳnh,Mầm non
Thành phố Bắc Ninh,Phường Kinh Bắc,Trường Mầm non Hoa Sữa,Mầm non
Thành phố Bắc Ninh,Phường Kinh Bắc,Trường Mầm non Hòa Long - Khu Hữu Chấp,Mầm non
Thành phố Bắc Ninh,Phường Kinh Bắc,Trường Mầm non Kinh Bắc,Mầm non
Thành phố Bắc Ninh,Phường Kinh Bắc,Trường Mầm non Montessori Bắc Ninh,Mầm non
Thành phố Bắc Ninh,Phường Kinh Bắc,Trường Mầm non Ninh Xá,Mầm non
Thành phố Bắc Ninh,Phường Kinh Bắc,Trường Mầm non Phương Anh,Mầm non
Thành phố Bắc Ninh,Phường Kinh Bắc,Trường Mầm non Quốc tế Winston Bắc Ninh,Mầm non
Thành phố Bắc Ninh,Phường Kinh Bắc,Trường Mầm non Ánh Dương,Mầm non
Thành phố Bắc Ninh,Phường Kinh Bắc,Trường Mầm non Ước mơ - Cơ sở 1,Mầm non
Thành phố Bắc Ninh,Phường Kinh Bắc,Trường Phổ thông Liên cấp FPT Bắc Ninh,Liên cấp
Thành phố Bắc Ninh,Phường Kinh Bắc,Trường Phổ thông Liên cấp Đào Duy Từ,Liên cấp
Thành phố Bắc Ninh,Phường Kinh Bắc,Trường Phổ thông Lương Thế Vinh - Bắc Ninh,THPT
Thành phố Bắc Ninh,Phường Kinh Bắc,Trường Quốc tế Vàng Anh,
Thành phố Bắc Ninh,Phường Kinh Bắc,Trường Tiểu học Hoà Long - Khu Đẩu Hàn,Tiểu học
Thành phố Bắc Ninh,Phường Kinh Bắc,Trường Tiểu học Kinh Bắc,Tiểu học
Thành phố Bắc Ninh,Phường Kinh Bắc,Trường Tiểu học Suối Hoa,Tiểu học
Thành phố Bắc Ninh,Phường Kinh Bắc,Trường Tiểu học Tiền An (Phân hiệu 1),Tiểu học
Thành phố Bắc Ninh,Phường Kinh Bắc,Trường Tiểu học Tiền An (Trường chính),Tiểu học
Thành phố Bắc Ninh,Phường Kinh Bắc,Trường Tiểu học Vạn An,Tiểu học
Thành phố Bắc Ninh,Phường Kinh Bắc,Trường Tiểu học và Trung học Cơ sở Trần Quôc Toản,Liên cấp
Thành phố Bắc Ninh,Phường Kinh Bắc,Trường Trung học cơ sở Hoà Long,THCS
Thành phố Bắc Ninh,Phường Kinh Bắc,Trường Trung học cơ sở Nguyễn Đăng Đạo,THCS
Thành phố Bắc Ninh,Phường Kinh Bắc,Trường Trung học cơ sở Suối Hoa,THCS
Thành phố Bắc Ninh,Phường Kinh Bắc,Trường Trung học cơ sở Tiền An,THCS
Thành phố Bắc Ninh,Phường Kinh Bắc,Trường Trung học cơ sở Tiền An (Phân hiệu 1),THCS
Thành phố Bắc Ninh,Phường Kinh Bắc,Trường Trung học cơ sở Tiền An (Phân hiệu 2),THCS
Thành phố Bắc Ninh,Phường Kinh Bắc,Trường Trung học cơ sở Vạn An (cũ),THCS
Thành phố Bắc Ninh,Phường Kinh Bắc,Trường Trung học phổ thông Lý Nhân Tông,THPT
Thành phố Bắc Ninh,Phường Kinh Bắc,Trường Trung học phổ thông chuyên Bắc Ninh,THPT
Thành phố Bắc Ninh,Phường Kinh Bắc,Trường mầm non Sao Mai cơ sở 2,Mầm non
Thành phố Bắc Ninh,Phường Lương Tài,Trường Mầm non Lương Tài số 1,Mầm non
Thành phố Bắc Ninh,Phường Lương Tài,Trường Mầm non Phú Hòa,Mầm non
Thành phố Bắc Ninh,Phường Lương Tài,Trường Mầm non Thị trấn Thứa (cũ),Mầm non
Thành phố Bắc Ninh,Phường Lương Tài,Trường Tiểu học Lương Tài,Tiểu học
Thành phố Bắc Ninh,Phường Lương Tài,Trường Trung học cơ sở Hàn Thuyên,THCS
Thành phố Bắc Ninh,Phường Lương Tài,Trường Trung học cơ sở Lương Tài,THCS
Thành phố Bắc Ninh,Phường Lương Tài,Trường Trung học cơ sở Phú Hòa,THCS
Thành phố Bắc Ninh,Phường Lương Tài,Trường Trung học phổ thông Lương Tài,THPT
Thành phố Bắc Ninh,Phường Lương Tài,Trường Trung học phổ thông Lương Tài số 3,THPT
Thành phố Bắc Ninh,Phường Lục Nam,Trường Trung học cơ sở Thị trấn Đồi Ngô,THCS
Thành phố Bắc Ninh,Phường Mão Điền,Trường Mầm non An Bình,Mầm non
Thành phố Bắc Ninh,Phường Mão Điền,Trường Mầm non Hoài Thượng,Mầm non
Thành phố Bắc Ninh,Phường Mão Điền,Trường Mầm non Mão Điền,Mầm non
Thành phố Bắc Ninh,Phường Mão Điền,Trường THCS Hoài Thượng,THCS
Thành phố Bắc Ninh,Phường Mão Điền,Trường THCS Mão Điền,THCS
Thành phố Bắc Ninh,Phường Mão Điền,Trường Tiểu học Hoài Thượng,Tiểu học
Thành phố Bắc Ninh,Phường Mão Điền,Trường Tiểu học Mão Điền số 1,Tiểu học
Thành phố Bắc Ninh,Phường Mão Điền,Trường Tiểu học Mão Điền số 2,Tiểu học
Thành phố Bắc Ninh,Phường Mão Điền,Trường Tiểu học Nguyễn Lượng Thái - Khu 1,Tiểu học
Thành phố Bắc Ninh,Phường Mão Điền,Trường Tiểu học Nguyễn Lượng Thái - Khu 2,Tiểu học
Thành phố Bắc Ninh,Phường Mão Điền,Trường Trung học cơ sở Nguyễn Quang Bật,THCS
Thành phố Bắc Ninh,Phường Nam Sơn,Trường Mầm non Nam Sơn,Mầm non
Thành phố Bắc Ninh,Phường Nam Sơn,Trường Tiểu học Nam Sơn,Tiểu học
Thành phố Bắc Ninh,Phường Nam Sơn,Trường Tiểu học Nam Sơn - Phân hiệu 1,Tiểu học
Thành phố Bắc Ninh,Phường Nam Sơn,Trường Tiểu học Nam Sơn - Phân hiệu 2,Tiểu học
Thành phố Bắc Ninh,Phường Nam Sơn,Trường Trung học cơ sở Nam Sơn,THCS
Thành phố Bắc Ninh,Phường Nam Sơn,Trường Trung học phổ thông Hàm Long,THPT
Thành phố Bắc Ninh,Phường Nhân Hòa,Trường Mầm non Nhân Hòa (Khu phố Cung Kiệm),Mầm non
Thành phố Bắc Ninh,Phường Nhân Hòa,Trường Mầm non Việt Thống,Mầm non
Thành phố Bắc Ninh,Phường Nhân Hòa,Trường Mầm non Đại Xuân,Mầm non
Thành phố Bắc Ninh,Phường Nhân Hòa,Trường Tiểu học Nhân Hòa,Tiểu học
Thành phố Bắc Ninh,Phường Nhân Hòa,Trường Tiểu học Nhân Hòa 1,Tiểu học
Thành phố Bắc Ninh,Phường Nhân Hòa,Trường Tiểu học và Trung học cơ sở Nhân Hòa,Liên cấp
Thành phố Bắc Ninh,Phường Nhân Hòa,Trường Trung học cơ sở Nhân Hòa,THCS
Thành phố Bắc Ninh,Phường Nhân Hòa,Trường Trung học cơ sở Nhân Hòa 1,THCS
Thành phố Bắc Ninh,Phường Nhân Thắng,Trường Mầm Non Hương Triện,Mầm non
Thành phố Bắc Ninh,Phường Nhân Thắng,Trường Mầm non Bình Dương,Mầm non
Thành phố Bắc Ninh,Phường Nhân Thắng,Trường Mầm non Nhân Thắng,Mầm non
Thành phố Bắc Ninh,Phường Nhân Thắng,Trường Mầm non Thái Bảo,Mầm non
Thành phố Bắc Ninh,Phường Nhân Thắng,Trường THCS Thái Bảo,THCS
Thành phố Bắc Ninh,Phường Nhân Thắng,Trường THPT Gia Bình số 3,THPT
Thành phố Bắc Ninh,Phường Nhân Thắng,Trường Tiểu học Nhân Thắng,Tiểu học
Thành phố Bắc Ninh,Phường Nhân Thắng,Trường Tiểu học Thái Bảo,Tiểu học
Thành phố Bắc Ninh,Phường Nhân Thắng,Trường Trung học cơ sở Nhân Thắng,THCS
Thành phố Bắc Ninh,Phường Nhân Thắng,Trường Trung học phổ thông Gia Bình số 1,THPT
Thành phố Bắc Ninh,Phường Ninh Xá,Trường Mầm non Nguyệt Đức,Mầm non
Thành phố Bắc Ninh,Phường Ninh Xá,Trường THCS Nguyệt Đức,THCS
Thành phố Bắc Ninh,Phường Ninh Xá,Trường THCS Ninh Xá,THCS
Thành phố Bắc Ninh,Phường Ninh Xá,Trường Tiểu học Nguyệt Đức,Tiểu học
Thành phố Bắc Ninh,Phường Ninh Xá,Trường Tiểu học Ninh Xá,Tiểu học
Thành phố Bắc Ninh,Phường Phù Khê,Trường Mầm non Hoa Trạng Nguyên,Mầm non
Thành phố Bắc Ninh,Phường Phù Khê,Trường Mầm non Hương Mạc,Mầm non
Thành phố Bắc Ninh,Phường Phù Khê,Trường Mầm non Phù Khê,Mầm non
Thành phố Bắc Ninh,Phường Phù Khê,Trường Tiểu học Châu Khê 1,Tiểu học
Thành phố Bắc Ninh,Phường Phù Khê,Trường Tiểu học Châu Khê 2,Tiểu học
Thành phố Bắc Ninh,Phường Phù Khê,Trường Tiểu học Hương Mạc 1,Tiểu học
Thành phố Bắc Ninh,Phường Phù Khê,Trường Tiểu học Hương Mạc 2,Tiểu học
Thành phố Bắc Ninh,Phường Phù Khê,Trường Tiểu học Phù Khê,Tiểu học
Thành phố Bắc Ninh,Phường Phù Khê,Trường Trung học cơ sở Châu Khê,THCS
Thành phố Bắc Ninh,Phường Phù Khê,Trường Trung học cơ sở Hương Mạc,THCS
Thành phố Bắc Ninh,Phường Phù Khê,Trường Trung học cơ sở Hương Mạc 1,THCS
Thành phố Bắc Ninh,Phường Phù Khê,Trường Trung học cơ sở Nguyễn Văn Cừ,THCS
Thành phố Bắc Ninh,Phường Phù Khê,Trường Trung học phổ thông Nguyễn Văn Cừ,THPT
Thành phố Bắc Ninh,Phường Phù Lãng,Trường Mầm non Châu Phong,Mầm non
Thành phố Bắc Ninh,Phường Phù Lãng,Trường Mầm non Phù Lãng,Mầm non
Thành phố Bắc Ninh,Phường Phù Lãng,Trường Tiểu học Phù Lãng,Tiểu học
Thành phố Bắc Ninh,Phường Phù Lãng,Trường Tiểu học Đức Long,Tiểu học
Thành phố Bắc Ninh,Phường Phù Lãng,Trường Trung học cơ sở Châu Phong,THCS
Thành phố Bắc Ninh,Phường Phù Lãng,Trường Trung học cơ sở Phù Lãng,THCS
Thành phố Bắc Ninh,Phường Phù Lãng,Trường Trung học cơ sở Đức Long,THCS
Thành phố Bắc Ninh,Phường Phương Liễu,Trường Mầm non Hoa Hồng cơ sở 2,Mầm non
Thành phố Bắc Ninh,Phường Phương Liễu,Trường Mầm non Phương Liễu,Mầm non
Thành phố Bắc Ninh,Phường Phương Liễu,Trường Tiểu học và Trung học cơ sở EDUWINSCHOOL,Liên cấp
Thành phố Bắc Ninh,Phường Phương Liễu,Trường Tiểu học và Trung học cơ sở Phương Liễu,Liên cấp
Thành phố Bắc Ninh,Phường Phương Liễu,Trường Tiểu học và Trung học cơ sở Phương Liễu (Phân hiệu 1),Liên cấp
Thành phố Bắc Ninh,Phường Phương Liễu,Trường Trung học cơ sở Nguyễn Cao,THCS
Thành phố Bắc Ninh,Phường Quế Võ,Trường Mầm non Quế Võ 1,Mầm non
Thành phố Bắc Ninh,Phường Quế Võ,Trường Mầm non Quế Võ 2,Mầm non
Thành phố Bắc Ninh,Phường Quế Võ,Trường Tiểu học Quế Võ 1,Tiểu học
Thành phố Bắc Ninh,Phường Quế Võ,Trường Tiểu học Quế Võ 2,Tiểu học
Thành phố Bắc Ninh,Phường Quế Võ,Trường Trung học cơ sở Quế Võ,THCS
Thành phố Bắc Ninh,Phường Quế Võ,Trường Trung học cơ sở Quế Võ - Phân hiệu Bằng An,THCS
Thành phố Bắc Ninh,Phường Quế Võ,Trường Trung học cơ sở Quế Võ - Phân hiệu Quế Tân,THCS
Thành phố Bắc Ninh,Phường Quế Võ,Trường Trung học cơ sở Quế Võ - Phân hiệu Việt Hùng,THCS
Thành phố Bắc Ninh,Phường Quế Võ,Trường Trung học phổ thông Phố Mới,THPT
Thành phố Bắc Ninh,Phường Quế Võ,Trường Trung học phổ thông Quế Võ số 1,THPT
Thành phố Bắc Ninh,Phường Song Liễu,Trường Mầm non Hà Mãn,Mầm non
Thành phố Bắc Ninh,Phường Song Liễu,Trường Mầm non Ngũ Thái,Mầm non
Thành phố Bắc Ninh,Phường Song Liễu,Trường Mầm non Xuân Lâm,Mầm non
Thành phố Bắc Ninh,Phường Song Liễu,Trường Mầm non Xuân Lâm 2,Mầm non
Thành phố Bắc Ninh,Phường Song Liễu,Trường THCS Nguyễn Gia Thiều,THCS
Thành phố Bắc Ninh,Phường Song Liễu,Trường THCS Song Liễu,THCS
Thành phố Bắc Ninh,Phường Song Liễu,Trường THCS Xuân Lâm,THCS
Thành phố Bắc Ninh,Phường Song Liễu,Trường Tiểu học Hà Mãn,Tiểu học
Thành phố Bắc Ninh,Phường Song Liễu,Trường Tiểu học Nguyễn Gia Thiều,Tiểu học
Thành phố Bắc Ninh,Phường Song Liễu,Trường Tiểu học Song Liễu,Tiểu học
Thành phố Bắc Ninh,Phường Song Liễu,Trường Tiểu học Xuân Lâm,Tiểu học
Thành phố Bắc Ninh,Phường Song Liễu,Trường Trung học cơ sở Hà Mãn,THCS
Thành phố Bắc Ninh,Phường Tam Sơn,Trường Mầm non Tam Sơn số 1,Mầm non
Thành phố Bắc Ninh,Phường Tam Sơn,Trường Mầm non Tam Sơn số 2,Mầm non
Thành phố Bắc Ninh,Phường Tam Sơn,Trường Mầm non Tương Giang 1,Mầm non
Thành phố Bắc Ninh,Phường Tam Sơn,Trường Mầm non Tương Giang 2,Mầm non
Thành phố Bắc Ninh,Phường Tam Sơn,Trường Tiểu học Tam Sơn,Tiểu học
Thành phố Bắc Ninh,Phường Tam Sơn,Trường Tiểu học Tam Sơn 2,Tiểu học
Thành phố Bắc Ninh,Phường Tam Sơn,Trường Tiểu học Tương Giang,Tiểu học
Thành phố Bắc Ninh,Phường Tam Sơn,Trường Trung học cơ sở Tam Sơn,THCS
Thành phố Bắc Ninh,Phường Tam Sơn,Trường Trung học cơ sở Tương Giang,THCS
Thành phố Bắc Ninh,Phường Tam Sơn,Trường Trung học phổ thông Ngô Gia Tự,THPT
Thành phố Bắc Ninh,Phường Thuận Thành,Trường Mầm non Gia Đông,Mầm non
Thành phố Bắc Ninh,Phường Thuận Thành,Trường Mầm non Hồ,Mầm non
Thành phố Bắc Ninh,Phường Thuận Thành,Trường Mầm non Liên Cơ,Mầm non
Thành phố Bắc Ninh,Phường Thuận Thành,Trường Mầm non Song Hồ,Mầm non
Thành phố Bắc Ninh,Phường Thuận Thành,Trường Mầm non Đại Đồng Thành,Mầm non
Thành phố Bắc Ninh,Phường Thuận Thành,Trường THCS Nguyễn Thị Định,THCS
Thành phố Bắc Ninh,Phường Thuận Thành,Trường Tiểu học & Trung học cơ sở Song Hồ,Liên cấp
Thành phố Bắc Ninh,Phường Thuận Thành,Trường Tiểu học Gia Đông số 1,Tiểu học
Thành phố Bắc Ninh,Phường Thuận Thành,Trường Tiểu học Gia Đông số 2,Tiểu học
Thành phố Bắc Ninh,Phường Thuận Thành,Trường Tiểu học Thuận Thành số 1,Tiểu học
Thành phố Bắc Ninh,Phường Thuận Thành,Trường Tiểu học Thuận Thành số 2,Tiểu học
Thành phố Bắc Ninh,Phường Thuận Thành,Trường Tiểu học Đại Đồng Thành số 1,Tiểu học
Thành phố Bắc Ninh,Phường Thuận Thành,Trường Tiểu học Đại Đồng Thành số 2,Tiểu học
Thành phố Bắc Ninh,Phường Thuận Thành,Trường Trung học cơ sở Thuận Thành,THCS
Thành phố Bắc Ninh,Phường Thuận Thành,Trường Trung học cơ sở Vũ Kiệt,THCS
Thành phố Bắc Ninh,Phường Thuận Thành,Trường Trung học cơ sở Vũ Kiệt - cũ,THCS
Thành phố Bắc Ninh,Phường Thuận Thành,Trường Trung học cơ sở Đại Đồng Thành,THCS
Thành phố Bắc Ninh,Phường Thuận Thành,Trường Trung học phổ thông Thuận Thành số 1,THPT
Thành phố Bắc Ninh,Phường Thuận Thành,Trường Trung học phổ thông Thuận Thành số 3,THPT
Thành phố Bắc Ninh,Phường Tiên Du,Trường Mầm non Phú Lâm 3,Mầm non
Thành phố Bắc Ninh,Phường Tiên Du,Trường Mầm non Tiên Du 1,Mầm non
Thành phố Bắc Ninh,Phường Tiên Du,Trường Mầm non Tiên Du 2,Mầm non
Thành phố Bắc Ninh,Phường Tiên Du,Trường Tiểu học Tiên Du 1,Tiểu học
Thành phố Bắc Ninh,Phường Tiên Du,Trường Tiểu học Tiên Du 2,Tiểu học
Thành phố Bắc Ninh,Phường Tiên Du,Trường Trung học cơ sở Nguyễn Du,THCS
Thành phố Bắc Ninh,Phường Tiên Du,Trường Trung học cơ sở Tiên Du 1,THCS
Thành phố Bắc Ninh,Phường Tiên Du,Trường Trung học cơ sở Tiên Du 2,THCS
Thành phố Bắc Ninh,Phường Tiên Du,Trường Trung học phổ thông Nguyễn Đăng Đạo,THPT
Thành phố Bắc Ninh,Phường Trí Quả,Trường Mầm non Thanh Khương,Mầm non
Thành phố Bắc Ninh,Phường Trí Quả,Trường Mầm non Đình Tổ số 1,Mầm non
Thành phố Bắc Ninh,Phường Trí Quả,Trường Tiểu học Thanh Khương,Tiểu học
Thành phố Bắc Ninh,Phường Trí Quả,Trường Tiểu học Trí Quả,Tiểu học
Thành phố Bắc Ninh,Phường Trí Quả,Trường Tiểu học Đình Tổ số 1,Tiểu học
Thành phố Bắc Ninh,Phường Trí Quả,Trường Trung học cơ sở Thanh Khương,THCS
Thành phố Bắc Ninh,Phường Trí Quả,Trường Trung học cơ sở Trí Quả,THCS
Thành phố Bắc Ninh,Phường Trí Quả,Trường Trung học cơ sở Đình Tổ,THCS
Thành phố Bắc Ninh,Phường Trí Quả,Trường Trung học phổ thông Thuận Thành số 2,THPT
Thành phố Bắc Ninh,Phường Trạm Lộ,Trường Mầm non Nghĩa Đạo,Mầm non
Thành phố Bắc Ninh,Phường Trạm Lộ,Trường Mầm non Trạm Lộ,Mầm non
Thành phố Bắc Ninh,Phường Trạm Lộ,Trường THCS Nghĩa Đạo,THCS
Thành phố Bắc Ninh,Phường Trạm Lộ,Trường Tiểu học Nghĩa Đạo,Tiểu học
Thành phố Bắc Ninh,Phường Trạm Lộ,Trường Tiểu học Trạm Lộ,Tiểu học
Thành phố Bắc Ninh,Phường Trạm Lộ,Trường Trung học cơ sở Trạm lộ,THCS
Thành phố Bắc Ninh,Phường Từ Sơn,Trường Mầm Non Lý Công Uẩn,Mầm non
Thành phố Bắc Ninh,Phường Từ Sơn,Trường Mầm non Ban Mai,Mầm non
Thành phố Bắc Ninh,Phường Từ Sơn,Trường Mầm non Hoa Sen Montessori,Mầm non
Thành phố Bắc Ninh,Phường Từ Sơn,Trường Mầm non Tân Hồng 1,Mầm non
Thành phố Bắc Ninh,Phường Từ Sơn,Trường Mầm non Từ Sơn 1,Mầm non
Thành phố Bắc Ninh,Phường Từ Sơn,Trường Mầm non Từ Sơn 2,Mầm non
Thành phố Bắc Ninh,Phường Từ Sơn,Trường Mầm non Từ Sơn 3,Mầm non
Thành phố Bắc Ninh,Phường Từ Sơn,Trường Tiểu học Từ Sơn 1,Tiểu học
Thành phố Bắc Ninh,Phường Từ Sơn,Trường Tiểu học Từ Sơn 2,Tiểu học
Thành phố Bắc Ninh,Phường Từ Sơn,Trường Trung học cơ sơ Từ Sơn 1,
Thành phố Bắc Ninh,Phường Từ Sơn,Trường Trung học cơ sở Từ Sơn 2,THCS
Thành phố Bắc Ninh,Phường Từ Sơn,Trường Trung học phổ thông Lý Thái Tổ,THPT
Thành phố Bắc Ninh,Phường Việt Yên,Trường Tiểu học thị trấn Bích Động,Tiểu học
Thành phố Bắc Ninh,Phường Việt Yên,Trường Trung học phổ thông Việt Yên 1,THPT
Thành phố Bắc Ninh,Phường Võ Cường,Lớp Mầm non Độc lập P.Montessori,Mầm non
Thành phố Bắc Ninh,Phường Võ Cường,Mầm non song ngữ An Happy,Mầm non
Thành phố Bắc Ninh,Phường Võ Cường,Trương Mầm non Sao Mai,Mầm non
Thành phố Bắc Ninh,Phường Võ Cường,Trường Mầm Non Võ Cường,Mầm non
Thành phố Bắc Ninh,Phường Võ Cường,Trường Mầm non Panda,Mầm non
Thành phố Bắc Ninh,Phường Võ Cường,Trường Mầm non Phong Khê,Mầm non
Thành phố Bắc Ninh,Phường Võ Cường,Trường Mầm non Phương Nga,Mầm non
Thành phố Bắc Ninh,Phường Võ Cường,Trường Mầm non Tư thục Hà Thành,Mầm non
Thành phố Bắc Ninh,Phường Võ Cường,Trường Mầm non Tư thục KBIS,Mầm non
Thành phố Bắc Ninh,Phường Võ Cường,Trường Mầm non Võ Cường số 2,Mầm non
Thành phố Bắc Ninh,Phường Võ Cường,Trường Mầm non Đại Phúc,Mầm non
Thành phố Bắc Ninh,Phường Võ Cường,Trường Phổ thông Quốc tế Kinh Bắc,THPT
Thành phố Bắc Ninh,Phường Võ Cường,Trường Quốc tế Him Lam Bắc Ninh,
Thành phố Bắc Ninh,Phường Võ Cường,Trường Tiểu học Võ Cường,Tiểu học
Thành phố Bắc Ninh,Phường Võ Cường,Trường Tiểu học và Trung học cơ sở Hoàng Hoa Thám,Liên cấp
Thành phố Bắc Ninh,Phường Võ Cường,Trường Trung học cơ sở Võ Cường,THCS
Thành phố Bắc Ninh,Phường Võ Cường,Trường Trung học phổ thông Hàn Thuyên,THPT
Thành phố Bắc Ninh,Phường Võ Cường,Trường Trung học phổ thông Nguyễn Du,THPT
Thành phố Bắc Ninh,Phường Vũ Ninh,Mầm non Tuổi thơ,Mầm non
Thành phố Bắc Ninh,Phường Vũ Ninh,Trường Mầm Non Công Ty May Đáp Cầu,Mầm non
Thành phố Bắc Ninh,Phường Vũ Ninh,Trường Mầm non Kim Chân,Mầm non
Thành phố Bắc Ninh,Phường Vũ Ninh,Trường Mầm non Thỏ Ngọc,Mầm non
Thành phố Bắc Ninh,Phường Vũ Ninh,Trường Mầm non Vũ Ninh,Mầm non
Thành phố Bắc Ninh,Phường Vũ Ninh,Trường Tiểu hoc Vũ Ninh 2,
Thành phố Bắc Ninh,Phường Vũ Ninh,Trường Tiểu học Vũ Ninh 1,Tiểu học
Thành phố Bắc Ninh,Phường Vũ Ninh,Trường Tiểu học Vũ Ninh số 1,Tiểu học
Thành phố Bắc Ninh,Phường Vũ Ninh,Trường Trung học cơ sở Kim Chân,THCS
Thành phố Bắc Ninh,Phường Vũ Ninh,Trường Trung học cơ sở Thị Cầu (cũ),THCS
Thành phố Bắc Ninh,Phường Vũ Ninh,Trường Trung học cơ sở Vũ Ninh 1,THCS
Thành phố Bắc Ninh,Phường Vũ Ninh,Trường Trung học cơ sở Vũ Ninh 2,THCS
Thành phố Bắc Ninh,Phường Vũ Ninh,Trường Trung học phổ thông Hoàng Quốc Việt,THPT
Thành phố Bắc Ninh,Phường Yên Phong,Trường Mầm non Chờ số 1,Mầm non
Thành phố Bắc Ninh,Phường Yên Phong,Trường Mầm non Chờ số 2,Mầm non
Thành phố Bắc Ninh,Phường Yên Phong,Trường Mầm non Liên Cơ,Mầm non
Thành phố Bắc Ninh,Phường Yên Phong,Trường Mầm non Trung Nghĩa,Mầm non
Thành phố Bắc Ninh,Phường Yên Phong,Trường THCS Đông Tiến,THCS
Thành phố Bắc Ninh,Phường Yên Phong,Trường Tiểu học Chờ số 1,Tiểu học
Thành phố Bắc Ninh,Phường Yên Phong,Trường Tiểu học Long Châu,Tiểu học
Thành phố Bắc Ninh,Phường Yên Phong,Trường Tiểu học Thị trấn Chờ số 2,Tiểu học
Thành phố Bắc Ninh,Phường Yên Phong,Trường Tiểu học Trung Nghĩa,Tiểu học
Thành phố Bắc Ninh,Phường Yên Phong,Trường Tiểu học Đông Tiến,Tiểu học
Thành phố Bắc Ninh,Phường Yên Phong,Trường Trung học cơ sở Chờ,THCS
Thành phố Bắc Ninh,Phường Yên Phong,Trường Trung học cơ sở Trung Nghĩa,THCS
Thành phố Bắc Ninh,Phường Yên Phong,Trường Trung học cơ sở Yên Phong,THCS
Thành phố Bắc Ninh,Phường Yên Phong,Trường Trung học phổ thông Nguyễn Trãi,THPT
Thành phố Bắc Ninh,Phường Yên Phong,Trường Trung học phổ thông Yên Phong số 1,THPT
Thành phố Bắc Ninh,Phường Đào Viên,Trường Mầm non Ngọc Xá,Mầm non
Thành phố Bắc Ninh,Phường Đào Viên,Trường Mầm non Phù Lương,Mầm non
Thành phố Bắc Ninh,Phường Đào Viên,Trường Tiểu học Ngọc Xá,Tiểu học
Thành phố Bắc Ninh,Phường Đào Viên,Trường Tiểu học Phù Lương,Tiểu học
Thành phố Bắc Ninh,Phường Đào Viên,Trường Tiểu học Đào Viên,Tiểu học
Thành phố Bắc Ninh,Phường Đào Viên,Trường Trung học cơ sở Ngọc Xá,THCS
Thành phố Bắc Ninh,Phường Đào Viên,Trường Trung học cơ sở Phù Lương,THCS
Thành phố Bắc Ninh,Phường Đào Viên,Trường Trung học cơ sở Đào Viên,THCS
Thành phố Bắc Ninh,Phường Đào Viên,Trường Trung học phổ thông Quế Võ số 2,THPT
Thành phố Bắc Ninh,Phường Đào Viên,Trường Trung học phổ thông Trần Hưng Đạo,THPT
Thành phố Bắc Ninh,Phường Đồng Nguyên,Edison Schools Hanaka,
Thành phố Bắc Ninh,Phường Đồng Nguyên,Trường Mầm non Thanh Hiền,Mầm non
Thành phố Bắc Ninh,Phường Đồng Nguyên,Trường Mầm non Đồng Kỵ 2,Mầm non
Thành phố Bắc Ninh,Phường Đồng Nguyên,Trường Mầm non Đồng Nguyên,Mầm non
Thành phố Bắc Ninh,Phường Đồng Nguyên,Trường Mầm non Đồng Quang,Mầm non
Thành phố Bắc Ninh,Phường Đồng Nguyên,Trường THPT Từ Sơn,THPT
Thành phố Bắc Ninh,Phường Đồng Nguyên,Trường Tiểu học Đồng Nguyên,Tiểu học
Thành phố Bắc Ninh,Phường Đồng Nguyên,Trường Tiểu học Đồng Nguyên 1 (cũ),Tiểu học
Thành phố Bắc Ninh,Phường Đồng Nguyên,Trường Tiểu học Đồng Quang,Tiểu học
Thành phố Bắc Ninh,Phường Đồng Nguyên,Trường Trung học cơ sở Từ Sơn,THCS
Thành phố Bắc Ninh,Phường Đồng Nguyên,Trường Trung học cơ sở Đồng Nguyên,THCS
Thành phố Bắc Ninh,Xã An Lạc,Kindergarten An Lac - Trường mầm nôn xã An Lạc,Mầm non
Thành phố Bắc Ninh,Xã Cao Đức,Trường Mầm non Cao Đức,Mầm non
Thành phố Bắc Ninh,Xã Cao Đức,Trường THCS Vạn Ninh,THCS
Thành phố Bắc Ninh,Xã Cao Đức,Trường Tiểu học Cao Đức,Tiểu học
Thành phố Bắc Ninh,Xã Cao Đức,Trường Tiểu học Vạn Ninh,Tiểu học
Thành phố Bắc Ninh,Xã Cao Đức,Trường Trung học cơ sở Cao Đức,THCS
Thành phố Bắc Ninh,Xã Liên Bão,Trường Mầm non Liên Bão,Mầm non
Thành phố Bắc Ninh,Xã Liên Bão,Trường Mầm non Liên Bão 1,Mầm non
Thành phố Bắc Ninh,Xã Liên Bão,Trường THCS Hiên Vân,THCS
Thành phố Bắc Ninh,Xã Liên Bão,Trường Tiểu học Hiên Vân,Tiểu học
Thành phố Bắc Ninh,Xã Liên Bão,Trường Tiểu học Liên Bão,Tiểu học
Thành phố Bắc Ninh,Xã Liên Bão,Trường Tiểu học Việt Đoàn,Tiểu học
Thành phố Bắc Ninh,Xã Liên Bão,Trường Tiểu học Việt Đoàn 2,Tiểu học
Thành phố Bắc Ninh,Xã Liên Bão,Trường Trung học cơ sở Liên Bão,THCS
Thành phố Bắc Ninh,Xã Liên Bão,Trường Trung học cơ sở Tiên Du,THCS
Thành phố Bắc Ninh,Xã Liên Bão,Trường Trung học cơ sở Việt Đoàn,THCS
Thành phố Bắc Ninh,Xã Liên Bão,Trường Trung học phổ thông Tiên Du số 1,THPT
Thành phố Bắc Ninh,Xã Liên Bão,Trường Trung học phổ thông Trần Nhân Tông,THPT
Thành phố Bắc Ninh,Xã Lâm Thao,Trường Mầm non Lâm Thao,Mầm non
Thành phố Bắc Ninh,Xã Lâm Thao,Trường Mầm non Quảng Phú,Mầm non
Thành phố Bắc Ninh,Xã Lâm Thao,Trường THCS Quảng Phú,THCS
Thành phố Bắc Ninh,Xã Lâm Thao,Trường Tiểu học Quảng Phú số 1,Tiểu học
Thành phố Bắc Ninh,Xã Lâm Thao,Trường Tiểu học Quảng Phú số 2,Tiểu học
Thành phố Bắc Ninh,Xã Lâm Thao,Trường Tiểu học và Trung học cơ sở Bình Định,Liên cấp
Thành phố Bắc Ninh,Xã Lâm Thao,Trường Tiểu học và Trung học cơ sở Lâm Thao,Liên cấp
Thành phố Bắc Ninh,Xã Phật Tích,Trường Mầm non Cảnh Hưng,Mầm non
Thành phố Bắc Ninh,Xã Phật Tích,Trường Mầm non Minh Đạo,Mầm non
Thành phố Bắc Ninh,Xã Phật Tích,Trường Mầm non Phật Tích,Mầm non
Thành phố Bắc Ninh,Xã Phật Tích,Trường TiHCS Minh Đạo,
Thành phố Bắc Ninh,Xã Phật Tích,Trường Tiểu học Cảnh Hưng,Tiểu học
Thành phố Bắc Ninh,Xã Phật Tích,Trường Tiểu học Minh Đạo,Tiểu học
Thành phố Bắc Ninh,Xã Phật Tích,Trường Trung học cơ sở Cảnh Hưng,THCS
Thành phố Bắc Ninh,Xã Phật Tích,Trường Trung học cơ sở Phật Tích,THCS
Thành phố Bắc Ninh,Xã Tam Giang,Trường Mầm non Hòa Tiến,Mầm non
Thành phố Bắc Ninh,Xã Tam Giang,Trường Mầm non Tam Giang,Mầm non
Thành phố Bắc Ninh,Xã Tam Giang,Trường THCS Tam Giang,THCS
Thành phố Bắc Ninh,Xã Tam Giang,Trường Tiểu học Hòa Tiến,Tiểu học
Thành phố Bắc Ninh,Xã Tam Giang,Trường Tiểu học Tam Giang,Tiểu học
Thành phố Bắc Ninh,Xã Tam Giang,Trường Trung học cơ sở Hòa Tiến,THCS
Thành phố Bắc Ninh,Xã Tam Đa,Trường Mầm non Tam Đa,Mầm non
Thành phố Bắc Ninh,Xã Tam Đa,Trường Mầm non Tam Đa - Khu Phấn Động,Mầm non
Thành phố Bắc Ninh,Xã Tam Đa,Trường Mầm non Tam Đa - Khu Thọ Đức,Mầm non
Thành phố Bắc Ninh,Xã Tam Đa,Trường Mầm non Thụy Hòa,Mầm non
Thành phố Bắc Ninh,Xã Tam Đa,Trường Tiểu học Tam Đa,Tiểu học
Thành phố Bắc Ninh,Xã Tam Đa,Trường Tiểu học Tam Đa số 2,Tiểu học
Thành phố Bắc Ninh,Xã Tam Đa,Trường Tiểu học Thụy Hòa,Tiểu học
Thành phố Bắc Ninh,Xã Tam Đa,Trường Tiểu học Đông Phong,Tiểu học
Thành phố Bắc Ninh,Xã Tam Đa,Trường Tiểu học Đông Phong số 2,Tiểu học
Thành phố Bắc Ninh,Xã Tam Đa,Trường Trung học cơ sở Tam Đa,THCS
Thành phố Bắc Ninh,Xã Tam Đa,Trường Trung học cơ sở Thụy Hòa,THCS
Thành phố Bắc Ninh,Xã Tam Đa,Trường Trung học cơ sở Đông Phong,THCS
Thành phố Bắc Ninh,Xã Trung Chính,Trường Mầm non Minh Tân,Mầm non
Thành phố Bắc Ninh,Xã Trung Chính,Trường Mầm non Phú Lương,Mầm non
Thành phố Bắc Ninh,Xã Trung Chính,Trường THCS Phú Lương,THCS
Thành phố Bắc Ninh,Xã Trung Chính,Trường THCS Quang Minh,THCS
Thành phố Bắc Ninh,Xã Trung Chính,Trường Tiểu học Phú Lương,Tiểu học
Thành phố Bắc Ninh,Xã Trung Chính,Trường Tiểu học Quang Minh,Tiểu học
Thành phố Bắc Ninh,Xã Trung Chính,Trường Tiểu học và Trung học cơ sở Trung Chính,Liên cấp
Thành phố Bắc Ninh,Xã Trung Kênh,Trường Mầm non An Thịnh,Mầm non
Thành phố Bắc Ninh,Xã Trung Kênh,Trường Mầm non Mỹ Hương,Mầm non
Thành phố Bắc Ninh,Xã Trung Kênh,Trường THCS An Tập,THCS
Thành phố Bắc Ninh,Xã Trung Kênh,Trường THCS Trung Kênh,THCS
Thành phố Bắc Ninh,Xã Trung Kênh,Trường Tiểu học An Thịnh B,Tiểu học
Thành phố Bắc Ninh,Xã Trung Kênh,Trường Tiểu học An Tập,Tiểu học
Thành phố Bắc Ninh,Xã Trung Kênh,Trường Tiểu học Trung Kênh,Tiểu học
Thành phố Bắc Ninh,Xã Trung Kênh,Trường Trung học cơ sở An Thịnh,THCS
Thành phố Bắc Ninh,Xã Trung Kênh,Trường Trung học phổ thông Lương Tài số 2,THPT
Thành phố Bắc Ninh,Xã Tân Chi,Trường Mầm non Lạc Vệ,Mầm non
Thành phố Bắc Ninh,Xã Tân Chi,Trường Mầm non Lạc Vệ - Thôn Nam Viên,Mầm non
Thành phố Bắc Ninh,Xã Tân Chi,Trường Mầm non Lạc Vệ 2,Mầm non
Thành phố Bắc Ninh,Xã Tân Chi,Trường Mầm non Tân Chi,Mầm non
Thành phố Bắc Ninh,Xã Tân Chi,Trường Tiểu học Lạc Vệ 1,Tiểu học
Thành phố Bắc Ninh,Xã Tân Chi,Trường Tiểu học Lạc Vệ 2,Tiểu học
Thành phố Bắc Ninh,Xã Tân Chi,Trường Tiểu học Tân Chi,Tiểu học
Thành phố Bắc Ninh,Xã Tân Chi,Trường Trung học cơ sở Lạc Vệ,THCS
Thành phố Bắc Ninh,Xã Tân Chi,Trường Trung học cơ sở Tân Chi,THCS
Thành phố Bắc Ninh,Xã Vân Sơn,Van Son Junior Secondary School - Trường học cơ sổ xã Vân Son,THCS
Thành phố Bắc Ninh,Xã Vân Sơn,Van Son primary school - Trường Tiểu Học xã Vân Sơn,Tiểu học
Thành phố Bắc Ninh,Xã Văn Môn,Trường Mầm non Văn Môn,Mầm non
Thành phố Bắc Ninh,Xã Văn Môn,Trường Mầm non Yên Phụ,Mầm non
Thành phố Bắc Ninh,Xã Văn Môn,Trường Mầm non Đông Thọ,Mầm non
Thành phố Bắc Ninh,Xã Văn Môn,Trường THCS Đông Thọ,THCS
Thành phố Bắc Ninh,Xã Văn Môn,Trường Tiểu học Văn Môn,Tiểu học
Thành phố Bắc Ninh,Xã Văn Môn,Trường Tiểu học Yên Phụ,Tiểu học
Thành phố Bắc Ninh,Xã Văn Môn,Trường Tiểu học Đông Thọ,Tiểu học
Thành phố Bắc Ninh,Xã Văn Môn,Trường Trung học cơ sở Văn Môn,THCS
Thành phố Bắc Ninh,Xã Văn Môn,Trường Trung học cơ sở Yên Phụ,THCS
Thành phố Bắc Ninh,Xã Xuân Cẩm,Trường Trung học cơ sở Mai Đình,THCS
Thành phố Bắc Ninh,Xã Xuân Cẩm,Trường Trung học phổ thông Hiệp Hoà số 2,THPT
Thành phố Bắc Ninh,Xã Yên Trung,Trường Mầm non Dũng LIệt,Mầm non
Thành phố Bắc Ninh,Xã Yên Trung,Trường Mầm non Dũng Liệt - Phân khu Lạc Trrung,Mầm non
Thành phố Bắc Ninh,Xã Yên Trung,Trường Mầm non Yên Trung,Mầm non
Thành phố Bắc Ninh,Xã Yên Trung,Trường THCS Dũng Liệt,THCS
Thành phố Bắc Ninh,Xã Yên Trung,Trường Tiểu học Dũng Liệt,Tiểu học
Thành phố Bắc Ninh,Xã Yên Trung,Trường Tiểu học Yên Trung số 1,Tiểu học
Thành phố Bắc Ninh,Xã Yên Trung,Trường Tiểu học Yên Trung số 2,Tiểu học
Thành phố Bắc Ninh,Xã Yên Trung,Trường Trung học cơ sở Yên Trung,THCS
Thành phố Bắc Ninh,Xã Yên Trung,Trường Trung học phổ thông Yên Phong số 2,THPT
Thành phố Bắc Ninh,Xã Đông Cứu,Trường Mầm non Giang Sơn,Mầm non
Thành phố Bắc Ninh,Xã Đông Cứu,Trường Mầm non Lãng Ngâm,Mầm non
Thành phố Bắc Ninh,Xã Đông Cứu,Trường Mầm non Đông Cứu,Mầm non
Thành phố Bắc Ninh,Xã Đông Cứu,Trường Tiểu học và Trung học cơ sở Giang Sơn,Liên cấp
Thành phố Bắc Ninh,Xã Đông Cứu,Trường Tiểu học và Trung học cơ sở Lãng Ngâm,Liên cấp
Thành phố Bắc Ninh,Xã Đông Cứu,Trường Tiểu học và Trung học cơ sở Đông Cứu,Liên cấp
Thành phố Bắc Ninh,Xã Đông Cứu,Trường Trung học cơ sở Lê Văn Thịnh,THCS
Thành phố Bắc Ninh,Xã Đại Lai,Trường Mầm non Song Giang,Mầm non
Thành phố Bắc Ninh,Xã Đại Lai,Trường Mầm non Đại Lai,Mầm non
Thành phố Bắc Ninh,Xã Đại Lai,Trường Tiểu học và Trung học cơ sở Song Giang,Liên cấp
Thành phố Bắc Ninh,Xã Đại Lai,Trường Tiểu học và Trung học cơ sở Đại Lai,Liên cấp
Thành phố Bắc Ninh,Xã Đại Đồng,Trường Mầm non Hoàn Sơn,Mầm non
Thành phố Bắc Ninh,Xã Đại Đồng,Trường Mầm non Hoàn Sơn 1,Mầm non
Thành phố Bắc Ninh,Xã Đại Đồng,Trường Mầm non Đại Đồng,Mầm non
Thành phố Bắc Ninh,Xã Đại Đồng,Trường Mầm non Đại Đồng 2,Mầm non
Thành phố Bắc Ninh,Xã Đại Đồng,Trường Tiểu học Hoàn Sơn,Tiểu học
Thành phố Bắc Ninh,Xã Đại Đồng,Trường Tiểu học Tri Phương,Tiểu học
Thành phố Bắc Ninh,Xã Đại Đồng,Trường Tiểu học Đại Đồng,Tiểu học
Thành phố Bắc Ninh,Xã Đại Đồng,Trường Trung học cơ sở Hoàn Sơn,THCS
Thành phố Bắc Ninh,Xã Đại Đồng,Trường Trung học cơ sở Tri Phương,THCS
Thành phố Bắc Ninh,Xã Đại Đồng,Trường Trung học cơ sở Đại Đồng,THCS
Thành phố Bắc Ninh,Xã Đại Đồng,Trường Trung học phổ thông Lê Quý Đôn,THPT
Thành phố Cần Thơ,Phường An Bình,Hoàng Sơn,Mầm non
Thành phố Cần Thơ,Phường An Bình,Mầm non An Bình,Mầm non
Thành phố Cần Thơ,Phường An Bình,Trường Trung học phổ thông Nguyễn Việt Hồng,THPT
Thành phố Cần Thơ,Phường An Bình,Trường Mầm Non Mỹ Phước,Mầm non
Thành phố Cần Thơ,Phường An Bình,Trường Mầm non Hồng Phát,Mầm non
Thành phố Cần Thơ,Phường An Bình,Trường Tiểu Học Đinh Bộ Lĩnh,Tiểu học
Thành phố Cần Thơ,Phường An Bình,Trường Tiểu học An Bình 3,Tiểu học
Thành phố Cần Thơ,Phường An Bình,Trường Tiểu học Mỹ Khánh 1,Tiểu học
Thành phố Cần Thơ,Phường An Bình,Trường Tiểu học Mỹ Khánh I,Tiểu học
Thành phố Cần Thơ,Phường An Bình,Trường Trung học cơ sở An Bình,THCS
Thành phố Cần Thơ,Phường An Bình,Trường Trung học cơ sở Mỹ Khánh,THCS
Thành phố Cần Thơ,Phường An Bình,Trường Trung học cơ sở Trần Ngọc Quế,THCS
Thành phố Cần Thơ,Phường An Bình,Trường tiểu học An Bình 1,Tiểu học
Thành phố Cần Thơ,Phường Bình Thủy,Mầm non Phong Lan,Mầm non
Thành phố Cần Thơ,Phường Bình Thủy,Phong Lan,Mầm non
Thành phố Cần Thơ,Phường Bình Thủy,Tiểu Học An Thới 2,Tiểu học
Thành phố Cần Thơ,Phường Bình Thủy,Tiểu học Bình Thủy,Tiểu học
Thành phố Cần Thơ,Phường Bình Thủy,Trường Mầm non Minh Ngọc,Mầm non
Thành phố Cần Thơ,Phường Bình Thủy,Trường Tiểu học An Thới 1,Tiểu học
Thành phố Cần Thơ,Phường Bình Thủy,Trường Tiểu học An Thới 2,Tiểu học
Thành phố Cần Thơ,Phường Bình Thủy,Trường Trung học Phổ thông Bình Thủy,THPT
Thành phố Cần Thơ,Phường Bình Thủy,Trường Trung học cơ sở An Thới,THCS
Thành phố Cần Thơ,Phường Bình Thủy,Trường Trung học cơ sở Bình Thủy,THCS
Thành phố Cần Thơ,Phường Bình Thủy,Trường Trung học cơ sở Long Hòa 2,THCS
Thành phố Cần Thơ,Phường Bình Thủy,Trường Trung học phổ thông Bùi Hữu Nghĩa,THPT
Thành phố Cần Thơ,Phường Bình Thủy,Trường mầm non Bình Thủy,Mầm non
Thành phố Cần Thơ,Phường Bình Thủy,Tuổi Thơ,Mầm non
Thành phố Cần Thơ,Phường Cái Khế,An Hòa,Mầm non
Thành phố Cần Thơ,Phường Cái Khế,Mai Vàng,Mầm non
Thành phố Cần Thơ,Phường Cái Khế,Mầm non Họa Mi,Mầm non
Thành phố Cần Thơ,Phường Cái Khế,Mầm non Thái Bình Dương,Mầm non
Thành phố Cần Thơ,Phường Cái Khế,Mầm non Tuổi Ngọc,Mầm non
Thành phố Cần Thơ,Phường Cái Khế,Phổ thông Thái Bình Dương,THPT
Thành phố Cần Thơ,Phường Cái Khế,Thới Bình,Mầm non
Thành phố Cần Thơ,Phường Cái Khế,Tiểu học Cái Khế 1,Tiểu học
Thành phố Cần Thơ,Phường Cái Khế,Truờng Trung học cơ sở An Hòa 1,THCS
Thành phố Cần Thơ,Phường Cái Khế,Trường Tiểu Học Phan Bội Châu,Tiểu học
Thành phố Cần Thơ,Phường Cái Khế,Trường Tiểu học Võ Trường Toàn,Tiểu học
Thành phố Cần Thơ,Phường Cái Khế,Trường Trung học cơ sở An Hòa 2,THCS
Thành phố Cần Thơ,Phường Cái Khế,Trường Tương Lai,
Thành phố Cần Thơ,Phường Cái Khế,Trường Văn Hóa Nghệ Thuật Cần Thơ,
Thành phố Cần Thơ,Phường Cái Khế,Trường mầm non 1/6,Mầm non
Thành phố Cần Thơ,Phường Cái Khế,Trường mầm non Mai Vàng,Mầm non
Thành phố Cần Thơ,Phường Cái Khế,Trường tiểu học An Hòa 4,Tiểu học
Thành phố Cần Thơ,Phường Cái Khế,Trường tiểu học cái khế 2,Tiểu học
Thành phố Cần Thơ,Phường Cái Răng,Lê Bình,Mầm non
Thành phố Cần Thơ,Phường Cái Răng,Tiểu học Ba Láng,Tiểu học
Thành phố Cần Thơ,Phường Cái Răng,Truường Mần Non Bé Ngoan,Mầm non
Thành phố Cần Thơ,Phường Cái Răng,Truường Trung học phổ thông Nguyễn Việt Dũng,THPT
Thành phố Cần Thơ,Phường Cái Răng,Trường Mầm Non Thường Thạnh,Mầm non
Thành phố Cần Thơ,Phường Cái Răng,Trường Tiểu Học Trần Hoàng Na,Tiểu học
Thành phố Cần Thơ,Phường Cái Răng,Trường Tiểu học Lê Bình 1,Tiểu học
Thành phố Cần Thơ,Phường Cái Răng,Trường Trung học cơ sở Lê Bình,THCS
Thành phố Cần Thơ,Phường Cái Răng,Trường Trung học cơ sở Thường Thạnh,THCS
Thành phố Cần Thơ,Phường Cái Răng,Trường Trung học phổ thông Hưng Thạnh,THPT
Thành phố Cần Thơ,Phường Cái Răng,Trường Trung học phổ thông Nguyễn Việt Dũng,THPT
Thành phố Cần Thơ,Phường Cái Răng,Trường Trung học phổ thông Việt Hoa ( Viet Hoa Secondary school ),THCS
Thành phố Cần Thơ,Phường Cái Răng,Trường Trung học phổ thông chuyên Lý Tự Trọng,THPT
Thành phố Cần Thơ,Phường Hưng Phú,Ngoi Sao,Mầm non
Thành phố Cần Thơ,Phường Hưng Phú,Ngoi Sao 2,Mầm non
Thành phố Cần Thơ,Phường Hưng Phú,Tiểu học Phú An 2,Tiểu học
Thành phố Cần Thơ,Phường Hưng Phú,Trường Tiểu học Hưng Phú 1,Tiểu học
Thành phố Cần Thơ,Phường Hưng Phú,Trường Trung học cơ sở Hưng Phú,THCS
Thành phố Cần Thơ,Phường Hưng Phú,Trường Trung học phổ thông Trần Đại Nghĩa,THPT
Thành phố Cần Thơ,Phường Long Tuyền,Chích Chòe,Mầm non
Thành phố Cần Thơ,Phường Long Tuyền,Trường Mầm non Hoàng Sơn 3,Mầm non
Thành phố Cần Thơ,Phường Long Tuyền,Trường Tiểu học Long Tuyền 2,Tiểu học
Thành phố Cần Thơ,Phường Long Tuyền,Trường Trung học cơ sở Long Tuyền,THCS
Thành phố Cần Thơ,Phường Long Tuyền,Trường mầm non Long Tuyền,Mầm non
Thành phố Cần Thơ,Phường Mỹ Quới,Trường Tiểu học Phường 3,Tiểu học
Thành phố Cần Thơ,Phường Mỹ Xuyên,Trường Phổ thông Dân tộc Nội trú Mỹ Xuyên,THPT
Thành phố Cần Thơ,Phường Mỹ Xuyên,Trường Tiểu học Mỹ Xuyên,Tiểu học
Thành phố Cần Thơ,Phường Mỹ Xuyên,Trường Tiểu học Mỹ Xuyên 2,Tiểu học
Thành phố Cần Thơ,Phường Mỹ Xuyên,Trường Trung học cơ sở Mỹ Xuyên,THCS
Thành phố Cần Thơ,Phường Mỹ Xuyên,Trường Trung học cơ sở Đại Tâm,THCS
Thành phố Cần Thơ,Phường Mỹ Xuyên,Trường Trung học phổ thông Mỹ Xuyên,THPT
Thành phố Cần Thơ,Phường Mỹ Xuyên,Trường nuôi dạy trẻ khuyết tật Sóc Trăng,
Thành phố Cần Thơ,Phường Mỹ Xuyên,Trường tiểu học Đại Tâm,Tiểu học
Thành phố Cần Thơ,Phường Ngã Bảy,Tiểu học Trần Quốc Toản,Tiểu học
Thành phố Cần Thơ,Phường Ngã Bảy,Trường Tiểu học Hùng Vương,Tiểu học
Thành phố Cần Thơ,Phường Ngã Bảy,Trường Tiểu học Lái Hiếu,Tiểu học
Thành phố Cần Thơ,Phường Ngã Bảy,Trường Tiểu học Nguyễn Huệ,Tiểu học
Thành phố Cần Thơ,Phường Ngã Bảy,Trường Trung học cơ sở Hiệp Thành,THCS
Thành phố Cần Thơ,Phường Ngã Bảy,Trường Trung học cơ sở Nguyễn Khuyến,THCS
Thành phố Cần Thơ,Phường Ngã Bảy,Trường Trung học cơ sở Ngã Bảy,THCS
Thành phố Cần Thơ,Phường Ngã Bảy,Trường Trung học phổ thông Nguyễn Minh Quang,THPT
Thành phố Cần Thơ,Phường Ngã Bảy,Trường Trung học phổ thông chuyên Lê Quý Đôn,THPT
Thành phố Cần Thơ,Phường Ngã Năm,Trường Tiểu học Lê Quý Đôn,Tiểu học
Thành phố Cần Thơ,Phường Ngã Năm,Trường Tiểu học Phường 1,Tiểu học
Thành phố Cần Thơ,Phường Ngã Năm,Trường Trung học cơ sở Phường 1,THCS
Thành phố Cần Thơ,Phường Ngã Năm,Trường Trung học phổ thông Mai Thanh Thé,THPT
Thành phố Cần Thơ,Phường Ninh Kiều,An Nghiệp,Mầm non
Thành phố Cần Thơ,Phường Ninh Kiều,An Phú,Mầm non
Thành phố Cần Thơ,Phường Ninh Kiều,English school,
Thành phố Cần Thơ,Phường Ninh Kiều,Hoa Mai,Mầm non
Thành phố Cần Thơ,Phường Ninh Kiều,Mai Anh,Mầm non
Thành phố Cần Thơ,Phường Ninh Kiều,Măng Non,Mầm non
Thành phố Cần Thơ,Phường Ninh Kiều,MẦM NON HOÀNG ANH,Mầm non
Thành phố Cần Thơ,Phường Ninh Kiều,MẦM NON HOÀNG YẾN,Mầm non
Thành phố Cần Thơ,Phường Ninh Kiều,Mầm non 2 Tháng 9,Mầm non
Thành phố Cần Thơ,Phường Ninh Kiều,Mầm non Thần Đồng 2,Mầm non
Thành phố Cần Thơ,Phường Ninh Kiều,Mầm non Tây Đô,Mầm non
Thành phố Cần Thơ,Phường Ninh Kiều,Mần non tư thục Phan Đình Phùng,Mầm non
Thành phố Cần Thơ,Phường Ninh Kiều,Phượng Hồng,Mầm non
Thành phố Cần Thơ,Phường Ninh Kiều,Sơn Ca,Mầm non
Thành phố Cần Thơ,Phường Ninh Kiều,TTLTDH Trường Minh,
Thành phố Cần Thơ,Phường Ninh Kiều,Thanh Xuân,Mầm non
Thành phố Cần Thơ,Phường Ninh Kiều,Thới Hòa,Mầm non
Thành phố Cần Thơ,Phường Ninh Kiều,Tiểu học An Lạc,Tiểu học
Thành phố Cần Thơ,Phường Ninh Kiều,Truường mẫu giáo Lá Xanh,Mầm non
Thành phố Cần Thơ,Phường Ninh Kiều,Trường Tiểu Học Lê Quý Đôn,Tiểu học
Thành phố Cần Thơ,Phường Ninh Kiều,Trường Tiểu học Ngô Quyền,Tiểu học
Thành phố Cần Thơ,Phường Ninh Kiều,Trường Tiểu học Trần Quốc Toản,Tiểu học
Thành phố Cần Thơ,Phường Ninh Kiều,Trường Trung Học Cơ Sở Chu Văn An,THCS
Thành phố Cần Thơ,Phường Ninh Kiều,Trường Trung học cơ sở Huỳnh Thúc Kháng,THCS
Thành phố Cần Thơ,Phường Ninh Kiều,Trường Trung học cơ sở Trần Hưng Đạo,THCS
Thành phố Cần Thơ,Phường Ninh Kiều,Trường Trung học phổ thông BC Phạm Ngọc Hiển,THPT
Thành phố Cần Thơ,Phường Ninh Kiều,Trường Trung học phổ thông Châu Văn Liêm,THPT
Thành phố Cần Thơ,Phường Ninh Kiều,Trường Trung học phổ thông Thực hành Sư phạm,THPT
Thành phố Cần Thơ,Phường Ninh Kiều,Trường Việt Mỹ,
Thành phố Cần Thơ,Phường Ninh Kiều,Trường mầm non Bông Sen,Mầm non
Thành phố Cần Thơ,Phường Ninh Kiều,Trường mầm non Hoàng Anh,Mầm non
Thành phố Cần Thơ,Phường Ninh Kiều,Trường mầm non Vành Khuyên,Mầm non
Thành phố Cần Thơ,Phường Ninh Kiều,Trường mẫu giáo Lá Xanh,Mầm non
Thành phố Cần Thơ,Phường Ninh Kiều,Trường tiểu học Mạc Đĩnh Chi,Tiểu học
Thành phố Cần Thơ,Phường Ninh Kiều,Trường tiểu học Phan bội châu,Tiểu học
Thành phố Cần Thơ,Phường Ninh Kiều,Tây Đô,Mầm non
Thành phố Cần Thơ,Phường Ninh Kiều,Vinh Sơn,Mầm non
Thành phố Cần Thơ,Phường Ninh Kiều,Xuân Khánh,Mầm non
Thành phố Cần Thơ,Phường Ninh Kiều,tiểu học An Phú,Tiểu học
Thành phố Cần Thơ,Phường Phú Lợi,Trường PTDTNT Hoàng Cương,
Thành phố Cần Thơ,Phường Phú Lợi,Trường Tiểu học & Trung học cơ sở Dục Anh,Liên cấp
Thành phố Cần Thơ,Phường Phú Lợi,Trường Tiểu học & Trung học cơ sở Lý Thường Kiệt,Liên cấp
Thành phố Cần Thơ,Phường Phú Lợi,Trường Tiểu học Mạc Đĩnh Chi,Tiểu học
Thành phố Cần Thơ,Phường Phú Lợi,Trường Tiểu học Nguyễn Thị Minh Khai,Tiểu học
Thành phố Cần Thơ,Phường Phú Lợi,Trường Tiểu học Phú Lợi,Tiểu học
Thành phố Cần Thơ,Phường Phú Lợi,Trường Tiểu học Trương Công Định,Tiểu học
Thành phố Cần Thơ,Phường Phú Lợi,Trường Trung học cơ sở Dương Kỳ Hiệp,THCS
Thành phố Cần Thơ,Phường Phú Lợi,Trường Trung học cơ sở Lê Hồng Phong,THCS
Thành phố Cần Thơ,Phường Phú Lợi,Trường Trung học cơ sở Lê Quý Đôn,THCS
Thành phố Cần Thơ,Phường Phú Lợi,Trường Trung học phổ thông Hoàng Diệu,THPT
Thành phố Cần Thơ,Phường Phú Lợi,Trường Văn hóa Công an nhân dân III,
Thành phố Cần Thơ,Phường Phước Thới,Trường MG Trường Lạc,
Thành phố Cần Thơ,Phường Phước Thới,Trường Mầm Non Phước Thới 2,Mầm non
Thành phố Cần Thơ,Phường Phước Thới,Trường Tiểu học Nguyễn Huệ,Tiểu học
Thành phố Cần Thơ,Phường Phước Thới,Trường Tiểu học Nguyễn Tri Phương,Tiểu học
Thành phố Cần Thơ,Phường Phước Thới,Trường Tiểu học Nguyễn Trung Trực,Tiểu học
Thành phố Cần Thơ,Phường Phước Thới,Trường Tiểu học Nguyễn Việt Hồng,Tiểu học
Thành phố Cần Thơ,Phường Phước Thới,Trường Tiểu học Võ Thị Sáu,Tiểu học
Thành phố Cần Thơ,Phường Phước Thới,Trường Trung học cơ sở Lê Lợi,THCS
Thành phố Cần Thơ,Phường Phước Thới,Trường Trung học cơ sở Ngô Quyền,THCS
Thành phố Cần Thơ,Phường Sóc Trăng,Trường Mầm non Mai Anh,Mầm non
Thành phố Cần Thơ,Phường Sóc Trăng,Trường Mẫu giáo Mai Hoa,Mầm non
Thành phố Cần Thơ,Phường Sóc Trăng,Trường Mẫu giáo Phường 8,Mầm non
Thành phố Cần Thơ,Phường Sóc Trăng,Trường Tiểu học Hùng Vương,Tiểu học
Thành phố Cần Thơ,Phường Sóc Trăng,Trường Tiểu học Kim Đồng,Tiểu học
Thành phố Cần Thơ,Phường Sóc Trăng,Trường Trung học cơ sở Lê Vĩnh Hòa,THCS
Thành phố Cần Thơ,Phường Sóc Trăng,Trường Trung học cơ sở Tôn Đức Thắng,THCS
Thành phố Cần Thơ,Phường Sóc Trăng,Trường Trung học phổ thông Chuyên Nguyễn Thị Minh Khai,THPT
Thành phố Cần Thơ,Phường Sóc Trăng,Trường Trung học phổ thông Lê Lợi,THPT
Thành phố Cần Thơ,Phường Thuận Hưng,Trường Tiểu Học Thuận Hưng 2,Tiểu học
Thành phố Cần Thơ,Phường Thuận Hưng,Trường Tiểu Học Thạnh Hưng 2,Tiểu học
Thành phố Cần Thơ,Phường Thuận Hưng,Trường Tiểu Học Trung Kiên 1,Tiểu học
Thành phố Cần Thơ,Phường Thuận Hưng,Trường Tiểu học Thuận Hưng 3,Tiểu học
Thành phố Cần Thơ,Phường Thuận Hưng,Trường Trung học cơ sở Thuận Hưng 2,THCS
Thành phố Cần Thơ,Phường Thuận Hưng,Trường Trung học cơ sở Trung Kiên,THCS
Thành phố Cần Thơ,Phường Thuận Hưng,Trường Trung học phổ thông Thuận Hưng,THPT
Thành phố Cần Thơ,Phường Thốt Nốt,Mẫu giáo Thuận An,Mầm non
Thành phố Cần Thơ,Phường Thốt Nốt,Phuong Hong,Mầm non
Thành phố Cần Thơ,Phường Thốt Nốt,TRường Mẫu Giáo- Mầm Non Thuận An,Mầm non
Thành phố Cần Thơ,Phường Thốt Nốt,Thao Mai,Mầm non
Thành phố Cần Thơ,Phường Thốt Nốt,Tiểu học Thốt Nốt,Tiểu học
Thành phố Cần Thơ,Phường Thốt Nốt,Trường Mầm Non Long Thạnh 1,Mầm non
Thành phố Cần Thơ,Phường Thốt Nốt,Trường Mầm Non Thốt Nốt,Mầm non
Thành phố Cần Thơ,Phường Thốt Nốt,Trường Mẫu Giáo Ngọc Hạnh,Mầm non
Thành phố Cần Thơ,Phường Thốt Nốt,Trường Tiểu Học Thoi Thuận 2,Tiểu học
Thành phố Cần Thơ,Phường Thốt Nốt,Trường Tiểu Học Vĩnh Trinh 3,Tiểu học
Thành phố Cần Thơ,Phường Thốt Nốt,Trường Tiểu học Thuận An,Tiểu học
Thành phố Cần Thơ,Phường Thốt Nốt,Trường Trung học cơ sở Thốt Nốt,THCS
Thành phố Cần Thơ,Phường Thốt Nốt,Trường Trung học cơ sở thới thuận,THCS
Thành phố Cần Thơ,Phường Thốt Nốt,Trường Trung học cơ sở-Trung học phổ thông Thới Thuận,THCS
Thành phố Cần Thơ,Phường Thốt Nốt,Trường Trung học phổ thông BC Thốt Nốt,THPT
Thành phố Cần Thơ,Phường Thốt Nốt,Trường Trung học phổ thông Thốt Nốt,THPT
Thành phố Cần Thơ,Phường Thốt Nốt,tiểu học thới thuận 1,Tiểu học
Thành phố Cần Thơ,Phường Thới An Đông,THCS Thới An Đông 3,THCS
Thành phố Cần Thơ,Phường Thới An Đông,Tiểu học Thới An Đông,Tiểu học
Thành phố Cần Thơ,Phường Thới An Đông,Trường Tiểu học Thới An Đông,Tiểu học
Thành phố Cần Thơ,Phường Thới An Đông,Trường Tiểu học Thới An Đông 2,Tiểu học
Thành phố Cần Thơ,Phường Thới An Đông,Trường Tiểu học Trà Nóc 4,Tiểu học
Thành phố Cần Thơ,Phường Thới An Đông,Trường Trung học cơ sở Thới An Đông,THCS
Thành phố Cần Thơ,Phường Thới Long,Trường MG Long Hưng,Mầm non
Thành phố Cần Thơ,Phường Thới Long,Trường Mầm Non Thới Long,Mầm non
Thành phố Cần Thơ,Phường Thới Long,Trường Mẫu giáo Long Hưng 2,Mầm non
Thành phố Cần Thơ,Phường Thới Long,Trường Tiểu Học Tân Hưng,Tiểu học
Thành phố Cần Thơ,Phường Thới Long,Trường Tiểu học Nguyễn Hiền,Tiểu học
Thành phố Cần Thơ,Phường Thới Long,Trường Trung học cơ sở Thới Long,THCS
Thành phố Cần Thơ,Phường Thới Long,Trường Trung học cơ sở Tân Hưng,THCS
Thành phố Cần Thơ,Phường Thới Long,Trường Trung học phổ thông Thới Long,THPT
Thành phố Cần Thơ,Phường Trung Nhứt,Trung Nhut Elementary School,
Thành phố Cần Thơ,Phường Trung Nhứt,Trường Mẫu Giáo Thạnh Hòa,Mầm non
Thành phố Cần Thơ,Phường Trung Nhứt,Trường Tiểu Học Thạnh Hòa,Tiểu học
Thành phố Cần Thơ,Phường Trung Nhứt,Trường Tiểu Học Trung An 1,Tiểu học
Thành phố Cần Thơ,Phường Trung Nhứt,Trường Tiểu Học Trung Nhứt 1,Tiểu học
Thành phố Cần Thơ,Phường Trung Nhứt,Trường Tiểu Học Trung Nhứt 2,Tiểu học
Thành phố Cần Thơ,Phường Trung Nhứt,Trường Trung học phổ thông Trung An,THPT
Thành phố Cần Thơ,Phường Tân An,Hệ thống trường tiểu học,Tiểu học
Thành phố Cần Thơ,Phường Tân An,Mẫu giáo Sao Mai,Mầm non
Thành phố Cần Thơ,Phường Tân An,Nhóm trẻ độc lập tư thục Nai Vàng,Mầm non
Thành phố Cần Thơ,Phường Tân An,Thực hành,Mầm non
Thành phố Cần Thơ,Phường Tân An,Tiểu học Nguyễn Khuyến,Tiểu học
Thành phố Cần Thơ,Phường Tân An,Trường TH - Trung học cơ sở - Trung học phổ thông Quốc Văn Cần Thơ,Tiểu học
Thành phố Cần Thơ,Phường Tân An,Trường Mầm Non Trạng Tí,Mầm non
Thành phố Cần Thơ,Phường Tân An,Trường Mầm Non Vuờn Hoa,Mầm non
Thành phố Cần Thơ,Phường Tân An,Trường Mầm non,Mầm non
Thành phố Cần Thơ,Phường Tân An,Trường Mầm non Hoa Cúc,Mầm non
Thành phố Cần Thơ,Phường Tân An,Trường Mầm non Rạng Đông,Mầm non
Thành phố Cần Thơ,Phường Tân An,Trường Mầm non Vàng Anh,Mầm non
Thành phố Cần Thơ,Phường Tân An,Trường Tiểu học Hưng Lợi 2,Tiểu học
Thành phố Cần Thơ,Phường Tân An,Trường Tiểu học Kim Đồng,Tiểu học
Thành phố Cần Thơ,Phường Tân An,Trường Tiểu học Nguyễn Du,Tiểu học
Thành phố Cần Thơ,Phường Tân An,Trường Trung học cơ sở An Khánh,THCS
Thành phố Cần Thơ,Phường Tân An,Trường Trung học phổ thông An Khánh,THPT
Thành phố Cần Thơ,Phường Tân An,Trường tiểu học Lê Quý Đôn,Tiểu học
Thành phố Cần Thơ,Phường Tân An,Trường trung học cơ sở Lương Thế Vinh,THCS
Thành phố Cần Thơ,Phường Tân An,trường mầm non Mặt trời nhỏ,Mầm non
Thành phố Cần Thơ,Phường Tân An,trường mẫu giáo Sao Mai,Mầm non
Thành phố Cần Thơ,Phường Tân Lộc,Trường Tiểu Học Tân Lộc 2,Tiểu học
Thành phố Cần Thơ,Phường Tân Lộc,Trường Tiểu Học Tân Lộc 3,Tiểu học
Thành phố Cần Thơ,Phường Tân Lộc,Trường Tiểu Học Tân Lộc 4,Tiểu học
Thành phố Cần Thơ,Phường Tân Lộc,Trường Trung học cơ sở - Trung học phổ thông Tân Lộc,THCS
Thành phố Cần Thơ,Phường Tân Lộc,Trường Trung học cơ sở Tân Lộc Điểm B,THCS
Thành phố Cần Thơ,Phường Vĩnh Châu,Trường Tiểu học 3 Phường 1,Tiểu học
Thành phố Cần Thơ,Phường Vĩnh Châu,Trường Tiểu học Lạc Hòa 1,Tiểu học
Thành phố Cần Thơ,Phường Vĩnh Châu,Trường Trung học cơ sở Châu Văn Đơ,THCS
Thành phố Cần Thơ,Phường Vĩnh Châu,Trường Trung học cơ sở Dân lập Bồi Thanh,THCS
Thành phố Cần Thơ,Phường Vĩnh Châu,Trường Trung học cơ sở Lạc Hòa,THCS
Thành phố Cần Thơ,Phường Vĩnh Châu,Trường Trung học cơ sở Phường 2,THCS
Thành phố Cần Thơ,Phường Vĩnh Châu,Trường Trung học phổ thông Nguyễn Khuyến,THPT
Thành phố Cần Thơ,Phường Vĩnh Phước,Trường Tiểu học Vĩnh Phước 2,Tiểu học
Thành phố Cần Thơ,Phường Vĩnh Phước,Trường Trung học cơ sở & Trung học phổ thông Dân tộc Nội trú Vĩnh Châu,THCS
Thành phố Cần Thơ,Phường Vĩnh Phước,Trường Trung học cơ sở Vĩnh Phước 1,THCS
Thành phố Cần Thơ,Phường Vĩnh Phước,Trường Trung học cơ sở Vĩnh Phước 2,THCS
Thành phố Cần Thơ,Phường Vị Thanh,Trường Tiểu học Kim Đồng,Tiểu học
Thành phố Cần Thơ,Phường Vị Thanh,Trường Trung học cơ sở Lê Quý Đôn,THCS
Thành phố Cần Thơ,Phường Vị Thanh,Trường Trung học phổ thông Vị Thanh,THPT
Thành phố Cần Thơ,Phường Vị Thanh,Trường Trung học phổ thông chuyên Vị Thanh,THPT
Thành phố Cần Thơ,Phường Vị Tân,Trường Mầm non Thực Hành,Mầm non
Thành phố Cần Thơ,Phường Ô Môn,Trường Mầm Non Sen Hồng,Mầm non
Thành phố Cần Thơ,Phường Ô Môn,Trường PT Dân Tộc Nội Trú,
Thành phố Cần Thơ,Phường Ô Môn,Trường Tiểu học Cao Bá Quát,Tiểu học
Thành phố Cần Thơ,Phường Ô Môn,Trường Tiểu học Nguyễn Du,Tiểu học
Thành phố Cần Thơ,Phường Ô Môn,Trường Tiểu học Trưng Vương,Tiểu học
Thành phố Cần Thơ,Phường Ô Môn,Trường Trung học cơ sở Châu Văn Liêm,THCS
Thành phố Cần Thơ,Phường Ô Môn,Trường Trung học cơ sở Nguyễn Trãi,THCS
Thành phố Cần Thơ,Phường Ô Môn,Trường Trung học cơ sở Thới Thạnh,THCS
Thành phố Cần Thơ,Phường Ô Môn,Trường Trung học phổ thông Lưu Hữu Phước,THPT
Thành phố Cần Thơ,Phường Ô Môn,Trường Trung học phổ thông Lương Đình Của,THPT
Thành phố Cần Thơ,Phường Ô Môn,Trường mầm non Sao Mai,Mầm non
Thành phố Cần Thơ,Phường Đại Thành,Trường Trung học cơ sở Hiệp Lợi,THCS
Thành phố Cần Thơ,Xã  Đại Hải,Trường Trung học phổ thông Phan Văn Hùng,THPT
Thành phố Cần Thơ,Xã Cờ Đỏ,Truường Tiểu Học Thị trấn Cờ Đỏ 1,Tiểu học
Thành phố Cần Thơ,Xã Cờ Đỏ,Truường Tiểu Học Thị trấn Cờ Đỏ 2,Tiểu học
Thành phố Cần Thơ,Xã Cờ Đỏ,Truường Trung học cơ sở Thị trấn Cờ Đỏ,THCS
Thành phố Cần Thơ,Xã Cờ Đỏ,Truường Trung học phổ thông Hà Huy Giáp,THPT
Thành phố Cần Thơ,Xã Cờ Đỏ,Trường mầm non Thới Xuân,Mầm non
Thành phố Cần Thơ,Xã Cờ Đỏ,Trường mầm non Thới Đông,Mầm non
Thành phố Cần Thơ,Xã Hiệp Hưng,Trường Mầm non Hiệp Hưng,Mầm non
Thành phố Cần Thơ,Xã Hiệp Hưng,Trường Tiểu học Cây Dương 1,Tiểu học
Thành phố Cần Thơ,Xã Hiệp Hưng,Trường Tiểu học Hiệp Hưng 3,Tiểu học
Thành phố Cần Thơ,Xã Hiệp Hưng,Trường Trung học cơ sở Hiệp Hưng,THCS
Thành phố Cần Thơ,Xã Hiệp Hưng,Trường Trung học phổ thông Cây Dương,THPT
Thành phố Cần Thơ,Xã Hòa Tú,Trường Tiểu học Hòa Tú 1B,Tiểu học
Thành phố Cần Thơ,Xã Liêu Tú,Trường Tiểu học Liêu Tú D,Tiểu học
Thành phố Cần Thơ,Xã Liêu Tú,Trường Trung học cơ sở Liêu Tú,THCS
Thành phố Cần Thơ,Xã Lịch Hội Thượng,Trường Tiểu học Lịch Hội Thượng A,Tiểu học
Thành phố Cần Thơ,Xã Lịch Hội Thượng,Trường Tiểu học Lịch Hội Thượng B,Tiểu học
Thành phố Cần Thơ,Xã Lịch Hội Thượng,Trường Tiểu học Lịch Hội Thượng C,Tiểu học
Thành phố Cần Thơ,Xã Lịch Hội Thượng,Trường Trung học cơ sở xã Lịch Hội Thượng,THCS
Thành phố Cần Thơ,Xã Lịch Hội Thượng,Trường Trung học phổ thông Lịch Hội Thượng,THPT
Thành phố Cần Thơ,Xã Ngọc Tố,Trường Mẫu giáo Ngọc Tố,Mầm non
Thành phố Cần Thơ,Xã Ngọc Tố,Trường Tiểu học Ngọc Tố 2,Tiểu học
Thành phố Cần Thơ,Xã Ngọc Tố,Trường Tiểu học Ngọc Đông 1,Tiểu học
Thành phố Cần Thơ,Xã Ngọc Tố,Trường Tiểu học Tham Đôn 1,Tiểu học
Thành phố Cần Thơ,Xã Ngọc Tố,Trường Trung học cơ sở Ngọc Tố,THCS
Thành phố Cần Thơ,Xã Ngọc Tố,Trường Trung học cơ sở Ngọc Đông,THCS
Thành phố Cần Thơ,Xã Ngọc Tố,Trường Trung học cơ sở Tham Đôn,THCS
Thành phố Cần Thơ,Xã Ngọc Tố,Trường Trung học phổ thông Ngọc Tố,THPT
Thành phố Cần Thơ,Xã Nhơn Ái,Trường Trung học cơ sở xã Nhơn Ái,THCS
Thành phố Cần Thơ,Xã Phong Điền,Trường Mầm non Tân Xuân,Mầm non
Thành phố Cần Thơ,Xã Phong Điền,Trường Tiểu học GIAI XUÂN 1,Tiểu học
Thành phố Cần Thơ,Xã Phong Điền,Trường Tiểu học Giai Xuân,Tiểu học
Thành phố Cần Thơ,Xã Phong Điền,Trường Trung học Phổ thông Giai Xuân,THPT
Thành phố Cần Thơ,Xã Phong Điền,Trường Trung học cơ sở Giai Xuân,THCS
Thành phố Cần Thơ,Xã Phong Điền,Trường Trung học cơ sở Thị Trấn Phong Điền,THCS
Thành phố Cần Thơ,Xã Phong Điền,Trường Trung học phổ thông Phan Văn Trị,THPT
Thành phố Cần Thơ,Xã Phú Lộc,Trường Trung học phổ thông Hưng Lợi,THPT
Thành phố Cần Thơ,Xã Phú Lộc,Trường tiểu học Phú Lộc,Tiểu học
Thành phố Cần Thơ,Xã Phú Lộc,tiểu học châu Hưng,Tiểu học
Thành phố Cần Thơ,Xã Phú Lộc,trường mầm non tt.Hung Loi,Mầm non
Thành phố Cần Thơ,Xã Thạnh An,Trường Tiểu học Thạnh Lợi,Tiểu học
Thành phố Cần Thơ,Xã Thạnh An,Trường Trung học Cơ sở Thạnh Lợi,THCS
Thành phố Cần Thơ,Xã Thạnh An,Trường Trung học phổ thông Thạnh An,THPT
Thành phố Cần Thơ,Xã Thạnh Hòa,Tiểu học Long Thạnh 1,Tiểu học
Thành phố Cần Thơ,Xã Thạnh Hòa,Trường Trung học cơ sở Long Thạnh,THCS
Thành phố Cần Thơ,Xã Thạnh Hòa,Trường Trung học cơ sở Long Thạnh khu B,THCS
Thành phố Cần Thơ,Xã Thạnh Hòa,Trường Trung học cơ sở Tân Long,THCS
Thành phố Cần Thơ,Xã Thạnh Hòa,Trường Trung học phổ thông Tân Long,THPT
Thành phố Cần Thơ,Xã Thạnh Phú,Truường Tiểu Học Thạnh Phú 1,Tiểu học
Thành phố Cần Thơ,Xã Thạnh Phú,Trường mầm non Thạnh Phú,Mầm non
Thành phố Cần Thơ,Xã Thạnh Thới An,Trường Tiểu học Thạnh Thới Thuận 2,Tiểu học
Thành phố Cần Thơ,Xã Thạnh Thới An,Trường Trung học cơ sở Thạnh Thới Thuận,THCS
Thành phố Cần Thơ,Xã Thạnh Xuân,Tiểu học Tân Phú Thạnh 2,Tiểu học
Thành phố Cần Thơ,Xã Thới Hưng,Trường Mẫu giáo Thới Hưng,Mầm non
Thành phố Cần Thơ,Xã Thới Hưng,Trường THCS và THPT Trần Ngọc Hoằng,THCS
Thành phố Cần Thơ,Xã Thới Hưng,Trường Tiểu học Thới Hưng,Tiểu học
Thành phố Cần Thơ,Xã Thới Hưng,Trường Trung học cơ sở Trần Ngọc Hoằng,THCS
Thành phố Cần Thơ,Xã Thới Lai,Khu II Trường Trung học phổ thông Thới Lai,THPT
Thành phố Cần Thơ,Xã Thới Lai,Truường Trung học phổ thông Thới Lai,THPT
Thành phố Cần Thơ,Xã Thới Lai,Trường Trung học cơ sở Thị trấn Thới Lai,THCS
Thành phố Cần Thơ,Xã Thới Lai,Trường tiểu học Thới Tân,Tiểu học
Thành phố Cần Thơ,Xã Thới Lai,Trường tiểu học thị trấn Thới Lai,Tiểu học
Thành phố Cần Thơ,Xã Trung Hưng,Truường tiểu học Trung Hưng 3,Tiểu học
Thành phố Cần Thơ,Xã Trung Hưng,Trường Tiểu Học Trung Hưng 1,Tiểu học
Thành phố Cần Thơ,Xã Trung Hưng,Trường Tiểu Học Trung Thạnh 2,Tiểu học
Thành phố Cần Thơ,Xã Trung Hưng,Trường Tiểu học Trung Hưng 2,Tiểu học
Thành phố Cần Thơ,Xã Trung Hưng,Trường Trung học cơ sở Trung Thạnh,THCS
Thành phố Cần Thơ,Xã Trường Thành,Trường Tiểu Học Định Môn 2,Tiểu học
Thành phố Cần Thơ,Xã Trường Thành,Trường Tiểu học Trường Thành 1,Tiểu học
Thành phố Cần Thơ,Xã Trường Thành,Trường Trung học cơ sở Trường Thành 2,THCS
Thành phố Cần Thơ,Xã Trường Thành,Trường Trung học cơ sở Định Môn,THCS
Thành phố Cần Thơ,Xã Trường Thành,Trường tiểu học Trường Thành,Tiểu học
Thành phố Cần Thơ,Xã Trường Thành,Trường tiểu học Tân Thạnh,Tiểu học
Thành phố Cần Thơ,Xã Trường Thành,Trường tiểu học Định Môn 1,Tiểu học
Thành phố Cần Thơ,Xã Trường Xuân,Trường Trung học cơ sở Trường Xuân,THCS
Thành phố Cần Thơ,Xã Trường Xuân,Trường mầm non Trường Xuân A,Mầm non
Thành phố Cần Thơ,Xã Trường Xuân,Trường mầm non Trường Xuân B,Mầm non
Thành phố Cần Thơ,Xã Trường Xuân,Trường tiểu học Thới Thạnh,Tiểu học
Thành phố Cần Thơ,Xã Trần Đề,Trường Mầm Non Ngan Rô,Mầm non
Thành phố Cần Thơ,Xã Trần Đề,Trường Tiểu học Thị trấn Trần Đề A,Tiểu học
Thành phố Cần Thơ,Xã Trần Đề,Trường Tiểu học Trung Bình A,Tiểu học
Thành phố Cần Thơ,Xã Trần Đề,Trường Tiểu học Trung Bình C,Tiểu học
Thành phố Cần Thơ,Xã Trần Đề,Trường Tiểu học Đại Ân 2A,Tiểu học
Thành phố Cần Thơ,Xã Trần Đề,Trường Tiểu học Đại Ân 2B,Tiểu học
Thành phố Cần Thơ,Xã Trần Đề,Trường Trung học cơ sở & Trung học phổ thông Trần Đề,THCS
Thành phố Cần Thơ,Xã Trần Đề,Trường Trung học cơ sở Trần Đề,THCS
Thành phố Cần Thơ,Xã Trần Đề,Trường Trung học cơ sở Tú Điềm,THCS
Thành phố Cần Thơ,Xã Trần Đề,Trường Trung học cơ sở Đại Ân 2,THCS
Thành phố Cần Thơ,Xã Tân Hòa,Trường Trung học phổ thông Châu Thành A,THPT
Thành phố Cần Thơ,Xã Tân Thạnh,Trường Trung học cơ sở & Trung học phổ thông Tân Thạnh,THCS
Thành phố Cần Thơ,Xã Vĩnh Hải,Trường Mầm non Vĩnh Hải,Mầm non
Thành phố Cần Thơ,Xã Vĩnh Hải,Trường Trung học cơ sở Vĩnh Châu,THCS
Thành phố Cần Thơ,Xã Vĩnh Trinh,Trường Tiểu học Vĩnh Trinh 3,Tiểu học
Thành phố Cần Thơ,Xã Vĩnh Viễn,Trường THCS Trương Tấn Lập,THCS
Thành phố Cần Thơ,Xã Vĩnh Viễn,Trường Trung học Phổ thông Tây Đô,THPT
Thành phố Cần Thơ,Xã Đông Hiệp,Truường Trung học cơ sở Đông Hiệp,THCS
Thành phố Cần Thơ,Xã Đông Hiệp,Trường Tiểu học Đông Thắng,Tiểu học
Thành phố Cần Thơ,Xã Đông Hiệp,trường tiểu học xã Xuân Thắng,Tiểu học
Thành phố Cần Thơ,Xã Đông Phước,Trường Mẫu Giáo Họa Mi,Mầm non
Thành phố Cần Thơ,Xã Đông Phước,Trường Trung học cơ sở TT Cái Tắc,THCS
Thành phố Cần Thơ,Xã Đông Thuận,Trường mầm non Tuổi Thơ,Mầm non
Thành phố Cần Thơ,Xã Đông Thuận,Trường mầm non Đông Bình,Mầm non
Thành phố Cần Thơ,Xã Đông Thuận,Trường tiểu học Đông Thuận,Tiểu học
Thành phố Huế,Phường Hương Thủy,Trường Trung học phổ thông Phú Bài,THPT
Thành phố Huế,Phường Kim Long,Trường Tiểu học số 2 Kim Long,Tiểu học
Thành phố Huế,Phường Kim Long,Trường Trung học cơ sở Nguyễn Hoàng,THCS
Thành phố Huế,Phường Phong Phú,Trường Trung học cơ sở Phú Thạnh,THCS
Thành phố Huế,Phường Phong Điền,Trường Tiểu học Phong Xuân,Tiểu học
Thành phố Huế,Phường Phong Điền,Trường Trung học cơ sở Phong Xuân,THCS
Thành phố Huế,Phường Phú Bài,Trường Tiểu học số 1 Phú Bài,Tiểu học
Thành phố Huế,Phường Phú Bài,Trường Tiểu học số 2 Phú Bài,Tiểu học
Thành phố Huế,Phường Phú Bài,Trường Trung học cơ sở Phú Bài,THCS
Thành phố Huế,Phường Phú Xuân,Trường Tiểu học Phú Hòa,Tiểu học
Thành phố Huế,Phường Phú Xuân,Trường Tiểu học Thuận Hoà,Tiểu học
Thành phố Huế,Phường Phú Xuân,Trường Tiểu học Thuận Thành,Tiểu học
Thành phố Huế,Phường Phú Xuân,Trường Tiểu học Trần Quốc Toản,Tiểu học
Thành phố Huế,Phường Phú Xuân,Trường Trung học cơ sở Thống Nhất,THCS
Thành phố Huế,Phường Phú Xuân,Trường Trung học cơ sở Trần Cao Vân,THCS
Thành phố Huế,Phường Phú Xuân,Trường Trung học phổ thông Bùi Thị Xuân,THPT
Thành phố Huế,Phường Phú Xuân,Trường Trung học phổ thông Nguyễn Huệ,THPT
Thành phố Huế,Phường Phú Xuân,Trường Trung học phổ thông Đặng Trần Côn,THPT
Thành phố Huế,Phường Thanh Thủy,Trường Tiểu học Thủy Dương,Tiểu học
Thành phố Huế,Phường Thanh Thủy,Trường Trung học cơ sở Thủy Dương,THCS
Thành phố Huế,Phường Thuận Hóa,Nguyễn Trường Tộ,
Thành phố Huế,Phường Thuận Hóa,Trường Chính trị Nguyễn Chí Thanh,
Thành phố Huế,Phường Thuận Hóa,Trường Tiểu học Trường An,Tiểu học
Thành phố Huế,Phường Thuận Hóa,Trường Trung học cơ sở Hùng Vương,THCS
Thành phố Huế,Phường Thuận Hóa,Trường Trung học cơ sở Ng Chí Diểu,THCS
Thành phố Huế,Phường Thuận Hóa,Trường Trung học phổ thông Cao Thắng,THPT
Thành phố Huế,Phường Thuận Hóa,Trường Trung học phổ thông Hai Bà Trưng,THPT
Thành phố Huế,Phường Thuận Hóa,Trường Trung học phổ thông chuyên Quốc Học Huế,THPT
Thành phố Huế,Phường Vỹ Dạ,Trường Tiểu học Thủy Vân,Tiểu học
Thành phố Huế,Phường Vỹ Dạ,Trường Tiểu học Xuân Phú,Tiểu học
Thành phố Huế,Phường Vỹ Dạ,Trường Trung học cơ sở & Trung học phổ thông Huế Star,THCS
Thành phố Huế,Phường Vỹ Dạ,Trường Trung học cơ sở Chu Văn An,THCS
Thành phố Huế,Phường Vỹ Dạ,Trường Trung học cơ sở Nguyễn Tri Phương,THCS
Thành phố Huế,Phường Vỹ Dạ,Trường Trung học phổ thông Trần Hưng Đạo,THPT
Thành phố Huế,Xã A Lưới 4,Trường Mầm non Đông Sơn,Mầm non
Thành phố Huế,Xã A Lưới 4,Trường Tiểu học Đông Sơn,Tiểu học
Thành phố Huế,Xã Chân Mây - Lăng Cô,Loc Hai School,
Thành phố Huế,Xã Chân Mây - Lăng Cô,Trường Tiểu học Lăng Cô,Tiểu học
Thành phố Huế,Xã Lộc An,Trường Trung học cơ sở Lộc an,THCS
Thành phố Huế,Xã Lộc An,Trường Trung học cơ sở Lộc Điền,THCS
Thành phố Huế,Xã Phú Lộc,Trường Trung học cơ sở Lộc Trì,THCS
Thành phố Huế,Xã Phú Lộc,Trường Trung học cơ sở thị trấn Phú Lộc,THCS
Thành phố Huế,Xã Phú Lộc,Trường Trung học phổ thông Phú Lộc,THPT
Thành phố Huế,Xã Phú Lộc,Trường tiểu Học Số 1 lộc Trì,Tiểu học
Thành phố Huế,Xã Phú Vang,Trường Trung học phổ thông Nguyễn Sinh Cung,THPT
Thành phố Hà Nội,Phường Ba Đình,Mầm non Hoa Đào,Mầm non
Thành phố Hà Nội,Phường Ba Đình,Mầm non cây nấm nhỏ,Mầm non
Thành phố Hà Nội,Phường Ba Đình,Trường Mầm non 59,Mầm non
Thành phố Hà Nội,Phường Ba Đình,Trường Mầm non A,Mầm non
Thành phố Hà Nội,Phường Ba Đình,Trường Mầm non Hoa Mai,Mầm non
Thành phố Hà Nội,Phường Ba Đình,Trường Mầm non Hoa Đào,Mầm non
Thành phố Hà Nội,Phường Ba Đình,Trường Mẫu giáo Hoa Hồng,Mầm non
Thành phố Hà Nội,Phường Ba Đình,Trường Mẫu giáo số 10,Mầm non
Thành phố Hà Nội,Phường Ba Đình,Trường Mẫu giáo số 2,Mầm non
Thành phố Hà Nội,Phường Ba Đình,Trường Mẫu giáo số 3,Mầm non
Thành phố Hà Nội,Phường Ba Đình,Trường Tiểu học Nguyễn Tri Phương,Tiểu học
Thành phố Hà Nội,Phường Ba Đình,Trường Tiểu học Nguyễn Trung Trực,Tiểu học
Thành phố Hà Nội,Phường Ba Đình,Trường Tiểu học Ngọc Hà,Tiểu học
Thành phố Hà Nội,Phường Ba Đình,Trường Tiểu học Phan Chu Trinh,Tiểu học
Thành phố Hà Nội,Phường Ba Đình,Trường Tiểu học Việt Nam - Cuba,Tiểu học
Thành phố Hà Nội,Phường Ba Đình,Trường Trung học cơ sở Ba Đình,THCS
Thành phố Hà Nội,Phường Ba Đình,Trường Trung học cơ sở Ba Đình (phân hiệu 1),THCS
Thành phố Hà Nội,Phường Ba Đình,Trường Trung học cơ sở Ba Đình (phân hiệu 2),THCS
Thành phố Hà Nội,Phường Ba Đình,Trường Trung học phổ thông Phan Đình Phùng,THPT
Thành phố Hà Nội,Phường Ba Đình,Trường Trung học phổ thông Đinh Tiên Hoàng,THPT
Thành phố Hà Nội,Phường Bạch Mai,Trường Mầm non 8-3,Mầm non
Thành phố Hà Nội,Phường Bạch Mai,Trường Mầm non Bách Khoa,Mầm non
Thành phố Hà Nội,Phường Bạch Mai,Trường Mầm non Hoa Hồng,Mầm non
Thành phố Hà Nội,Phường Bạch Mai,Trường Mầm non Kinder Green,Mầm non
Thành phố Hà Nội,Phường Bạch Mai,Trường Mầm non Minh Khai,Mầm non
Thành phố Hà Nội,Phường Bạch Mai,Trường Mầm non Quỳnh Lôi,Mầm non
Thành phố Hà Nội,Phường Bạch Mai,Trường Mầm non Quỳnh Mai,Mầm non
Thành phố Hà Nội,Phường Bạch Mai,Trường Mầm non Tuổi Hoa,Mầm non
Thành phố Hà Nội,Phường Bạch Mai,Trường Mầm non Đồng Tâm,Mầm non
Thành phố Hà Nội,Phường Bạch Mai,Trường Mẫu giáo Bách Khoa,Mầm non
Thành phố Hà Nội,Phường Bạch Mai,Trường Mẫu giáo Bạch Mai,Mầm non
Thành phố Hà Nội,Phường Bạch Mai,Trường Tiểu học Bạch Mai,Tiểu học
Thành phố Hà Nội,Phường Bạch Mai,Trường Tiểu học Lê Văn Tám,Tiểu học
Thành phố Hà Nội,Phường Bạch Mai,Trường Tiểu học Minh Khai,Tiểu học
Thành phố Hà Nội,Phường Bạch Mai,Trường Tiểu học Ngô Quyền,Tiểu học
Thành phố Hà Nội,Phường Bạch Mai,Trường Tiểu học Quỳnh Mai,Tiểu học
Thành phố Hà Nội,Phường Bạch Mai,Trường Tiểu học Tô Hoàng,Tiểu học
Thành phố Hà Nội,Phường Bạch Mai,Trường Tiểu học Đồng Tâm,Tiểu học
Thành phố Hà Nội,Phường Bạch Mai,Trường Trung học cơ sở & Trung học phổ thông Tạ Quang Bửu,THCS
Thành phố Hà Nội,Phường Bạch Mai,Trường Trung học cơ sở Hà Huy Tập,THCS
Thành phố Hà Nội,Phường Bạch Mai,Trường Trung học cơ sở Minh Khai,THCS
Thành phố Hà Nội,Phường Bạch Mai,Trường Trung học cơ sở Nguyễn Phong Sắc,THCS
Thành phố Hà Nội,Phường Bạch Mai,Trường Trung học cơ sở Ngô Gia Tự,THCS
Thành phố Hà Nội,Phường Bạch Mai,Trường Trung học cơ sở Ngô Quyền,THCS
Thành phố Hà Nội,Phường Bạch Mai,Trường Trung học cơ sở Quỳnh Mai,THCS
Thành phố Hà Nội,Phường Bạch Mai,Trường Trung học cơ sở Tô Hoàng,THCS
Thành phố Hà Nội,Phường Bạch Mai,Trường Trung học phổ thông Thăng Long,THPT
Thành phố Hà Nội,Phường Bạch Mai,Trường Trung học phổ thông Đoàn Kết - Hai Bà Trưng,THPT
Thành phố Hà Nội,Phường Bồ Đề,Mind X Technology School,
Thành phố Hà Nội,Phường Bồ Đề,Trường Liên cấp Times Schools Khai Sơn,Liên cấp
Thành phố Hà Nội,Phường Bồ Đề,Trường Mầm non Bồ Đề,Mầm non
Thành phố Hà Nội,Phường Bồ Đề,Trường Mầm non Gia Quất,Mầm non
Thành phố Hà Nội,Phường Bồ Đề,Trường Mầm non Hoa Mộc Lan,Mầm non
Thành phố Hà Nội,Phường Bồ Đề,Trường Mầm non Hồng Tiến,Mầm non
Thành phố Hà Nội,Phường Bồ Đề,Trường Mầm non Nguyệt Quế,Mầm non
Thành phố Hà Nội,Phường Bồ Đề,Trường Mầm non Ngọc Thuỵ,Mầm non
Thành phố Hà Nội,Phường Bồ Đề,Trường Mầm non Thượng Thanh,Mầm non
Thành phố Hà Nội,Phường Bồ Đề,Trường Tiểu học Bồ Đề,Tiểu học
Thành phố Hà Nội,Phường Bồ Đề,Trường Tiểu học Gia Quất,Tiểu học
Thành phố Hà Nội,Phường Bồ Đề,Trường Tiểu học Gia Thượng,Tiểu học
Thành phố Hà Nội,Phường Bồ Đề,Trường Tiểu học Gia Thụy,Tiểu học
Thành phố Hà Nội,Phường Bồ Đề,Trường Tiểu học Lý Thường Kiệt,Tiểu học
Thành phố Hà Nội,Phường Bồ Đề,Trường Tiểu học Ngọc Lâm,Tiểu học
Thành phố Hà Nội,Phường Bồ Đề,Trường Tiểu học Ngọc Thuỵ,Tiểu học
Thành phố Hà Nội,Phường Bồ Đề,Trường Tiểu học Ái Mộ A,Tiểu học
Thành phố Hà Nội,Phường Bồ Đề,Trường Tiểu học Ái Mộ B,Tiểu học
Thành phố Hà Nội,Phường Bồ Đề,Trường Trung học Times School Khai Sơn,
Thành phố Hà Nội,Phường Bồ Đề,Trường Trung học cơ sở Bồ đề,THCS
Thành phố Hà Nội,Phường Bồ Đề,Trường Trung học cơ sở Gia Quất,THCS
Thành phố Hà Nội,Phường Bồ Đề,Trường Trung học cơ sở Gia Thụy,THCS
Thành phố Hà Nội,Phường Bồ Đề,Trường Trung học cơ sở Lý Thường Kiệt,THCS
Thành phố Hà Nội,Phường Bồ Đề,Trường Trung học cơ sở Ngọc Lâm,THCS
Thành phố Hà Nội,Phường Bồ Đề,Trường Trung học cơ sở Ngọc Thuỵ,THCS
Thành phố Hà Nội,Phường Bồ Đề,Trường Trung học cơ sở Ái Mộ,THCS
Thành phố Hà Nội,Phường Bồ Đề,Trường Trung học phổ thông Nguyễn Gia Thiều,THPT
Thành phố Hà Nội,Phường Bồ Đề,Trường Trung học phổ thông Vạn Xuân - Long Biên,THPT
Thành phố Hà Nội,Phường Bồ Đề,Trường mầm non Gia Thụy,Mầm non
Thành phố Hà Nội,Phường Bồ Đề,Trường quốc tế Pháp Alexandre Yersin,
Thành phố Hà Nội,Phường Bồ Đề,Viet Duc Preschool,Mầm non
Thành phố Hà Nội,Phường Bồ Đề,Wellspring Hanoi International School,
Thành phố Hà Nội,Phường Bồ Đề,Z Kids Preschool,Mầm non
Thành phố Hà Nội,Phường Bồ Đề,sân trường mầm non Sơn ca,Mầm non
Thành phố Hà Nội,Phường Chương Mỹ,Trường Mầm non Huyện - Chương Mỹ,Mầm non
Thành phố Hà Nội,Phường Chương Mỹ,Trường Mầm non Khu công nghiệp Phú Nghĩa,Mầm non
Thành phố Hà Nội,Phường Chương Mỹ,Trường Mầm non Ngọc Hoà,Mầm non
Thành phố Hà Nội,Phường Chương Mỹ,Trường Mầm non Phụng Châu,Mầm non
Thành phố Hà Nội,Phường Chương Mỹ,Trường Mầm non Thuỵ Hương,Mầm non
Thành phố Hà Nội,Phường Chương Mỹ,Trường Mầm non Thị trấn Chúc Sơn A,Mầm non
Thành phố Hà Nội,Phường Chương Mỹ,Trường Mầm non Thị trấn Chúc Sơn B,Mầm non
Thành phố Hà Nội,Phường Chương Mỹ,Trường Mầm non Tiên Phương,Mầm non
Thành phố Hà Nội,Phường Chương Mỹ,Trường Mầm non Đại Yên,Mầm non
Thành phố Hà Nội,Phường Chương Mỹ,Trường Mầm non Đại Yên (khu C),Mầm non
Thành phố Hà Nội,Phường Chương Mỹ,Trường Tiểu học Biên Giang,Tiểu học
Thành phố Hà Nội,Phường Chương Mỹ,Trường Tiểu học Chúc Sơn A,Tiểu học
Thành phố Hà Nội,Phường Chương Mỹ,Trường Tiểu học Ngọc Hòa,Tiểu học
Thành phố Hà Nội,Phường Chương Mỹ,Trường Tiểu học Phụng Châu,Tiểu học
Thành phố Hà Nội,Phường Chương Mỹ,Trường Tiểu học Thuỵ Hương,Tiểu học
Thành phố Hà Nội,Phường Chương Mỹ,Trường Tiểu học Thị trấn Chúc Sơn B,Tiểu học
Thành phố Hà Nội,Phường Chương Mỹ,Trường Tiểu học Tiên Phương,Tiểu học
Thành phố Hà Nội,Phường Chương Mỹ,Trường Tiểu học Đại Yên,Tiểu học
Thành phố Hà Nội,Phường Chương Mỹ,Trường Trung học cơ sở Biên Giang,THCS
Thành phố Hà Nội,Phường Chương Mỹ,Trường Trung học cơ sở Ngô Sỹ Liên,THCS
Thành phố Hà Nội,Phường Chương Mỹ,Trường Trung học cơ sở Ngọc Hòa,THCS
Thành phố Hà Nội,Phường Chương Mỹ,Trường Trung học cơ sở Phụng Châu,THCS
Thành phố Hà Nội,Phường Chương Mỹ,Trường Trung học cơ sở Thuỵ Hương,THCS
Thành phố Hà Nội,Phường Chương Mỹ,Trường Trung học cơ sở Thị trấn Chúc Sơn,THCS
Thành phố Hà Nội,Phường Chương Mỹ,Trường Trung học cơ sở Tiên Phương,THCS
Thành phố Hà Nội,Phường Chương Mỹ,Trường Trung học cơ sở Đại Yên,THCS
Thành phố Hà Nội,Phường Chương Mỹ,Trường Trung học phổ thông Chương Mỹ A,THPT
Thành phố Hà Nội,Phường Cầu Giấy,Lớp mầm non độc lập tư thục Việt Mỹ (American Montessori School),Mầm non
Thành phố Hà Nội,Phường Cầu Giấy,Nhóm trẻ Nụ Cười Bé Thơ,Mầm non
Thành phố Hà Nội,Phường Cầu Giấy,Trường Mầm non Búp sen Xanh,Mầm non
Thành phố Hà Nội,Phường Cầu Giấy,Trường Mầm non Cầu Giấy,Mầm non
Thành phố Hà Nội,Phường Cầu Giấy,Trường Mầm non Cầu Giấy (phân hiệu 1),Mầm non
Thành phố Hà Nội,Phường Cầu Giấy,Trường Mầm non Vietkids,Mầm non
Thành phố Hà Nội,Phường Cầu Giấy,Trường Phổ thông Đa Trí Tuệ - MIS,THPT
Thành phố Hà Nội,Phường Cầu Giấy,Trường Tiểu học Cầu Giấy A,Tiểu học
Thành phố Hà Nội,Phường Cầu Giấy,Trường Tiểu học Cầu Giấy A (phân hiệu),Tiểu học
Thành phố Hà Nội,Phường Cầu Giấy,Trường Tiểu học Cầu Giấy B,Tiểu học
Thành phố Hà Nội,Phường Cầu Giấy,Trường Tiểu học Cầu Giấy B (phân hiệu 1),Tiểu học
Thành phố Hà Nội,Phường Cầu Giấy,Trường Tiểu học Cầu Giấy B (phân hiệu 2),Tiểu học
Thành phố Hà Nội,Phường Cầu Giấy,Trường Tiểu học Thực hành Nguyễn Tất Thành,Tiểu học
Thành phố Hà Nội,Phường Cầu Giấy,Trường Tiểu học và Trung học cơ sở HWS,Liên cấp
Thành phố Hà Nội,Phường Cầu Giấy,Trường Trung học cơ sở Cầu Giấy A,THCS
Thành phố Hà Nội,Phường Cầu Giấy,Trường Trung học cơ sở Cầu Giấy A (phân hiệu 1),THCS
Thành phố Hà Nội,Phường Cầu Giấy,Trường Trung học cơ sở Cầu Giấy B,THCS
Thành phố Hà Nội,Phường Cầu Giấy,Trường Trung học cơ sở Cầu Giấy B (phân hiệu),THCS
Thành phố Hà Nội,Phường Cầu Giấy,Trường Trung học cơ sở Nguyễn Bỉnh Khiêm - Rubik,THCS
Thành phố Hà Nội,Phường Cầu Giấy,Trường Trung học cơ sở và Trung học phổ thông Nguyễn Tất Thành,THCS
Thành phố Hà Nội,Phường Cầu Giấy,Trường Trung học phổ thông chuyên Sư phạm,THPT
Thành phố Hà Nội,Phường Cầu Giấy,Trường mầm non Hà Nội Montessori,Mầm non
Thành phố Hà Nội,Phường Cửa Nam,Trường Mầm non 20-10,Mầm non
Thành phố Hà Nội,Phường Cửa Nam,Trường Mầm non B,Mầm non
Thành phố Hà Nội,Phường Cửa Nam,Trường Mầm non Bà Triệu,Mầm non
Thành phố Hà Nội,Phường Cửa Nam,Trường Mẫu giáo Măng Non,Mầm non
Thành phố Hà Nội,Phường Cửa Nam,Trường Mẫu giáo Mầm non A,Mầm non
Thành phố Hà Nội,Phường Cửa Nam,Trường Mẫu giáo Quang Trung,Mầm non
Thành phố Hà Nội,Phường Cửa Nam,Trường Tiểu học Bình Minh,Tiểu học
Thành phố Hà Nội,Phường Cửa Nam,Trường Tiểu học Quang Trung,Tiểu học
Thành phố Hà Nội,Phường Cửa Nam,Trường Trung học cơ sở Ngô Sĩ Liên,THCS
Thành phố Hà Nội,Phường Cửa Nam,Trường Trung học cơ sở Trưng Vương,THCS
Thành phố Hà Nội,Phường Cửa Nam,Trường Trung học phổ thông Trần Phú - Hoàn Kiếm,THPT
Thành phố Hà Nội,Phường Cửa Nam,Trường Trung học phổ thông Việt Đức,THPT
Thành phố Hà Nội,Phường Dương Nội,Lớp mầm non độc lập Khai Minh Đức,Mầm non
Thành phố Hà Nội,Phường Dương Nội,Trường Liên cấp Lômônôxốp Tây Hà Nội,Liên cấp
Thành phố Hà Nội,Phường Dương Nội,Trường Mầm non Dương Nội,Mầm non
Thành phố Hà Nội,Phường Dương Nội,Trường Mầm non Froebel,Mầm non
Thành phố Hà Nội,Phường Dương Nội,Trường Mầm non HappyTime - Cơ sở 2,Mầm non
Thành phố Hà Nội,Phường Dương Nội,Trường Mầm non Lê Quý Đôn,Mầm non
Thành phố Hà Nội,Phường Dương Nội,Trường Mầm non Lômônôxốp Dương Nội,Mầm non
Thành phố Hà Nội,Phường Dương Nội,Trường Mầm non Sen Hồng,Mầm non
Thành phố Hà Nội,Phường Dương Nội,Trường Phổ thông Quốc tế Việt Nam,THPT
Thành phố Hà Nội,Phường Dương Nội,Trường Phổ thông liên cấp H.A.S,Liên cấp
Thành phố Hà Nội,Phường Dương Nội,Trường Quốc tế ParkCity Hanoi,
Thành phố Hà Nội,Phường Dương Nội,Trường Tiểu học An Hưng,Tiểu học
Thành phố Hà Nội,Phường Dương Nội,Trường Tiểu học Dương Nội B,Tiểu học
Thành phố Hà Nội,Phường Dương Nội,Trường Tiểu học Kim Đồng,Tiểu học
Thành phố Hà Nội,Phường Dương Nội,Trường Tiểu học Lê Quý Đôn,Tiểu học
Thành phố Hà Nội,Phường Dương Nội,Trường Tiểu học Nguyễn Khuyến,Tiểu học
Thành phố Hà Nội,Phường Dương Nội,Trường Tiểu học Trần Quốc Toản,Tiểu học
Thành phố Hà Nội,Phường Dương Nội,Trường Trung học cơ sở Dương Nội,THCS
Thành phố Hà Nội,Phường Dương Nội,Trường Trung học cơ sở Lê Quý Đôn,THCS
Thành phố Hà Nội,Phường Dương Nội,Trường Trung học phổ thông chuyên Nguyễn Huệ,THPT
Thành phố Hà Nội,Phường Dương Nội,Trần Quốc Toản,Mầm non
Thành phố Hà Nội,Phường Giảng Võ,Mầm non Hoa Hướng Dương,Mầm non
Thành phố Hà Nội,Phường Giảng Võ,Trường Mầm non Hoa Hướng Dương,Mầm non
Thành phố Hà Nội,Phường Giảng Võ,Trường Mầm non Họa Mi,Mầm non
Thành phố Hà Nội,Phường Giảng Võ,Trường Mầm non ME School,Mầm non
Thành phố Hà Nội,Phường Giảng Võ,Trường Mầm non Thành Công,Mầm non
Thành phố Hà Nội,Phường Giảng Võ,Trường Mầm non Thực hành Hoa Sen,Mầm non
Thành phố Hà Nội,Phường Giảng Võ,Trường Mầm non Tuổi Hoa,Mầm non
Thành phố Hà Nội,Phường Giảng Võ,Trường Mẫu giáo Tuổi Thơ,Mầm non
Thành phố Hà Nội,Phường Giảng Võ,Trường Mẫu giáo số 7,Mầm non
Thành phố Hà Nội,Phường Giảng Võ,Trường Quốc tế Hà Nội,
Thành phố Hà Nội,Phường Giảng Võ,Trường Thể thao Thiếu niên 10 tháng 10,
Thành phố Hà Nội,Phường Giảng Võ,Trường Tiểu hoc Ngọc Khánh,
Thành phố Hà Nội,Phường Giảng Võ,Trường Tiểu học Kim Đồng,Tiểu học
Thành phố Hà Nội,Phường Giảng Võ,Trường Tiểu học Thành Công A,Tiểu học
Thành phố Hà Nội,Phường Giảng Võ,Trường Tiểu học Thành Công B,Tiểu học
Thành phố Hà Nội,Phường Giảng Võ,Trường Tiểu học Thủ Lệ,Tiểu học
Thành phố Hà Nội,Phường Giảng Võ,"Trường Tiểu học, Trung học cơ sở và Trung học phổ thông Thực nghiệm Khoa học Giáo dục",Liên cấp
Thành phố Hà Nội,Phường Giảng Võ,Trường Trung học cơ sở Giảng Võ,THCS
Thành phố Hà Nội,Phường Giảng Võ,Trường Trung học cơ sở Giảng Võ 2,THCS
Thành phố Hà Nội,Phường Giảng Võ,Trường Trung học cơ sở Nguyễn Trãi,THCS
Thành phố Hà Nội,Phường Giảng Võ,Trường Trung học cơ sở Phan Chu Trinh,THCS
Thành phố Hà Nội,Phường Giảng Võ,Trường Trung học cơ sở Thành Công,THCS
Thành phố Hà Nội,Phường Giảng Võ,Trường Trung học cơ sở Thăng Long,THCS
Thành phố Hà Nội,Phường Giảng Võ,Trường Trung học phổ thông Nguyễn Trãi - Ba Đình,THPT
Thành phố Hà Nội,Phường Giảng Võ,Trường Trung học phổ thông Phạm Hồng Thái,THPT
Thành phố Hà Nội,Phường Hai Bà Trưng,Trường Mầm non Lê Đại Hành,Mầm non
Thành phố Hà Nội,Phường Hai Bà Trưng,Trường Mầm non Nguyễn Công Trứ,Mầm non
Thành phố Hà Nội,Phường Hai Bà Trưng,Trường Mầm non Ngô Thì Nhậm,Mầm non
Thành phố Hà Nội,Phường Hai Bà Trưng,Trường Mầm non Sao Sáng,Mầm non
Thành phố Hà Nội,Phường Hai Bà Trưng,Trường Mầm non Việt-Bun,Mầm non
Thành phố Hà Nội,Phường Hai Bà Trưng,Trường Mẫu giáo Nguyễn Công Trứ,Mầm non
Thành phố Hà Nội,Phường Hai Bà Trưng,Trường Mẫu giáo Đống Mác,Mầm non
Thành phố Hà Nội,Phường Hai Bà Trưng,Trường Tiểu học Bà Triệu,Tiểu học
Thành phố Hà Nội,Phường Hai Bà Trưng,Trường Tiểu học Lê Ngọc Hân,Tiểu học
Thành phố Hà Nội,Phường Hai Bà Trưng,Trường Tiểu học Lương Yên,Tiểu học
Thành phố Hà Nội,Phường Hai Bà Trưng,Trường Tiểu học Ngô Thì Nhậm,Tiểu học
Thành phố Hà Nội,Phường Hai Bà Trưng,Trường Tiểu học Trưng Trắc,Tiểu học
Thành phố Hà Nội,Phường Hai Bà Trưng,Trường Tiểu học Tây Sơn,Tiểu học
Thành phố Hà Nội,Phường Hai Bà Trưng,Trường Tiểu học Đoàn Kết,Tiểu học
Thành phố Hà Nội,Phường Hai Bà Trưng,Trường Tiểu học Đồng Nhân,Tiểu học
Thành phố Hà Nội,Phường Hai Bà Trưng,Trường Trung học cơ sở Lê Ngọc Hân (Cơ sở Lương Yên),THCS
Thành phố Hà Nội,Phường Hai Bà Trưng,Trường Trung học cơ sở Lê Ngọc Hân (Cơ sở Thi Sách),THCS
Thành phố Hà Nội,Phường Hai Bà Trưng,Trường Trung học cơ sở Lương Yên,THCS
Thành phố Hà Nội,Phường Hai Bà Trưng,Trường Trung học cơ sở Trưng Nhị,THCS
Thành phố Hà Nội,Phường Hai Bà Trưng,Trường Trung học cơ sở Tây Sơn,THCS
Thành phố Hà Nội,Phường Hai Bà Trưng,Trường Trung học cơ sở Vân Hồ,THCS
Thành phố Hà Nội,Phường Hai Bà Trưng,Trường Trung học cơ sở Đoàn Kết,THCS
Thành phố Hà Nội,Phường Hai Bà Trưng,Trường Trung học phổ thông Trần Nhân Tông,THPT
Thành phố Hà Nội,Phường Hai Bà Trưng,Winston International School,Mầm non
Thành phố Hà Nội,Phường Hoàn Kiếm,Trường Mầm Non 1-6,Mầm non
Thành phố Hà Nội,Phường Hoàn Kiếm,Trường Mầm Non Hoa Hồng,Mầm non
Thành phố Hà Nội,Phường Hoàn Kiếm,Trường Mầm non Hoạ Mi,Mầm non
Thành phố Hà Nội,Phường Hoàn Kiếm,Trường Mầm non Nắng Mai,Mầm non
Thành phố Hà Nội,Phường Hoàn Kiếm,Trường Mẫu giáo Tuổi thơ,Mầm non
Thành phố Hà Nội,Phường Hoàn Kiếm,Trường Tiểu học Hồng Hà,Tiểu học
Thành phố Hà Nội,Phường Hoàn Kiếm,Trường Tiểu học Kim Đồng,Tiểu học
Thành phố Hà Nội,Phường Hoàn Kiếm,Trường Tiểu học Nguyễn Bá Ngọc,Tiểu học
Thành phố Hà Nội,Phường Hoàn Kiếm,Trường Tiểu học Nguyễn Du,Tiểu học
Thành phố Hà Nội,Phường Hoàn Kiếm,Trường Tiểu học Thăng Long,Tiểu học
Thành phố Hà Nội,Phường Hoàn Kiếm,Trường Tiểu học Tràng An,Tiểu học
Thành phố Hà Nội,Phường Hoàn Kiếm,Trường Tiểu học Trưng Vương,Tiểu học
Thành phố Hà Nội,Phường Hoàn Kiếm,Trường Tiểu học Trần Nhật Duật,Tiểu học
Thành phố Hà Nội,Phường Hoàn Kiếm,Trường Tiểu học Trần Quốc Toản,Tiểu học
Thành phố Hà Nội,Phường Hoàn Kiếm,Trường Tiểu học Điện Biên,Tiểu học
Thành phố Hà Nội,Phường Hoàn Kiếm,Trường Trung học cơ sở Hoàn Kiếm,THCS
Thành phố Hà Nội,Phường Hoàn Kiếm,Trường Trung học cơ sở Lê Lợi,THCS
Thành phố Hà Nội,Phường Hoàn Kiếm,Trường Trung học cơ sở Nguyễn Du,THCS
Thành phố Hà Nội,Phường Hoàn Kiếm,Trường Trung học cơ sở Thanh Quan,THCS
Thành phố Hà Nội,Phường Hoàn Kiếm,Vườn Trí Tuệ,Mầm non
Thành phố Hà Nội,Phường Hoàng Liệt,Trường Mầm Non Hoạ Mi,Mầm non
Thành phố Hà Nội,Phường Hoàng Liệt,Trường Mầm non Hoa Hướng Dương,Mầm non
Thành phố Hà Nội,Phường Hoàng Liệt,Trường Mầm non Hoàng Liệt (cơ sở Bằng A),Mầm non
Thành phố Hà Nội,Phường Hoàng Liệt,Trường Mầm non Hoàng Liệt (cơ sở Linh Đàm),Mầm non
Thành phố Hà Nội,Phường Hoàng Liệt,Trường Mầm non Hoàng Liệt (cơ sở Tứ Kỳ),Mầm non
Thành phố Hà Nội,Phường Hoàng Liệt,Trường Tiểu học Bùi Quốc Khái,Tiểu học
Thành phố Hà Nội,Phường Hoàng Liệt,Trường Tiểu học Chu Văn An,Tiểu học
Thành phố Hà Nội,Phường Hoàng Liệt,Trường Tiểu học Hoàng Liệt,Tiểu học
Thành phố Hà Nội,Phường Hoàng Liệt,Trường Tiểu học Linh Đàm,Tiểu học
Thành phố Hà Nội,Phường Hoàng Liệt,Trường Trung học cơ sở Hoàng Liệt,THCS
Thành phố Hà Nội,Phường Hoàng Liệt,Trường Trung học cơ sở Linh Đàm,THCS
Thành phố Hà Nội,Phường Hoàng Liệt,Trường Trung học phổ thông Việt Nam - Ba Lan,THPT
Thành phố Hà Nội,Phường Hoàng Mai,Trường Mầm non Hoàng Mai (thuộc trụ sở chính),Mầm non
Thành phố Hà Nội,Phường Hoàng Mai,Trường Mầm non Hoàng Mai (trụ sở chính),Mầm non
Thành phố Hà Nội,Phường Hoàng Mai,Trường Mầm non Hoàng Mai (điểm 2),Mầm non
Thành phố Hà Nội,Phường Hoàng Mai,Trường Mầm non Hoàng Mai (điểm 3),Mầm non
Thành phố Hà Nội,Phường Hoàng Mai,Trường Mầm non Hoàng Mai (điểm 4),Mầm non
Thành phố Hà Nội,Phường Hoàng Mai,Trường Mầm non Hoàng Mai (điểm 5),Mầm non
Thành phố Hà Nội,Phường Hoàng Mai,Trường Mầm non IQ Hoàng Mai,Mầm non
Thành phố Hà Nội,Phường Hoàng Mai,Trường Mầm non Thịnh Liệt,Mầm non
Thành phố Hà Nội,Phường Hoàng Mai,Trường Mầm non Vườn Xanh Nam Đô,Mầm non
Thành phố Hà Nội,Phường Hoàng Mai,Trường Quốc tế Singapore,
Thành phố Hà Nội,Phường Hoàng Mai,Trường Tiểu học Hoàng Mai,Tiểu học
Thành phố Hà Nội,Phường Hoàng Mai,Trường Tiểu học Tam Trinh (trụ sở chính),Tiểu học
Thành phố Hà Nội,Phường Hoàng Mai,Trường Tiểu học Tam Trinh (điểm 2),Tiểu học
Thành phố Hà Nội,Phường Hoàng Mai,Trường Tiểu học Thịnh Liệt,Tiểu học
Thành phố Hà Nội,Phường Hoàng Mai,Trường Trung học cơ sở Hoàng Mai,THCS
Thành phố Hà Nội,Phường Hoàng Mai,Trường Trung học cơ sở Thịnh Liệt (thuộc điểm 2),THCS
Thành phố Hà Nội,Phường Hoàng Mai,Trường Trung học cơ sở Thịnh Liệt (trụ sở chính),THCS
Thành phố Hà Nội,Phường Hoàng Mai,Trường Trung học cơ sở Thịnh Liệt (điểm 2),THCS
Thành phố Hà Nội,Phường Hoàng Mai,Trường Trung học phổ thông Hoàng Văn Thụ,THPT
Thành phố Hà Nội,Phường Hoàng Mai,Trường Trung học phổ thông Mai Hắc Đế,THPT
Thành phố Hà Nội,Phường Hoàng Mai,Trường Trung học phổ thông Trương Định,THPT
Thành phố Hà Nội,Phường Hoàng Mai,Trường mầm non Vườn Hồng,Mầm non
Thành phố Hà Nội,Phường Hà Đông,AMIS (American Montessori Intl. School) Văn Khê,
Thành phố Hà Nội,Phường Hà Đông,Hệ thống giáo dục IQ School Hà Đông,
Thành phố Hà Nội,Phường Hà Đông,Trường Mầm non ASG Tố Hữu,Mầm non
Thành phố Hà Nội,Phường Hà Đông,Trường Mầm non Búp Sen Hồng,Mầm non
Thành phố Hà Nội,Phường Hà Đông,Trường Mầm non Hoa Hồng,Mầm non
Thành phố Hà Nội,Phường Hà Đông,Trường Mầm non Hoa Mai,Mầm non
Thành phố Hà Nội,Phường Hà Đông,Trường Mầm non Hoa Sen,Mầm non
Thành phố Hà Nội,Phường Hà Đông,Trường Mầm non Hà Nội - Thăng Long,Mầm non
Thành phố Hà Nội,Phường Hà Đông,Trường Mầm non Mỗ Lao (cơ sở 1),Mầm non
Thành phố Hà Nội,Phường Hà Đông,Trường Mầm non Mỗ Lao (cơ sở 2),Mầm non
Thành phố Hà Nội,Phường Hà Đông,Trường Mầm non Ngô Thì Nhậm,Mầm non
Thành phố Hà Nội,Phường Hà Đông,Trường Mầm non Shining Star,Mầm non
Thành phố Hà Nội,Phường Hà Đông,Trường Mầm non Thần Đồng - Bright School,Mầm non
Thành phố Hà Nội,Phường Hà Đông,Trường Mầm non Vạn Phúc,Mầm non
Thành phố Hà Nội,Phường Hà Đông,Trường Mầm non Vạn Phúc - khu B,Mầm non
Thành phố Hà Nội,Phường Hà Đông,Trường Mầm non và Tiểu học Ban Mai,Mầm non
Thành phố Hà Nội,Phường Hà Đông,Trường Quốc tế Nhật Bản,
Thành phố Hà Nội,Phường Hà Đông,Trường Quốc tế True North,
Thành phố Hà Nội,Phường Hà Đông,Trường THPT Ngô Gia Tự,THPT
Thành phố Hà Nội,Phường Hà Đông,Trường Tiểu học & Trung học cơ sở Hà Nội - Thăng Long,Liên cấp
Thành phố Hà Nội,Phường Hà Đông,Trường Tiểu học Lê Hồng Phong,Tiểu học
Thành phố Hà Nội,Phường Hà Đông,Trường Tiểu học Lê Lợi,Tiểu học
Thành phố Hà Nội,Phường Hà Đông,Trường Tiểu học Nguyễn Du,Tiểu học
Thành phố Hà Nội,Phường Hà Đông,Trường Tiểu học Nguyễn Trãi,Tiểu học
Thành phố Hà Nội,Phường Hà Đông,Trường Tiểu học Trần Phú,Tiểu học
Thành phố Hà Nội,Phường Hà Đông,Trường Tiểu học Trần Phú (cơ sở 2),Tiểu học
Thành phố Hà Nội,Phường Hà Đông,Trường Tiểu học Trần Đăng Ninh,Tiểu học
Thành phố Hà Nội,Phường Hà Đông,Trường Tiểu học Văn Yên,Tiểu học
Thành phố Hà Nội,Phường Hà Đông,Trường Tiểu học Vạn Bảo,Tiểu học
Thành phố Hà Nội,Phường Hà Đông,Trường Tiểu học Vạn Phúc,Tiểu học
Thành phố Hà Nội,Phường Hà Đông,Trường Tiểu học Yết Kiêu,Tiểu học
Thành phố Hà Nội,Phường Hà Đông,Trường Tiểu học Đoàn Kết,Tiểu học
Thành phố Hà Nội,Phường Hà Đông,Trường Trung học cơ sở Hà Đông,THCS
Thành phố Hà Nội,Phường Hà Đông,Trường Trung học cơ sở Lê Hồng Phong,THCS
Thành phố Hà Nội,Phường Hà Đông,Trường Trung học cơ sở Lê Lợi,THCS
Thành phố Hà Nội,Phường Hà Đông,Trường Trung học cơ sở Mỗ Lao,THCS
Thành phố Hà Nội,Phường Hà Đông,Trường Trung học cơ sở New School,THCS
Thành phố Hà Nội,Phường Hà Đông,Trường Trung học cơ sở Nguyễn Trãi,THCS
Thành phố Hà Nội,Phường Hà Đông,Trường Trung học cơ sở Trần Đăng Ninh,THCS
Thành phố Hà Nội,Phường Hà Đông,Trường Trung học cơ sở Văn Khê,THCS
Thành phố Hà Nội,Phường Hà Đông,Trường Trung học cơ sở Văn Quán,THCS
Thành phố Hà Nội,Phường Hà Đông,Trường Trung học cơ sở Văn Yên,THCS
Thành phố Hà Nội,Phường Hà Đông,Trường Trung học cơ sở Vạn Phúc,THCS
Thành phố Hà Nội,Phường Hà Đông,Trường Trung học phổ thông Lê Hồng Phong,THPT
Thành phố Hà Nội,Phường Hà Đông,Trường Trung học phổ thông Lê Lợi,THPT
Thành phố Hà Nội,Phường Hà Đông,Trường Trung học phổ thông Lê Quý Đôn - Hà Đông,THPT
Thành phố Hà Nội,Phường Hà Đông,Trường Trung học phổ thông Quang Trung - Hà Đông,THPT
Thành phố Hà Nội,Phường Hà Đông,Trường Trung học phổ thông Xa La,THPT
Thành phố Hà Nội,Phường Hồng Hà,Trường Mầm Non Hoa Thuỷ Tiên,Mầm non
Thành phố Hà Nội,Phường Hồng Hà,Trường Mầm Non Thăng Long,Mầm non
Thành phố Hà Nội,Phường Hồng Hà,Trường Mầm non Bạch Đằng,Mầm non
Thành phố Hà Nội,Phường Hồng Hà,Trường Mầm non Hoa Sen,Mầm non
Thành phố Hà Nội,Phường Hồng Hà,Trường Mầm non Tứ Liên,Mầm non
Thành phố Hà Nội,Phường Hồng Hà,Trường Mầm non Đinh Tiên Hoàng,Mầm non
Thành phố Hà Nội,Phường Hồng Hà,Trường Mẫu giáo số 8,Mầm non
Thành phố Hà Nội,Phường Hồng Hà,Trường Tiểu học An Dương,Tiểu học
Thành phố Hà Nội,Phường Hồng Hà,Trường Tiểu học Chương Dương,Tiểu học
Thành phố Hà Nội,Phường Hồng Hà,Trường Tiểu học Chương Dương (khu B),Tiểu học
Thành phố Hà Nội,Phường Hồng Hà,Trường Tiểu học Nghĩa Dũng,Tiểu học
Thành phố Hà Nội,Phường Hồng Hà,Trường Tiểu học Nhật Tân,Tiểu học
Thành phố Hà Nội,Phường Hồng Hà,Trường Tiểu học Phúc Tân,Tiểu học
Thành phố Hà Nội,Phường Hồng Hà,Trường Tiểu học Tứ Liên,Tiểu học
Thành phố Hà Nội,Phường Hồng Hà,Trường Trung học cơ sở An Dương,THCS
Thành phố Hà Nội,Phường Hồng Hà,Trường Trung học cơ sở Chương Dương,THCS
Thành phố Hà Nội,Phường Hồng Hà,Trường Trung học cơ sở Phúc Xá,THCS
Thành phố Hà Nội,Phường Hồng Hà,Trường Trung học cơ sở Tứ Liên,THCS
Thành phố Hà Nội,Phường Hồng Hà,Trường Trung học phổ thông Đinh Tiên Hoàng - Ba Đình (Phố Chương Dương Độ),THPT
Thành phố Hà Nội,Phường Khương Đình,Trường Mầm Non Sao Sáng,Mầm non
Thành phố Hà Nội,Phường Khương Đình,Trường Mầm non Khương Đình,Mầm non
Thành phố Hà Nội,Phường Khương Đình,Trường Mầm non Thăng Long,Mầm non
Thành phố Hà Nội,Phường Khương Đình,Trường Mầm non Ánh Sao,Mầm non
Thành phố Hà Nội,Phường Khương Đình,Trường Tiểu học - Trung học cơ sở - Trung học phổ thông Khương Hạ,Liên cấp
Thành phố Hà Nội,Phường Khương Đình,Trường Tiểu học - Trung học cơ sở Hà Nội,Liên cấp
Thành phố Hà Nội,Phường Khương Đình,Trường Tiểu học Hạ Đình,Tiểu học
Thành phố Hà Nội,Phường Khương Đình,Trường Tiểu học Khương Đình,Tiểu học
Thành phố Hà Nội,Phường Khương Đình,Trường Tiểu học Kim Giang,Tiểu học
Thành phố Hà Nội,Phường Khương Đình,Trường Tiểu học Nguyễn Trãi,Tiểu học
Thành phố Hà Nội,Phường Khương Đình,Trường Trung học cơ sở Hạ Đình,THCS
Thành phố Hà Nội,Phường Khương Đình,Trường Trung học cơ sở Khương Đình,THCS
Thành phố Hà Nội,Phường Khương Đình,Trường Trung học cơ sở Kim Giang,THCS
Thành phố Hà Nội,Phường Khương Đình,Trường Trung học cơ sở Lương Thế Vinh,THCS
Thành phố Hà Nội,Phường Khương Đình,Trường Trung học cơ sở Nguyễn Trãi,THCS
Thành phố Hà Nội,Phường Khương Đình,Trường Trung học phổ thông Huỳnh Thúc Kháng,THPT
Thành phố Hà Nội,Phường Khương Đình,Trường Trung học phổ thông Hồ Tùng Mậu,THPT
Thành phố Hà Nội,Phường Khương Đình,Trường Trung học phổ thông Khương Đình,THPT
Thành phố Hà Nội,Phường Kim Liên,Hanoi Adelaide School,
Thành phố Hà Nội,Phường Kim Liên,Trưòng Trung học cơ sở Kim Liên,THCS
Thành phố Hà Nội,Phường Kim Liên,Trường Mầm non Chích Bông,Mầm non
Thành phố Hà Nội,Phường Kim Liên,Trường Mầm non Kim Liên,Mầm non
Thành phố Hà Nội,Phường Kim Liên,Trường Mầm non Kim Liên (phân hiệu 1),Mầm non
Thành phố Hà Nội,Phường Kim Liên,Trường Mầm non Kim Liên (phân hiệu 2),Mầm non
Thành phố Hà Nội,Phường Kim Liên,Trường Mầm non Phương Mai,Mầm non
Thành phố Hà Nội,Phường Kim Liên,Trường Mầm non Phương Mai (phân hiệu 1),Mầm non
Thành phố Hà Nội,Phường Kim Liên,Trường Mầm non Phương Mai (phân hiệu 2),Mầm non
Thành phố Hà Nội,Phường Kim Liên,Trường Mầm non Trung Tự,Mầm non
Thành phố Hà Nội,Phường Kim Liên,Trường Mầm non Trung Tự (phân hiệu 2),Mầm non
Thành phố Hà Nội,Phường Kim Liên,Trường Mẫu giáo Thủy Tiên,Mầm non
Thành phố Hà Nội,Phường Kim Liên,Trường Mẫu giáo Việt Triều Hữu nghị,Mầm non
Thành phố Hà Nội,Phường Kim Liên,Trường Phổ thông Liên cấp TH School,Liên cấp
Thành phố Hà Nội,Phường Kim Liên,Trường Tiểu học Khương Thượng,Tiểu học
Thành phố Hà Nội,Phường Kim Liên,Trường Tiểu học Kim Liên,Tiểu học
Thành phố Hà Nội,Phường Kim Liên,Trường Tiểu học Kim Liên A,Tiểu học
Thành phố Hà Nội,Phường Kim Liên,Trường Tiểu học Kim Liên A (phân hiệu 1),Tiểu học
Thành phố Hà Nội,Phường Kim Liên,Trường Tiểu học Phương Mai,Tiểu học
Thành phố Hà Nội,Phường Kim Liên,Trường Tiểu học Phương Mai (phân hiệu),Tiểu học
Thành phố Hà Nội,Phường Kim Liên,Trường Tiểu học Trung Tự,Tiểu học
Thành phố Hà Nội,Phường Kim Liên,Trường Trung học cơ sở Khương Thượng,THCS
Thành phố Hà Nội,Phường Kim Liên,Trường Trung học cơ sở Khương Thượng (phân hiệu 1),THCS
Thành phố Hà Nội,Phường Kim Liên,Trường Trung học cơ sở Khương Thượng (phân hiệu 2),THCS
Thành phố Hà Nội,Phường Kim Liên,Trường Trung học phổ thông Kim Liên,THPT
Thành phố Hà Nội,Phường Kim Liên,Trường Trung học phổ thông Lê Quý Đôn - Đống Đa,THPT
Thành phố Hà Nội,Phường Kim Liên,Trường Trung học phổ thông Phùng Khắc Khoan,THPT
Thành phố Hà Nội,Phường Kiến Hưng,Trường Mầm non Bình Minh,Mầm non
Thành phố Hà Nội,Phường Kiến Hưng,Trường Mầm non Hoàng Công,Mầm non
Thành phố Hà Nội,Phường Kiến Hưng,Trường Mầm non Hàng Đào,Mầm non
Thành phố Hà Nội,Phường Kiến Hưng,Trường Tiểu Học Kiến Hưng,Tiểu học
Thành phố Hà Nội,Phường Kiến Hưng,Trường Tiểu học Marie Curie 2,Tiểu học
Thành phố Hà Nội,Phường Kiến Hưng,Trường Tiểu học Mậu Lương,Tiểu học
Thành phố Hà Nội,Phường Kiến Hưng,Trường Tiểu học Phú La,Tiểu học
Thành phố Hà Nội,Phường Kiến Hưng,Trường Trung học cơ sở & Trung học phổ thông Marie Curie,THCS
Thành phố Hà Nội,Phường Kiến Hưng,Trường Trung học cơ sở - Trung học phổ thông Ban Mai,THCS
Thành phố Hà Nội,Phường Kiến Hưng,Trường Trung học cơ sở Kiến Hưng,THCS
Thành phố Hà Nội,Phường Kiến Hưng,Trường Trung học cơ sở Mậu Lương,THCS
Thành phố Hà Nội,Phường Kiến Hưng,Trường Trung học cơ sở Phú La,THCS
Thành phố Hà Nội,Phường Long Biên,Mầm non Minh Phú,Mầm non
Thành phố Hà Nội,Phường Long Biên,Trường Mầm non Cự Khối (Phân hiệu 1),Mầm non
Thành phố Hà Nội,Phường Long Biên,Trường Mầm non Cự Khối (Phân hiệu 2),Mầm non
Thành phố Hà Nội,Phường Long Biên,Trường Mầm non Cự Khối (Trường chính),Mầm non
Thành phố Hà Nội,Phường Long Biên,Trường Mầm non Long Biên (Phân hiệu 1),Mầm non
Thành phố Hà Nội,Phường Long Biên,Trường Mầm non Long Biên (Phân hiệu 2),Mầm non
Thành phố Hà Nội,Phường Long Biên,Trường Mầm non Long Biên (Trường chính),Mầm non
Thành phố Hà Nội,Phường Long Biên,Trường Mầm non Long Biên (Điểm trường),Mầm non
Thành phố Hà Nội,Phường Long Biên,Trường Mầm non Thạch Bàn (Phân hiệu),Mầm non
Thành phố Hà Nội,Phường Long Biên,Trường Mầm non Thạch Bàn (Trường chính),Mầm non
Thành phố Hà Nội,Phường Long Biên,Trường Tiểu học Long Biên (Phân hiệu),Tiểu học
Thành phố Hà Nội,Phường Long Biên,Trường Tiểu học Long Biên (Trường chính),Tiểu học
Thành phố Hà Nội,Phường Long Biên,Trường Tiểu học Thạch Bàn (Phân hiệu),Tiểu học
Thành phố Hà Nội,Phường Long Biên,Trường Tiểu học Thạch Bàn (Trường chính),Tiểu học
Thành phố Hà Nội,Phường Long Biên,Trường Tiểu học và Trung học cơ sở Cự Khối (Phân hiệu),Liên cấp
Thành phố Hà Nội,Phường Long Biên,Trường Tiểu học và Trung học cơ sở Cự Khối (Trường chính),Liên cấp
Thành phố Hà Nội,Phường Long Biên,Trường Trung học cơ sở Long Biên (Phân hiệu),THCS
Thành phố Hà Nội,Phường Long Biên,Trường Trung học cơ sở Long Biên (Trường chính),THCS
Thành phố Hà Nội,Phường Long Biên,Trường Trung học cơ sở Phan Bội Châu,THCS
Thành phố Hà Nội,Phường Long Biên,Trường Trung học phổ thông Thạch Bàn,THPT
Thành phố Hà Nội,Phường Long Biên,Trường mầm non Hạt Dẻ Cười,Mầm non
Thành phố Hà Nội,Phường Láng,Trường Mầm non Láng Thượng,Mầm non
Thành phố Hà Nội,Phường Láng,Trường Mầm non Tuổi Hoa,Mầm non
Thành phố Hà Nội,Phường Láng,Trường Phổ thông Liên cấp Alfred Nobel,Liên cấp
Thành phố Hà Nội,Phường Láng,Trường Tiểu học Láng Thượng,Tiểu học
Thành phố Hà Nội,Phường Láng,Trường Tiểu học Nam Thành Công,Tiểu học
Thành phố Hà Nội,Phường Láng,Trường Trung học cơ sở Láng Hạ,THCS
Thành phố Hà Nội,Phường Láng,Trường Trung học cơ sở Láng Thượng,THCS
Thành phố Hà Nội,Phường Láng,Trường Trung học phổ thông Phan Huy Chú - Đống Đa,THPT
Thành phố Hà Nội,Phường Láng,Vinschool Nguyễn Chí Thanh,
Thành phố Hà Nội,Phường Lĩnh Nam,Trường Mầm non Lĩnh Nam (cơ sở 3),Mầm non
Thành phố Hà Nội,Phường Lĩnh Nam,Trường Mầm non Trần Phú,Mầm non
Thành phố Hà Nội,Phường Lĩnh Nam,Trường Tiểu học Lĩnh Nam (cơ sở 1),Tiểu học
Thành phố Hà Nội,Phường Lĩnh Nam,Trường Tiểu học Lĩnh Nam (cơ sở 2),Tiểu học
Thành phố Hà Nội,Phường Lĩnh Nam,Trường Tiểu học Trần Phú,Tiểu học
Thành phố Hà Nội,Phường Lĩnh Nam,Trường Trung học cơ sở Lĩnh Nam,THCS
Thành phố Hà Nội,Phường Nghĩa Đô,Mầm non Happy School,Mầm non
Thành phố Hà Nội,Phường Nghĩa Đô,Mầm non NASA,Mầm non
Thành phố Hà Nội,Phường Nghĩa Đô,Mầm non Nắng Ban Mai,Mầm non
Thành phố Hà Nội,Phường Nghĩa Đô,Mầm non Đặng Thuỳ Trâm,Mầm non
Thành phố Hà Nội,Phường Nghĩa Đô,Trưòng Mầm non Everest,Mầm non
Thành phố Hà Nội,Phường Nghĩa Đô,Trưòng Mầm non Nghĩa Đô,Mầm non
Thành phố Hà Nội,Phường Nghĩa Đô,Trưòng Mầm non Nghĩa Đô (phân hiệu 1),Mầm non
Thành phố Hà Nội,Phường Nghĩa Đô,Trưòng Mầm non Nghĩa Đô (phân hiệu 2),Mầm non
Thành phố Hà Nội,Phường Nghĩa Đô,Trưòng Tiểu học và Trung học cơ sở Nghĩa Đô,Liên cấp
Thành phố Hà Nội,Phường Nghĩa Đô,Trưòng Tiểu học và Trung học cơ sở Nghĩa Đô (phân hiệu 1),Liên cấp
Thành phố Hà Nội,Phường Nghĩa Đô,Trưòng Tiểu học và Trung học cơ sở Nghĩa Đô (phân hiệu 2),Liên cấp
Thành phố Hà Nội,Phường Nghĩa Đô,Trường Liên cấp Everest,Liên cấp
Thành phố Hà Nội,Phường Nghĩa Đô,Trường Liên cấp Newton - cơ sở 1,Liên cấp
Thành phố Hà Nội,Phường Nghĩa Đô,Trường Mầm non 59 - Cầu Giấy,Mầm non
Thành phố Hà Nội,Phường Nghĩa Đô,Trường Mầm non Hoa Hồng,Mầm non
Thành phố Hà Nội,Phường Nghĩa Đô,Trường Mầm non Hoa Hồng (phân hiệu 1),Mầm non
Thành phố Hà Nội,Phường Nghĩa Đô,Trường Mầm non Hoa Linh - Baby Home,Mầm non
Thành phố Hà Nội,Phường Nghĩa Đô,Trường Mầm non Hoa Mai,Mầm non
Thành phố Hà Nội,Phường Nghĩa Đô,Trường Mầm non và Tiểu học Genesis,Mầm non
Thành phố Hà Nội,Phường Nghĩa Đô,Trường Mầm non Ánh Sao,Mầm non
Thành phố Hà Nội,Phường Nghĩa Đô,Trường Nguyễn Bỉnh Khiêm - Cầu Giấy,
Thành phố Hà Nội,Phường Nghĩa Đô,Trường Tiểu học & Trung học cơ sở Pascal,Liên cấp
Thành phố Hà Nội,Phường Nghĩa Đô,Trường Tiểu học Nghĩa Tân,Tiểu học
Thành phố Hà Nội,Phường Nghĩa Đô,Trường Tiểu học và Trung học cơ sở FPT Cầu Giấy,Liên cấp
Thành phố Hà Nội,Phường Nghĩa Đô,Trường Trung học cơ sở - Trung học phổ thông Hà Thành,THCS
Thành phố Hà Nội,Phường Nghĩa Đô,Trường Trung học cơ sở Lê Quý Đôn,THCS
Thành phố Hà Nội,Phường Nghĩa Đô,Trường Trung học cơ sở Nghĩa Tân,THCS
Thành phố Hà Nội,Phường Nghĩa Đô,Trường Trung học phổ thông Cầu Giấy,THPT
Thành phố Hà Nội,Phường Nghĩa Đô,Trường Trung học phổ thông Nguyễn Huệ,THPT
Thành phố Hà Nội,Phường Nghĩa Đô,Trường Trung học phổ thông Trần Thánh Tông,THPT
Thành phố Hà Nội,Phường Nghĩa Đô,Trường mầm non Hasuko Hoa Sen,Mầm non
Thành phố Hà Nội,Phường Ngọc Hà,Trường Mầm non Sao Mai,Mầm non
Thành phố Hà Nội,Phường Ngọc Hà,Trường Mầm non số 6,Mầm non
Thành phố Hà Nội,Phường Ngọc Hà,Trường Mẫu giáo số 5,Mầm non
Thành phố Hà Nội,Phường Ngọc Hà,Trường Mẫu giáo số 9,Mầm non
Thành phố Hà Nội,Phường Ngọc Hà,Trường Tiểu học Hoàng Diệu,Tiểu học
Thành phố Hà Nội,Phường Ngọc Hà,Trường Tiểu học Hoàng Hoa Thám,Tiểu học
Thành phố Hà Nội,Phường Ngọc Hà,Trường Tiểu học Nguyễn Bá Ngọc,Tiểu học
Thành phố Hà Nội,Phường Ngọc Hà,Trường Tiểu học Ngọc Hà,Tiểu học
Thành phố Hà Nội,Phường Ngọc Hà,Trường Tiểu học Ngọc Hà (phân hiệu 1),Tiểu học
Thành phố Hà Nội,Phường Ngọc Hà,Trường Tiểu học Ngọc Hà (phân hiệu 2),Tiểu học
Thành phố Hà Nội,Phường Ngọc Hà,"Trường Tiểu học, Trung học cơ sở Vinschool Metropolis",Liên cấp
Thành phố Hà Nội,Phường Ngọc Hà,Trường Trung học cơ sở Ngọc Hà,THCS
Thành phố Hà Nội,Phường Ngọc Hà,Trường Trung học cơ sở Ngọc Hà (phân hiệu 1),THCS
Thành phố Hà Nội,Phường Ngọc Hà,Trường Trung học cơ sở Ngọc Hà (phân hiệu 2),THCS
Thành phố Hà Nội,Phường Phú Diễn,Trường Hàn Quốc Hà Nội,
Thành phố Hà Nội,Phường Phú Diễn,Trường Liên cấp Newton cơ sở 2,Liên cấp
Thành phố Hà Nội,Phường Phú Diễn,Trường Mầm non Hoạ Mi,Mầm non
Thành phố Hà Nội,Phường Phú Diễn,Trường Mầm non Hồ Tùng Mậu,Mầm non
Thành phố Hà Nội,Phường Phú Diễn,Trường Mầm non Mai Dịch,Mầm non
Thành phố Hà Nội,Phường Phú Diễn,Trường Mầm non Phú Diễn,Mầm non
Thành phố Hà Nội,Phường Phú Diễn,Trường Mầm non Phú Diễn A,Mầm non
Thành phố Hà Nội,Phường Phú Diễn,Trường Mầm non Phúc Diễn,Mầm non
Thành phố Hà Nội,Phường Phú Diễn,Trường Mầm non Sasuke Bắc Từ Liêm,Mầm non
Thành phố Hà Nội,Phường Phú Diễn,Trường Phổ thông Hermann Gmeiner Hà Nội,THPT
Thành phố Hà Nội,Phường Phú Diễn,Trường Tiểu học Hồ Tùng Mậu,Tiểu học
Thành phố Hà Nội,Phường Phú Diễn,Trường Tiểu học Nguyễn Khả Trạc,Tiểu học
Thành phố Hà Nội,Phường Phú Diễn,Trường Tiểu học Phú Diễn,Tiểu học
Thành phố Hà Nội,Phường Phú Diễn,Trường Tiểu học Phúc Diễn,Tiểu học
Thành phố Hà Nội,Phường Phú Diễn,Trường Trung học cơ sở Phú Diễn,THCS
Thành phố Hà Nội,Phường Phú Diễn,Trường Trung học cơ sở Phú Diễn A,THCS
Thành phố Hà Nội,Phường Phú Diễn,Trường Trung học cơ sở Phúc Diễn,THCS
Thành phố Hà Nội,Phường Phú Diễn,Trường Trung học phổ thông Nguyễn Thị Minh Khai,THPT
Thành phố Hà Nội,Phường Phú Lương,Trường Tiểu học Phú Cường,Tiểu học
Thành phố Hà Nội,Phường Phú Lương,Trường Tiểu học Phú Lãm,Tiểu học
Thành phố Hà Nội,Phường Phú Lương,Trường Tiểu học Phú Lương 1,Tiểu học
Thành phố Hà Nội,Phường Phú Lương,Trường Tiểu học Phú Lương 2,Tiểu học
Thành phố Hà Nội,Phường Phú Lương,Trường Trung học cơ sở Phú Cường,THCS
Thành phố Hà Nội,Phường Phú Lương,Trường Trung học cơ sở Phú Lãm,THCS
Thành phố Hà Nội,Phường Phú Lương,Trường Trung học cơ sở Phú Lương,THCS
Thành phố Hà Nội,Phường Phú Lương,Trường Trung học phổ thông Trần Hưng Đạo - Hà Đông,THPT
Thành phố Hà Nội,Phường Phú Thượng,Lớp Mầm non Cuộc sống xanh (Green Life Preschool),Mầm non
Thành phố Hà Nội,Phường Phú Thượng,Singapore International School,
Thành phố Hà Nội,Phường Phú Thượng,Trưòng Mầm non Phú Thượng,Mầm non
Thành phố Hà Nội,Phường Phú Thượng,Trường Trung học phổ thông Tây Hồ,THPT
Thành phố Hà Nội,Phường Phú Thượng,Trường Mầm non Nhật Tảo,Mầm non
Thành phố Hà Nội,Phường Phú Thượng,Trường Quốc tế Liên hiệp quốc Hà Nội,
Thành phố Hà Nội,Phường Phú Thượng,Trường Tiểu học Phú Thượng,Tiểu học
Thành phố Hà Nội,Phường Phú Thượng,Trường Tiểu học và Trung học cơ sở Sunshine Maple Bear,Liên cấp
Thành phố Hà Nội,Phường Phú Thượng,Trường Tiểu học Đoàn Thị Điểm,Tiểu học
Thành phố Hà Nội,Phường Phú Thượng,Trường Trung học cơ sở Phú Thượng,THCS
Thành phố Hà Nội,Phường Phú Thượng,Trường liên cấp Newton Westlake,Liên cấp
Thành phố Hà Nội,Phường Phúc Lợi,Mầm non Hoa Sữa,Mầm non
Thành phố Hà Nội,Phường Phúc Lợi,Trường Mầm Non Ngôi Sao Xanh,Mầm non
Thành phố Hà Nội,Phường Phúc Lợi,Trường Mầm non Hoa Sữa (Phân hiệu),Mầm non
Thành phố Hà Nội,Phường Phúc Lợi,Trường Mầm non Hoa Sữa (Trường chính),Mầm non
Thành phố Hà Nội,Phường Phúc Lợi,Trường Mầm non May 10,Mầm non
Thành phố Hà Nội,Phường Phúc Lợi,Trường Mầm non Phúc Lợi (Phân hiệu 1),Mầm non
Thành phố Hà Nội,Phường Phúc Lợi,Trường Mầm non Phúc Lợi (Phân hiệu 2),Mầm non
Thành phố Hà Nội,Phường Phúc Lợi,Trường Mầm non Phúc Lợi (Trường chính),Mầm non
Thành phố Hà Nội,Phường Phúc Lợi,Trường Mầm non Phúc Đồng (Phân hiệu),Mầm non
Thành phố Hà Nội,Phường Phúc Lợi,Trường Mầm non Phúc Đồng (Trường chính),Mầm non
Thành phố Hà Nội,Phường Phúc Lợi,Trường Mầm non Vinschool The Harmony,Mầm non
Thành phố Hà Nội,Phường Phúc Lợi,Trường Mầm non Đô thị Sài Đồng,Mầm non
Thành phố Hà Nội,Phường Phúc Lợi,Trường Mần non Công ty Cổ phần 22,Mầm non
Thành phố Hà Nội,Phường Phúc Lợi,Trường Quốc tế Đa cấp Anh - Hà Nội,
Thành phố Hà Nội,Phường Phúc Lợi,Trường Tiểu học & Trung học cơ sở Victoria Thăng Long 3,Liên cấp
Thành phố Hà Nội,Phường Phúc Lợi,Trường Tiểu học Phúc Lợi (Phân hiệu),Tiểu học
Thành phố Hà Nội,Phường Phúc Lợi,Trường Tiểu học Phúc Lợi (Trường chính),Tiểu học
Thành phố Hà Nội,Phường Phúc Lợi,Trường Tiểu học Sài Đồng (Phân hiệu),Tiểu học
Thành phố Hà Nội,Phường Phúc Lợi,Trường Tiểu học Sài Đồng (Trường chính),Tiểu học
Thành phố Hà Nội,Phường Phúc Lợi,Trường Tiểu học Vinschool The Harmony,Tiểu học
Thành phố Hà Nội,Phường Phúc Lợi,Trường Tiểu học Vũ Xuân Thiều (Phân hiệu),Tiểu học
Thành phố Hà Nội,Phường Phúc Lợi,Trường Tiểu học Vũ Xuân Thiều (Trường chính),Tiểu học
Thành phố Hà Nội,Phường Phúc Lợi,Trường Tiểu học Đô thị Sài Đồng,Tiểu học
Thành phố Hà Nội,Phường Phúc Lợi,Trường Trung học Vinschool The Harmony,
Thành phố Hà Nội,Phường Phúc Lợi,Trường Trung học cơ sở Nguyễn Gia Thiều,THCS
Thành phố Hà Nội,Phường Phúc Lợi,Trường Trung học cơ sở Phúc Lợi (Phân hiệu),THCS
Thành phố Hà Nội,Phường Phúc Lợi,Trường Trung học cơ sở Phúc Lợi (Trường chính),THCS
Thành phố Hà Nội,Phường Phúc Lợi,Trường Trung học cơ sở Sài Đồng (Phân hiệu 1),THCS
Thành phố Hà Nội,Phường Phúc Lợi,Trường Trung học cơ sở Sài Đồng (Phân hiệu 2),THCS
Thành phố Hà Nội,Phường Phúc Lợi,Trường Trung học cơ sở Sài Đồng (Trường chính),THCS
Thành phố Hà Nội,Phường Phúc Lợi,Trường Trung học phổ thông Phúc Lợi,THPT
Thành phố Hà Nội,Phường Phúc Lợi,Trường Trung học phổ thông Tây Sơn,THPT
Thành phố Hà Nội,Phường Phương Liệt,Trường Mầm non May - May Kindergarten,Mầm non
Thành phố Hà Nội,Phường Phương Liệt,Trường Mầm non Mùa Xuân,Mầm non
Thành phố Hà Nội,Phường Phương Liệt,Trường Mầm non Phương Liệt,Mầm non
Thành phố Hà Nội,Phường Phương Liệt,Trường Mầm non Song ngữ STEAMeQ,Mầm non
Thành phố Hà Nội,Phường Phương Liệt,Trường Tiểu học Khương Mai,Tiểu học
Thành phố Hà Nội,Phường Phương Liệt,Trường Tiểu học Phương Liệt,Tiểu học
Thành phố Hà Nội,Phường Phương Liệt,"Trường Tiểu học, Trung học cơ sở và Trung học phổ thông May",Liên cấp
Thành phố Hà Nội,Phường Phương Liệt,Trường Trung học cơ sở Khương Mai,THCS
Thành phố Hà Nội,Phường Phương Liệt,Trường mầm non X20,Mầm non
Thành phố Hà Nội,Phường Sơn Tây,Trường Hữu nghị 80,
Thành phố Hà Nội,Phường Sơn Tây,Trường Mầm non Quang Trung,Mầm non
Thành phố Hà Nội,Phường Sơn Tây,Trường Mầm non Sao Việt,Mầm non
Thành phố Hà Nội,Phường Sơn Tây,Trường Mầm non Sơn Ca,Mầm non
Thành phố Hà Nội,Phường Sơn Tây,Trường Mầm non Trưng Vương,Mầm non
Thành phố Hà Nội,Phường Sơn Tây,Trường Mầm non Đường Lâm,Mầm non
Thành phố Hà Nội,Phường Sơn Tây,Trường Tiểu Học Trung Hưng,Tiểu học
Thành phố Hà Nội,Phường Sơn Tây,Trường Tiểu học Phú Thịnh,Tiểu học
Thành phố Hà Nội,Phường Sơn Tây,Trường Tiểu học Trần Phú,Tiểu học
Thành phố Hà Nội,Phường Sơn Tây,Trường Tiểu học Đường Lâm,Tiểu học
Thành phố Hà Nội,Phường Sơn Tây,Trường Trung học cơ sở Hồng Hà,THCS
Thành phố Hà Nội,Phường Sơn Tây,Trường Trung học cơ sở Ngô Quyền,THCS
Thành phố Hà Nội,Phường Sơn Tây,Trường Trung học cơ sở Phùng Hưng,THCS
Thành phố Hà Nội,Phường Sơn Tây,Trường Trung học cơ sở Phú Thịnh,THCS
Thành phố Hà Nội,Phường Sơn Tây,Trường Trung học cơ sở Sơn Tây,THCS
Thành phố Hà Nội,Phường Sơn Tây,Trường Trung học cơ sở Trung Hưng,THCS
Thành phố Hà Nội,Phường Sơn Tây,Trường Trung học cơ sở Viên Sơn,THCS
Thành phố Hà Nội,Phường Sơn Tây,Trường Trung học cơ sở Đường Lâm,THCS
Thành phố Hà Nội,Phường Sơn Tây,Trường Trung học phổ thông chuyên Sơn Tây,THPT
Thành phố Hà Nội,Phường Thanh Liệt,Trường Liên cấp Trung học cơ sở - Tiểu học Vietschool Pandora,Liên cấp
Thành phố Hà Nội,Phường Thanh Liệt,Trường Mầm non Chu Văn An,Mầm non
Thành phố Hà Nội,Phường Thanh Liệt,Trường Mầm non Thanh Liệt,Mầm non
Thành phố Hà Nội,Phường Thanh Liệt,Trường Mầm non Thanh Xuân Nam,Mầm non
Thành phố Hà Nội,Phường Thanh Liệt,Trường Mầm non Triều Khúc,Mầm non
Thành phố Hà Nội,Phường Thanh Liệt,Trường Mầm non Tuổi Hoa,Mầm non
Thành phố Hà Nội,Phường Thanh Liệt,Trường Mầm non Yên Xá,Mầm non
Thành phố Hà Nội,Phường Thanh Liệt,Trường Mầm non xã Tân Triều,Mầm non
Thành phố Hà Nội,Phường Thanh Liệt,Trường Tiểu học Chu Văn An,Tiểu học
Thành phố Hà Nội,Phường Thanh Liệt,Trường Tiểu học Phạm Tu,Tiểu học
Thành phố Hà Nội,Phường Thanh Liệt,Trường Tiểu học Thanh Xuân Nam,Tiểu học
Thành phố Hà Nội,Phường Thanh Liệt,Trường Tiểu học Triều Khúc,Tiểu học
Thành phố Hà Nội,Phường Thanh Liệt,Trường Tiểu học Tân Triều,Tiểu học
Thành phố Hà Nội,Phường Thanh Liệt,Trường Tiểu học Yên Xá,Tiểu học
Thành phố Hà Nội,Phường Thanh Liệt,Trường Trung học cơ sở & Trung học phổ thông Lương Thế Vinh (Cơ sở Tân Triều),THCS
Thành phố Hà Nội,Phường Thanh Liệt,Trường Trung học cơ sở Chu Văn An,THCS
Thành phố Hà Nội,Phường Thanh Liệt,Trường Trung học cơ sở Nguyễn Lân,THCS
Thành phố Hà Nội,Phường Thanh Liệt,Trường Trung học cơ sở Thanh Xuân Nam,THCS
Thành phố Hà Nội,Phường Thanh Liệt,Trường Trung học cơ sở Tân Triều,THCS
Thành phố Hà Nội,Phường Thanh Liệt,Trường Trung học phổ thông Trần Hưng Đạo - Thanh Xuân,THPT
Thành phố Hà Nội,Phường Thanh Xuân,"Nhóm Trẻ, Lớp Mẫu Giáo Độc Lập Bình Minh",Mầm non
Thành phố Hà Nội,Phường Thanh Xuân,SenTia School,
Thành phố Hà Nội,Phường Thanh Xuân,Trường Mầm non BVIS Early Years Centre,Mầm non
Thành phố Hà Nội,Phường Thanh Xuân,Trường Mầm non Nguyễn Tuân,Mầm non
Thành phố Hà Nội,Phường Thanh Xuân,Trường Mầm non TT Kid's House,Mầm non
Thành phố Hà Nội,Phường Thanh Xuân,Trường Mầm non Thanh Xuân Bắc,Mầm non
Thành phố Hà Nội,Phường Thanh Xuân,Trường Mầm non Thanh Xuân Trung,Mầm non
Thành phố Hà Nội,Phường Thanh Xuân,Trường Mầm non Thành Đông,Mầm non
Thành phố Hà Nội,Phường Thanh Xuân,Trường Mầm non Tràng An,Mầm non
Thành phố Hà Nội,Phường Thanh Xuân,Trường Mầm non Xanh,Mầm non
Thành phố Hà Nội,Phường Thanh Xuân,Trường Mầm non song ngữ Sasuke Thanh Xuân,Mầm non
Thành phố Hà Nội,Phường Thanh Xuân,Trường Quốc tế Anh Việt Hà Nội,
Thành phố Hà Nội,Phường Thanh Xuân,Trường Tiểu học Nguyễn Tuân,Tiểu học
Thành phố Hà Nội,Phường Thanh Xuân,Trường Tiểu học Nhân Chính,Tiểu học
Thành phố Hà Nội,Phường Thanh Xuân,Trường Tiểu học Phan Đình Giót,Tiểu học
Thành phố Hà Nội,Phường Thanh Xuân,Trường Tiểu học Thanh Xuân Bắc,Tiểu học
Thành phố Hà Nội,Phường Thanh Xuân,Trường Tiểu học Thanh Xuân Trung,Tiểu học
Thành phố Hà Nội,Phường Thanh Xuân,Trường Tiểu học Đặng Trần Côn,Tiểu học
Thành phố Hà Nội,Phường Thanh Xuân,Trường Trung học BVIS Secondary,
Thành phố Hà Nội,Phường Thanh Xuân,Trường Trung học cơ sở Nhân Chính,THCS
Thành phố Hà Nội,Phường Thanh Xuân,Trường Trung học cơ sở Phan Đình Giót,THCS
Thành phố Hà Nội,Phường Thanh Xuân,Trường Trung học cơ sở Thanh Xuân,THCS
Thành phố Hà Nội,Phường Thanh Xuân,Trường Trung học cơ sở Thanh Xuân Trung,THCS
Thành phố Hà Nội,Phường Thanh Xuân,Trường Trung học cơ sở Việt Nam - Angieri,THCS
Thành phố Hà Nội,Phường Thanh Xuân,Trường Trung học phổ thông Hoàng Mai,THPT
Thành phố Hà Nội,Phường Thanh Xuân,Trường Trung học phổ thông chuyên Khoa học Tự nhiên,THPT
Thành phố Hà Nội,Phường Thượng Cát,Trường Mầm non Liên Mạc,Mầm non
Thành phố Hà Nội,Phường Thượng Cát,Trường Mầm non Nguyễn Thị Minh Khai,Mầm non
Thành phố Hà Nội,Phường Thượng Cát,Trường Mầm non Thượng Cát,Mầm non
Thành phố Hà Nội,Phường Thượng Cát,Trường Mầm non Tân Phong,Mầm non
Thành phố Hà Nội,Phường Thượng Cát,Trường Tiểu học Liên Mạc,Tiểu học
Thành phố Hà Nội,Phường Thượng Cát,Trường Tiểu học Nguyễn Thị Minh Khai,Tiểu học
Thành phố Hà Nội,Phường Thượng Cát,Trường Tiểu học Thượng Cát,Tiểu học
Thành phố Hà Nội,Phường Thượng Cát,Trường Trung học cơ sở Liên Mạc,THCS
Thành phố Hà Nội,Phường Thượng Cát,Trường Trung học cơ sở Nguyễn Thị Minh Khai,THCS
Thành phố Hà Nội,Phường Thượng Cát,Trường Trung học cơ sở Thượng Cát,THCS
Thành phố Hà Nội,Phường Thượng Cát,Trường Trung học phổ thông Thượng Cát,THPT
Thành phố Hà Nội,Phường Tây Hồ,QSI School,Mầm non
Thành phố Hà Nội,Phường Tây Hồ,Quang An Preschool,Mầm non
Thành phố Hà Nội,Phường Tây Hồ,Thực Nghiệm,Mầm non
Thành phố Hà Nội,Phường Tây Hồ,Trường Mầm non Bình Minh,Mầm non
Thành phố Hà Nội,Phường Tây Hồ,Trường Mầm non Chu Văn An,Mầm non
Thành phố Hà Nội,Phường Tây Hồ,Trường Mầm non Tây Hồ,Mầm non
Thành phố Hà Nội,Phường Tây Hồ,Trường Quốc Tế Morning Star,Mầm non
Thành phố Hà Nội,Phường Tây Hồ,Trường Song ngữ Quốc tế Horizon,
Thành phố Hà Nội,Phường Tây Hồ,Trường Tiểu học Chu Văn An,Tiểu học
Thành phố Hà Nội,Phường Tây Hồ,Trường Tiểu học Chu Văn An A,Tiểu học
Thành phố Hà Nội,Phường Tây Hồ,Trường Tiểu học Quảng An,Tiểu học
Thành phố Hà Nội,Phường Tây Hồ,Trường Tiểu học và Trung học cơ sở Tây Hồ (Cơ sở 2),Liên cấp
Thành phố Hà Nội,Phường Tây Hồ,Trường Tiểu học Đông Thái,Tiểu học
Thành phố Hà Nội,Phường Tây Hồ,Trường Trung học cơ sở Chu Văn An,THCS
Thành phố Hà Nội,Phường Tây Hồ,Trường Trung học cơ sở Nhật Tân,THCS
Thành phố Hà Nội,Phường Tây Hồ,Trường Trung học cơ sở Quảng An,THCS
Thành phố Hà Nội,Phường Tây Hồ,Trường Trung học cơ sở Xuân La,THCS
Thành phố Hà Nội,Phường Tây Hồ,Trường Trung học cơ sở Đông Thái,THCS
Thành phố Hà Nội,Phường Tây Hồ,Trường Trung học phổ thông Phan Chu Trinh,THPT
Thành phố Hà Nội,Phường Tây Hồ,Trường Trung học phổ thông chuyên Chu Văn An,THPT
Thành phố Hà Nội,Phường Tây Hồ,Trường Trung học phổ thông Đông Đô,THPT
Thành phố Hà Nội,Phường Tây Hồ,Trường mầm non Ngôi sao sáng,Mầm non
Thành phố Hà Nội,Phường Tây Mỗ,Alpha School,
Thành phố Hà Nội,Phường Tây Mỗ,CapoKids,Mầm non
Thành phố Hà Nội,Phường Tây Mỗ,Finland Preschool,Mầm non
Thành phố Hà Nội,Phường Tây Mỗ,Little Friends 5 Preschool,Mầm non
Thành phố Hà Nội,Phường Tây Mỗ,Lớp mầm non độc lập Tomoe,Mầm non
Thành phố Hà Nội,Phường Tây Mỗ,Lớp mẫu giáo độc lập Thế Giới Tuổi Thơ,Mầm non
Thành phố Hà Nội,Phường Tây Mỗ,Mầm non RECO Kids,Mầm non
Thành phố Hà Nội,Phường Tây Mỗ,Mầm non VietHome,Mầm non
Thành phố Hà Nội,Phường Tây Mỗ,Nhóm trẻ mẫu giáo độc lập Nhật An,Mầm non
Thành phố Hà Nội,Phường Tây Mỗ,Red Bean Kindergarten,Mầm non
Thành phố Hà Nội,Phường Tây Mỗ,Trường Mầm non Lapland Hà Nội,Mầm non
Thành phố Hà Nội,Phường Tây Mỗ,Trường Mầm non Lômônôxốp An Khánh,Mầm non
Thành phố Hà Nội,Phường Tây Mỗ,Trường Mầm non Nhật Bản Haruki,Mầm non
Thành phố Hà Nội,Phường Tây Mỗ,Trường Mầm non Những Cánh Diều Bay,Mầm non
Thành phố Hà Nội,Phường Tây Mỗ,Trường Mầm non Nắng Xuân,Mầm non
Thành phố Hà Nội,Phường Tây Mỗ,Trường Mầm non Tây Mỗ 3,Mầm non
Thành phố Hà Nội,Phường Tây Mỗ,Trường Mầm non Tây Mỗ A,Mầm non
Thành phố Hà Nội,Phường Tây Mỗ,Trường Mầm non Vinschool,Mầm non
Thành phố Hà Nội,Phường Tây Mỗ,Trường Mầm non Đại Mỗ A,Mầm non
Thành phố Hà Nội,Phường Tây Mỗ,Trường Tiểu học Tây Mỗ,Tiểu học
Thành phố Hà Nội,Phường Tây Mỗ,Trường Tiểu học Tây Mỗ 3,Tiểu học
Thành phố Hà Nội,Phường Tây Mỗ,Trường Tiểu học Vinschool Smart City,Tiểu học
Thành phố Hà Nội,Phường Tây Mỗ,Trường Tiểu học Đại Mỗ,Tiểu học
Thành phố Hà Nội,Phường Tây Mỗ,Trường Tiểu học Đại Mỗ 3,Tiểu học
Thành phố Hà Nội,Phường Tây Mỗ,Trường Trung học Vinschool,
Thành phố Hà Nội,Phường Tây Mỗ,Trường Trung học cơ sở Nguyễn Quý Đức,THCS
Thành phố Hà Nội,Phường Tây Mỗ,Trường Trung học cơ sở Tây Mỗ,THCS
Thành phố Hà Nội,Phường Tây Mỗ,Trường Trung học cơ sở Tây Mỗ 3,THCS
Thành phố Hà Nội,Phường Tây Mỗ,Trường Trung học phổ thông Đại Mỗ,THPT
Thành phố Hà Nội,Phường Tây Tựu,Trường Mầm non Bắc Từ Liêm,Mầm non
Thành phố Hà Nội,Phường Tây Tựu,Trường Mầm non Phú Minh,Mầm non
Thành phố Hà Nội,Phường Tây Tựu,Trường Mầm non Phúc Lý,Mầm non
Thành phố Hà Nội,Phường Tây Tựu,Trường Mầm non Tây Tựu - Cơ sở 3,Mầm non
Thành phố Hà Nội,Phường Tây Tựu,Trường Tiểu học Bắc Từ Liêm,Tiểu học
Thành phố Hà Nội,Phường Tây Tựu,Trường Tiểu học Minh Khai A,Tiểu học
Thành phố Hà Nội,Phường Tây Tựu,Trường Tiểu học Minh Khai B,Tiểu học
Thành phố Hà Nội,Phường Tây Tựu,Trường Tiểu học Tây Tựu A,Tiểu học
Thành phố Hà Nội,Phường Tây Tựu,Trường Tiểu học Tây Tựu B,Tiểu học
Thành phố Hà Nội,Phường Tây Tựu,Trường Trung học cơ sở Bắc Từ Liêm,THCS
Thành phố Hà Nội,Phường Tây Tựu,Trường Trung học cơ sở Minh Khai,THCS
Thành phố Hà Nội,Phường Tây Tựu,Trường Trung học cơ sở Tây Tựu,THCS
Thành phố Hà Nội,Phường Tây Tựu,Trường Trung học phổ thông Tây Đô,THPT
Thành phố Hà Nội,Phường Tùng Thiện,Trường Mầm non Sơn Lộc,Mầm non
Thành phố Hà Nội,Phường Tùng Thiện,Trường Tiểu học Sơn Lộc,Tiểu học
Thành phố Hà Nội,Phường Tùng Thiện,Trường Trung học cơ sở Sơn Lộc,THCS
Thành phố Hà Nội,Phường Tùng Thiện,Trường Trung học cơ sở Trung Sơn Trầm,THCS
Thành phố Hà Nội,Phường Tùng Thiện,Trường Trung học cơ sở Xuân Khanh,THCS
Thành phố Hà Nội,Phường Tùng Thiện,Trường Trung học phổ thông Tùng Thiện,THPT
Thành phố Hà Nội,Phường Tùng Thiện,Trường Trung học phổ thông Xuân Khanh,THPT
Thành phố Hà Nội,Phường Tương Mai,Trường Mầm non Giáp Bát (phân hiệu 1),Mầm non
Thành phố Hà Nội,Phường Tương Mai,Trường Mầm non Giáp Bát (phân hiệu 2),Mầm non
Thành phố Hà Nội,Phường Tương Mai,Trường Mầm non Giáp Bát (phân hiệu 3),Mầm non
Thành phố Hà Nội,Phường Tương Mai,Trường Mầm non Hoàng Văn Thụ (phân hiệu 1),Mầm non
Thành phố Hà Nội,Phường Tương Mai,Trường Mầm non Hoàng Văn Thụ (phân hiệu 2),Mầm non
Thành phố Hà Nội,Phường Tương Mai,Trường Mầm non Hoàng Văn Thụ (phân hiệu 3),Mầm non
Thành phố Hà Nội,Phường Tương Mai,Trường Mầm non Tư thục Thanh Mai,Mầm non
Thành phố Hà Nội,Phường Tương Mai,Trường Mầm non Tương Mai (phân hiệu 1),Mầm non
Thành phố Hà Nội,Phường Tương Mai,Trường Mầm non Tương Mai (phân hiệu 2),Mầm non
Thành phố Hà Nội,Phường Tương Mai,Trường Mầm non Tương Mai (thuộc phân hiệu 2),Mầm non
Thành phố Hà Nội,Phường Tương Mai,Trường Tiểu học Công nghệ giáo dục Hà Nội - Alpha School,Tiểu học
Thành phố Hà Nội,Phường Tương Mai,Trường Tiểu học Giáp Bát (điểm 1),Tiểu học
Thành phố Hà Nội,Phường Tương Mai,Trường Tiểu học Giáp Bát (điểm 2),Tiểu học
Thành phố Hà Nội,Phường Tương Mai,Trường Tiểu học Giáp Bát (điểm 3),Tiểu học
Thành phố Hà Nội,Phường Tương Mai,Trường Tiểu học Hoàng Văn Thụ (thuộc điểm 2),Tiểu học
Thành phố Hà Nội,Phường Tương Mai,Trường Tiểu học Hoàng Văn Thụ (điểm 1),Tiểu học
Thành phố Hà Nội,Phường Tương Mai,Trường Tiểu học Hoàng Văn Thụ (điểm 2),Tiểu học
Thành phố Hà Nội,Phường Tương Mai,Trường Tiểu học Tân Mai,Tiểu học
Thành phố Hà Nội,Phường Tương Mai,Trường Tiểu học Tân Định,Tiểu học
Thành phố Hà Nội,Phường Tương Mai,Trường Tiểu học Tân Định (Cơ Sở 2),Tiểu học
Thành phố Hà Nội,Phường Tương Mai,Trường Trung học cơ sở Giáp Bát (điểm 1),THCS
Thành phố Hà Nội,Phường Tương Mai,Trường Trung học cơ sở Giáp Bát (điểm 2),THCS
Thành phố Hà Nội,Phường Tương Mai,Trường Trung học cơ sở Hoàng Văn Thụ (điểm 1),THCS
Thành phố Hà Nội,Phường Tương Mai,Trường Trung học cơ sở Hoàng Văn Thụ (điểm 2),THCS
Thành phố Hà Nội,Phường Tương Mai,Trường Trung học cơ sở Tân Mai,THCS
Thành phố Hà Nội,Phường Tương Mai,Trường Trung học cơ sở Tân Định,THCS
Thành phố Hà Nội,Phường Tương Mai,Trường Trung học phổ thông Văn Hiến,THPT
Thành phố Hà Nội,Phường Tương Mai,Trường Trung học phổ thông Đông Kinh,THPT
Thành phố Hà Nội,Phường Tương Mai,Trường mầm non Ánh Sao Mai,Mầm non
Thành phố Hà Nội,Phường Từ Liêm,Giảng đường Mỹ Đình - Trường Khoa học liên ngành và Nghệ thuật,
Thành phố Hà Nội,Phường Từ Liêm,Green School Mỹ Đình,
Thành phố Hà Nội,Phường Từ Liêm,Sakura Montessori,Mầm non
Thành phố Hà Nội,Phường Từ Liêm,Trường Liên cấp Việt - Úc Hà Nội,Liên cấp
Thành phố Hà Nội,Phường Từ Liêm,Trường Marie Curie,
Thành phố Hà Nội,Phường Từ Liêm,Trường Mầm non Hoa Anh Đào,Mầm non
Thành phố Hà Nội,Phường Từ Liêm,Trường Mầm non Hạt Giống Vàng,Mầm non
Thành phố Hà Nội,Phường Từ Liêm,Trường Mầm non Lê Quý Đôn,Mầm non
Thành phố Hà Nội,Phường Từ Liêm,Trường Mầm non Lômônôxốp,Mầm non
Thành phố Hà Nội,Phường Từ Liêm,Trường Mầm non Từ Liêm 1,Mầm non
Thành phố Hà Nội,Phường Từ Liêm,Trường Mầm non Từ Liêm 1 (phân hiệu),Mầm non
Thành phố Hà Nội,Phường Từ Liêm,Trường Mầm non Từ Liêm 2,Mầm non
Thành phố Hà Nội,Phường Từ Liêm,Trường Mầm non Từ Liêm 2 (phân hiệu 1),Mầm non
Thành phố Hà Nội,Phường Từ Liêm,Trường Mầm non Từ Liêm 3,Mầm non
Thành phố Hà Nội,Phường Từ Liêm,Trường Mầm non Từ Liêm 3 (điểm trường 1),Mầm non
Thành phố Hà Nội,Phường Từ Liêm,Trường Mầm non Vinschool Gardenia,Mầm non
Thành phố Hà Nội,Phường Từ Liêm,Trường Mầm non Việt Anh Bright Preschool,Mầm non
Thành phố Hà Nội,Phường Từ Liêm,Trường Nhật Bản Hà Nội,
Thành phố Hà Nội,Phường Từ Liêm,Trường Phổ thông Năng khiếu Thể dục thể thao Hà Nội,THPT
Thành phố Hà Nội,Phường Từ Liêm,Trường Tiểu học Lê Quý Đôn,Tiểu học
Thành phố Hà Nội,Phường Từ Liêm,Trường Tiểu học Lômônôxốp,Tiểu học
Thành phố Hà Nội,Phường Từ Liêm,Trường Tiểu học Mễ Trì,Tiểu học
Thành phố Hà Nội,Phường Từ Liêm,Trường Tiểu học Phú Đô,Tiểu học
Thành phố Hà Nội,Phường Từ Liêm,Trường Tiểu học Từ Liêm 1,Tiểu học
Thành phố Hà Nội,Phường Từ Liêm,Trường Tiểu học Từ Liêm 1 (phân hiệu),Tiểu học
Thành phố Hà Nội,Phường Từ Liêm,Trường Tiểu học Từ Liêm 2 (phân hiệu),Tiểu học
Thành phố Hà Nội,Phường Từ Liêm,Trường Tiểu học Vinschool Gardenia,Tiểu học
Thành phố Hà Nội,Phường Từ Liêm,Trường Tiểu học Đoàn Thị Điểm,Tiểu học
Thành phố Hà Nội,Phường Từ Liêm,Trường Trung học cơ sở & Trung học phổ thông Lê Quý Đôn,THCS
Thành phố Hà Nội,Phường Từ Liêm,Trường Trung học cơ sở & Trung học phổ thông M.V. Lômônôxốp,THCS
Thành phố Hà Nội,Phường Từ Liêm,Trường Trung học cơ sở - Trung học phổ thông Trần Quốc Tuấn,THCS
Thành phố Hà Nội,Phường Từ Liêm,Trường Trung học cơ sở Cầu Diễn,THCS
Thành phố Hà Nội,Phường Từ Liêm,Trường Trung học cơ sở Mai Dịch,THCS
Thành phố Hà Nội,Phường Từ Liêm,Trường Trung học cơ sở Mễ Trì,THCS
Thành phố Hà Nội,Phường Từ Liêm,Trường Trung học cơ sở Mỹ Đình 1,THCS
Thành phố Hà Nội,Phường Từ Liêm,Trường Trung học cơ sở Mỹ Đình 2,THCS
Thành phố Hà Nội,Phường Từ Liêm,Trường Trung học cơ sở Phú Đô,THCS
Thành phố Hà Nội,Phường Từ Liêm,Trường Trung học cơ sở Đoàn Thị Điểm,THCS
Thành phố Hà Nội,Phường Từ Liêm,Trường Trung học phổ thông Mỹ Đình,THPT
Thành phố Hà Nội,Phường Từ Liêm,Trường Trung học phổ thông Trí Đức,THPT
Thành phố Hà Nội,Phường Từ Liêm,Trường mầm non Mễ Trì,Mầm non
Thành phố Hà Nội,Phường Việt Hưng,Trường Mầm Non Thiên Đường Trẻ Thơ,Mầm non
Thành phố Hà Nội,Phường Việt Hưng,Trường Mầm non Chu Văn An,Mầm non
Thành phố Hà Nội,Phường Việt Hưng,Trường Mầm non Giang Biên,Mầm non
Thành phố Hà Nội,Phường Việt Hưng,Trường Mầm non Hoa Hướng Dương,Mầm non
Thành phố Hà Nội,Phường Việt Hưng,Trường Mầm non Hoa Thủy Tiên,Mầm non
Thành phố Hà Nội,Phường Việt Hưng,Trường Mầm non Tràng An,Mầm non
Thành phố Hà Nội,Phường Việt Hưng,Trường Mầm non Việt Hưng,Mầm non
Thành phố Hà Nội,Phường Việt Hưng,Trường Mầm non Ánh Sao,Mầm non
Thành phố Hà Nội,Phường Việt Hưng,Trường Phổ thông cơ sở Hy Vọng,THPT
Thành phố Hà Nội,Phường Việt Hưng,Trường Tiểu học Giang Biên,Tiểu học
Thành phố Hà Nội,Phường Việt Hưng,Trường Tiểu học Ngô Gia Tự,Tiểu học
Thành phố Hà Nội,Phường Việt Hưng,Trường Tiểu học Thanh Am,Tiểu học
Thành phố Hà Nội,Phường Việt Hưng,Trường Tiểu học Thuợng Thanh,Tiểu học
Thành phố Hà Nội,Phường Việt Hưng,Trường Tiểu học Việt Hưng,Tiểu học
Thành phố Hà Nội,Phường Việt Hưng,Trường Tiểu học Đoàn Khuê,Tiểu học
Thành phố Hà Nội,Phường Việt Hưng,Trường Tiểu học Đô thị Việt Hưng,Tiểu học
Thành phố Hà Nội,Phường Việt Hưng,Trường Tiểu học Đức Giang,Tiểu học
Thành phố Hà Nội,Phường Việt Hưng,Trường Trung học cơ sở Chu Văn An,THCS
Thành phố Hà Nội,Phường Việt Hưng,Trường Trung học cơ sở Giang Biên,THCS
Thành phố Hà Nội,Phường Việt Hưng,Trường Trung học cơ sở Ngô Gia Tự,THCS
Thành phố Hà Nội,Phường Việt Hưng,Trường Trung học cơ sở Thanh Am,THCS
Thành phố Hà Nội,Phường Việt Hưng,Trường Trung học cơ sở Thượng Thanh,THCS
Thành phố Hà Nội,Phường Việt Hưng,Trường Trung học cơ sở Việt Hưng,THCS
Thành phố Hà Nội,Phường Việt Hưng,Trường Trung học cơ sở Đô thị Việt Hưng,THCS
Thành phố Hà Nội,Phường Việt Hưng,Trường Trung học cơ sở Đức Giang,THCS
Thành phố Hà Nội,Phường Việt Hưng,Trường Trung học phổ thông Lê Văn Thiêm,THPT
Thành phố Hà Nội,Phường Việt Hưng,Trường Trung học phổ thông Lý Thường Kiệt,THPT
Thành phố Hà Nội,Phường Việt Hưng,Trường liên cấp Marie Curie – Long Biên,Liên cấp
Thành phố Hà Nội,Phường Văn Miếu - Quốc Tử Giám,Trường Mầm non Kim Đồng,Mầm non
Thành phố Hà Nội,Phường Văn Miếu - Quốc Tử Giám,Trường Mầm non Nắng Hồng,Mầm non
Thành phố Hà Nội,Phường Văn Miếu - Quốc Tử Giám,Trường Mầm non Trung Phụng (Cơ sở 2),Mầm non
Thành phố Hà Nội,Phường Văn Miếu - Quốc Tử Giám,Trường Tiểu học Văn Miếu - Quốc Tử Giám,Tiểu học
Thành phố Hà Nội,Phường Văn Miếu - Quốc Tử Giám,Trường Tiểu học Văn Miếu - Quốc Tử Giám (phân hiệu 1),Tiểu học
Thành phố Hà Nội,Phường Văn Miếu - Quốc Tử Giám,Trường Tiểu học Văn Miếu - Quốc Tử Giám (phân hiệu 2),Tiểu học
Thành phố Hà Nội,Phường Văn Miếu - Quốc Tử Giám,Trường Tiểu học và Trung học cơ sở Lý Thường Kiệt,Liên cấp
Thành phố Hà Nội,Phường Văn Miếu - Quốc Tử Giám,Trường Trung học cơ sở Văn Miếu - Quốc Tử Giám,THCS
Thành phố Hà Nội,Phường Vĩnh Hưng,Trưòng Mầm non Vĩnh Hưng (phân hiệu 1),Mầm non
Thành phố Hà Nội,Phường Vĩnh Hưng,Trưòng Mầm non Vĩnh Hưng (phân hiệu 3),Mầm non
Thành phố Hà Nội,Phường Vĩnh Hưng,Trưòng Tiểu học Vạn Xuân,Tiểu học
Thành phố Hà Nội,Phường Vĩnh Hưng,Trưòng Tiểu học và Trung học cơ sở Nam Dư,Liên cấp
Thành phố Hà Nội,Phường Vĩnh Hưng,Trường Mầm non Họa Mi,Mầm non
Thành phố Hà Nội,Phường Vĩnh Hưng,Trường Mầm non Họa Mi (phân hiệu 1),Mầm non
Thành phố Hà Nội,Phường Vĩnh Hưng,Trường Mầm non Họa Mi (phân hiệu 2),Mầm non
Thành phố Hà Nội,Phường Vĩnh Hưng,Trường Mầm non Vĩnh Hưng,Mầm non
Thành phố Hà Nội,Phường Vĩnh Hưng,Trường Mầm non Vĩnh Hưng (phân hiệu 2),Mầm non
Thành phố Hà Nội,Phường Vĩnh Hưng,Trường Tiểu học Thanh Lân,Tiểu học
Thành phố Hà Nội,Phường Vĩnh Hưng,Trường Tiểu học Vĩnh Hưng,Tiểu học
Thành phố Hà Nội,Phường Vĩnh Hưng,Trường Tiểu học và Trung học cơ sở Thanh Đàm,Liên cấp
Thành phố Hà Nội,Phường Vĩnh Hưng,Trường Tiểu học và Trung học cơ sở Thanh Đàm (phân hiệu),Liên cấp
Thành phố Hà Nội,Phường Vĩnh Hưng,Trường Tiểu học và Trung học cơ sở Tân Khai,Liên cấp
Thành phố Hà Nội,Phường Vĩnh Hưng,Trường Trung học cơ sở Vĩnh Hưng,THCS
Thành phố Hà Nội,Phường Vĩnh Tuy,Trường Mầm non Hoa Phượng,Mầm non
Thành phố Hà Nội,Phường Vĩnh Tuy,Trường Mầm non Lạc Trung,Mầm non
Thành phố Hà Nội,Phường Vĩnh Tuy,Trường Mầm non Thanh Lương,Mầm non
Thành phố Hà Nội,Phường Vĩnh Tuy,Trường Mầm non Ánh Sao,Mầm non
Thành phố Hà Nội,Phường Vĩnh Tuy,Trường Phổ thông cơ sở Nguyễn Đình Chiểu,THPT
Thành phố Hà Nội,Phường Vĩnh Tuy,Trường Tiểu học Mai Động,Tiểu học
Thành phố Hà Nội,Phường Vĩnh Tuy,Trường Tiểu học Thanh Lương,Tiểu học
Thành phố Hà Nội,Phường Vĩnh Tuy,Trường Tiểu học Times School Minh Khai,Tiểu học
Thành phố Hà Nội,Phường Vĩnh Tuy,Trường Tiểu học Võ Thị Sáu,Tiểu học
Thành phố Hà Nội,Phường Vĩnh Tuy,Trường Trung học Vinschool Times City,
Thành phố Hà Nội,Phường Vĩnh Tuy,Trường Trung học cơ sở Mai Động,THCS
Thành phố Hà Nội,Phường Vĩnh Tuy,Trường Trung học cơ sở Mai Động (Phân hiệu 2),THCS
Thành phố Hà Nội,Phường Vĩnh Tuy,Vinschool,
Thành phố Hà Nội,Phường Xuân Phương,THPT FPT Tây Hà Nội - FPT Tây Hà Nội High School,THPT
Thành phố Hà Nội,Phường Xuân Phương,Trường Mầm non Nam Từ Liêm,Mầm non
Thành phố Hà Nội,Phường Xuân Phương,Trường Mầm non Phương Canh,Mầm non
Thành phố Hà Nội,Phường Xuân Phương,Trường Mầm non Xuân Phương (phân hiệu 1),Mầm non
Thành phố Hà Nội,Phường Xuân Phương,Trường Mầm non Xuân Phương (phân hiệu 2),Mầm non
Thành phố Hà Nội,Phường Xuân Phương,Trường Mầm non Xuân Phương (điểm trường 1),Mầm non
Thành phố Hà Nội,Phường Xuân Phương,Trường Mầm non Xuân Phương (điểm trường 2),Mầm non
Thành phố Hà Nội,Phường Xuân Phương,Trường Phổ thông Liên cấp Tây Hà Nội,Liên cấp
Thành phố Hà Nội,Phường Xuân Phương,Trường Tiểu học Nam Từ Liêm,Tiểu học
Thành phố Hà Nội,Phường Xuân Phương,Trường Tiểu học Phenikaa,Tiểu học
Thành phố Hà Nội,Phường Xuân Phương,Trường Tiểu học Phương Canh,Tiểu học
Thành phố Hà Nội,Phường Xuân Phương,Trường Tiểu học Xuân Phương,Tiểu học
Thành phố Hà Nội,Phường Xuân Phương,Trường Tiểu học Xuân Phương (phân hiệu 1),Tiểu học
Thành phố Hà Nội,Phường Xuân Phương,Trường Trung học cơ sở & Trung học phổ thông Phenikaa,THCS
Thành phố Hà Nội,Phường Xuân Phương,Trường Trung học cơ sở Nam Từ Liêm,THCS
Thành phố Hà Nội,Phường Xuân Phương,Trường Trung học cơ sở Xuân Phương,THCS
Thành phố Hà Nội,Phường Xuân Phương,Trường Trung học cơ sở Xuân Phương (phân hiệu 1),THCS
Thành phố Hà Nội,Phường Xuân Phương,Trường Trung học cơ sở Xuân Phương (phân hiệu 2),THCS
Thành phố Hà Nội,Phường Xuân Phương,Trường Trung học phổ thông Xuân Phương,THPT
Thành phố Hà Nội,Phường Xuân Đỉnh,Lớp mẫu giáo độc lập Lá Phong Xanh,Mầm non
Thành phố Hà Nội,Phường Xuân Đỉnh,Trưòng Mầm non Xuân Đỉnh,Mầm non
Thành phố Hà Nội,Phường Xuân Đỉnh,Trường Dewey Tây Hồ Tây,
Thành phố Hà Nội,Phường Xuân Đỉnh,Trường Tiểu học Xuân La,Tiểu học
Thành phố Hà Nội,Phường Xuân Đỉnh,Trường Tiểu học Xuân Đỉnh,Tiểu học
Thành phố Hà Nội,Phường Xuân Đỉnh,Trường Trung học cơ sở Xuân Đỉnh,THCS
Thành phố Hà Nội,Phường Xuân Đỉnh,Trường Trung học phổ thông Xuân Đỉnh,THPT
Thành phố Hà Nội,Phường Xuân Đỉnh,Westlink International School Hanoi (khối Tiểu học),Tiểu học
Thành phố Hà Nội,Phường Xuân Đỉnh,Westlink International School Hanoi (khối Trung học cơ sở),THCS
Thành phố Hà Nội,Phường Yên Hòa,Amy School,Mầm non
Thành phố Hà Nội,Phường Yên Hòa,Lớp mầm non độc lập Lá Phong Xanh,Mầm non
Thành phố Hà Nội,Phường Yên Hòa,Trường Hà Nội Toronto,
Thành phố Hà Nội,Phường Yên Hòa,Trường Liên cấp TH & Trung học cơ sở Ngôi Sao Hà Nội,Liên cấp
Thành phố Hà Nội,Phường Yên Hòa,Trường Mầm non Bình Minh,Mầm non
Thành phố Hà Nội,Phường Yên Hòa,Trường Mầm non Bình Minh - Phân hiệu,Mầm non
Thành phố Hà Nội,Phường Yên Hòa,Trường Mầm non Hoa Sen,Mầm non
Thành phố Hà Nội,Phường Yên Hòa,Trường Mầm non Hoa Trà My,Mầm non
Thành phố Hà Nội,Phường Yên Hòa,Trường Mầm non Lý Thái Tổ 2,Mầm non
Thành phố Hà Nội,Phường Yên Hòa,Trường Mầm non Năng khiếu Louis,Mầm non
Thành phố Hà Nội,Phường Yên Hòa,Trường Mầm non Peace School,Mầm non
Thành phố Hà Nội,Phường Yên Hòa,Trường Mầm non Trung Hoà,Mầm non
Thành phố Hà Nội,Phường Yên Hòa,Trường Mầm non Trăng Đỏ,Mầm non
Thành phố Hà Nội,Phường Yên Hòa,Trường Mầm non Yên Hoà,Mầm non
Thành phố Hà Nội,Phường Yên Hòa,Trường Mầm non Yên Hòa - Phân hiệu 2,Mầm non
Thành phố Hà Nội,Phường Yên Hòa,Trường Mầm non Yên Hòa - Phân hiệu I,Mầm non
Thành phố Hà Nội,Phường Yên Hòa,Trường Phổ thông Liên cấp Nguyễn Siêu,Liên cấp
Thành phố Hà Nội,Phường Yên Hòa,Trường Quốc tế St. Mary's,Mầm non
Thành phố Hà Nội,Phường Yên Hòa,Trường Tiểu học Jean Piaget,Tiểu học
Thành phố Hà Nội,Phường Yên Hòa,Trường Tiểu học Lý Thái Tổ,Tiểu học
Thành phố Hà Nội,Phường Yên Hòa,Trường Tiểu học Nam Trung Yên,Tiểu học
Thành phố Hà Nội,Phường Yên Hòa,Trường Tiểu học Nguyễn Viết Xuân,Tiểu học
Thành phố Hà Nội,Phường Yên Hòa,Trường Tiểu học Trung Hòa,Tiểu học
Thành phố Hà Nội,Phường Yên Hòa,Trường Tiểu học Trung Yên,Tiểu học
Thành phố Hà Nội,Phường Yên Hòa,Trường Tiểu học Yên Hòa,Tiểu học
Thành phố Hà Nội,Phường Yên Hòa,Trường Trung học cơ sở & Trung học phổ thông Lý Thái Tổ,THCS
Thành phố Hà Nội,Phường Yên Hòa,Trường Trung học cơ sở & Trung học phổ thông Lương Thế Vinh (Cơ sở Cầu Giấy),THCS
Thành phố Hà Nội,Phường Yên Hòa,Trường Trung học cơ sở Cầu Giấy,THCS
Thành phố Hà Nội,Phường Yên Hòa,Trường Trung học cơ sở Nam Trung Yên,THCS
Thành phố Hà Nội,Phường Yên Hòa,Trường Trung học cơ sở Trung Hòa,THCS
Thành phố Hà Nội,Phường Yên Hòa,Trường Trung học cơ sở Trần Duy Hưng,THCS
Thành phố Hà Nội,Phường Yên Hòa,Trường Trung học cơ sở Yên Hòa,THCS
Thành phố Hà Nội,Phường Yên Hòa,Trường Trung học cơ sở Yên Hòa - Phân hiệu,THCS
Thành phố Hà Nội,Phường Yên Hòa,Trường Trung học phổ thông Hoàng Quán Chi,THPT
Thành phố Hà Nội,Phường Yên Hòa,Trường Trung học phổ thông Yên Hòa,THPT
Thành phố Hà Nội,Phường Yên Hòa,Trường Trung học phổ thông chuyên Hà Nội - Amsterdam,THPT
Thành phố Hà Nội,Phường Yên Nghĩa,Trường Mầm non Hòa Bình,Mầm non
Thành phố Hà Nội,Phường Yên Nghĩa,Trường Mầm non Lê Trọng Tấn,Mầm non
Thành phố Hà Nội,Phường Yên Nghĩa,Trường Mầm non Đồng Dương,Mầm non
Thành phố Hà Nội,Phường Yên Nghĩa,Trường Mầm non Đồng Mai,Mầm non
Thành phố Hà Nội,Phường Yên Nghĩa,Trường Tiểu học Lê Trọng Tấn,Tiểu học
Thành phố Hà Nội,Phường Yên Nghĩa,Trường Tiểu học Yên Nghĩa,Tiểu học
Thành phố Hà Nội,Phường Yên Nghĩa,Trường Tiểu học Yên Nghĩa (Phân khu B),Tiểu học
Thành phố Hà Nội,Phường Yên Nghĩa,Trường Tiểu học Đồng Mai 1,Tiểu học
Thành phố Hà Nội,Phường Yên Nghĩa,Trường Tiểu học Đồng Mai 2,Tiểu học
Thành phố Hà Nội,Phường Yên Nghĩa,Trường Trung học cơ sở Yên Nghĩa,THCS
Thành phố Hà Nội,Phường Yên Nghĩa,Trường Trung học cơ sở Đồng Mai,THCS
Thành phố Hà Nội,Phường Yên Sở,Trường Mầm non A Tứ Hiệp,Mầm non
Thành phố Hà Nội,Phường Yên Sở,Trường Mầm non Hoa Ban,Mầm non
Thành phố Hà Nội,Phường Yên Sở,Trường Mầm non Phạm Tu,Mầm non
Thành phố Hà Nội,Phường Yên Sở,Trường Mầm non Yên Sở (cơ sở 3),Mầm non
Thành phố Hà Nội,Phường Yên Sở,Trường Mầm non Ánh Sao,Mầm non
Thành phố Hà Nội,Phường Yên Sở,Trường Tiểu học Pháp Vân,Tiểu học
Thành phố Hà Nội,Phường Yên Sở,Trường Tiểu học Tứ Hiệp,Tiểu học
Thành phố Hà Nội,Phường Yên Sở,Trường Tiểu học Yên Sở (cơ sở 2),Tiểu học
Thành phố Hà Nội,Phường Yên Sở,Trường Trung học cơ sở Chu Văn An,THCS
Thành phố Hà Nội,Phường Yên Sở,Trường Trung học cơ sở Tứ Hiệp,THCS
Thành phố Hà Nội,Phường Yên Sở,Trường Trung học phổ thông Đỗ Mười,THPT
Thành phố Hà Nội,Phường Ô Chợ Dừa,Trường Mầm non Cát Linh,Mầm non
Thành phố Hà Nội,Phường Ô Chợ Dừa,Trường Mầm non Cát Linh (phân hiệu 1),Mầm non
Thành phố Hà Nội,Phường Ô Chợ Dừa,Trường Mầm non Cát Linh (phân hiệu 2),Mầm non
Thành phố Hà Nội,Phường Ô Chợ Dừa,Trường Mầm non Ô Chợ Dừa,Mầm non
Thành phố Hà Nội,Phường Ô Chợ Dừa,Trường Mầm non Ô Chợ Dừa (phân hiệu 1),Mầm non
Thành phố Hà Nội,Phường Ô Chợ Dừa,Trường Mầm non Ô Chợ Dừa (phân hiệu 2),Mầm non
Thành phố Hà Nội,Phường Ô Chợ Dừa,Trường Tiểu học Cát Linh,Tiểu học
Thành phố Hà Nội,Phường Ô Chợ Dừa,Trường Tiểu học Cát Linh - Phân hiệu Tô Vĩnh Diện,Tiểu học
Thành phố Hà Nội,Phường Ô Chợ Dừa,Trường Trung học cơ sở Cát Linh,THCS
Thành phố Hà Nội,Phường Ô Chợ Dừa,Trường Trung học cơ sở Cát Linh - Phân hiệu Tô Vĩnh Diện,THCS
Thành phố Hà Nội,Phường Ô Chợ Dừa,Trường Trung học cơ sở Nguyễn Trường Tộ,THCS
Thành phố Hà Nội,Phường Ô Chợ Dừa,Trường Trung học phổ thông Đống Đa,THPT
Thành phố Hà Nội,Phường Đông Ngạc,Trường Mầm Non Tư Thục Hoa Mai,Mầm non
Thành phố Hà Nội,Phường Đông Ngạc,Trường Mầm non Hoàng Tăng Bí,Mầm non
Thành phố Hà Nội,Phường Đông Ngạc,Trường Mầm non Thuỵ Phương,Mầm non
Thành phố Hà Nội,Phường Đông Ngạc,Trường Mầm non Tuổi Hoa,Mầm non
Thành phố Hà Nội,Phường Đông Ngạc,Trường Mầm non Việt Mỹ,Mầm non
Thành phố Hà Nội,Phường Đông Ngạc,Trường Mầm non Đông Ngạc,Mầm non
Thành phố Hà Nội,Phường Đông Ngạc,Trường Mầm non Đông Ngạc A,Mầm non
Thành phố Hà Nội,Phường Đông Ngạc,Trường Mầm non Đức Thắng,Mầm non
Thành phố Hà Nội,Phường Đông Ngạc,Trường Phổ thông Đoàn Thị Điểm,THPT
Thành phố Hà Nội,Phường Đông Ngạc,Trường Tiểu học Cổ Nhuế 2A,Tiểu học
Thành phố Hà Nội,Phường Đông Ngạc,Trường Tiểu học Cổ Nhuế 2B,Tiểu học
Thành phố Hà Nội,Phường Đông Ngạc,Trường Tiểu học Thuỵ Phương,Tiểu học
Thành phố Hà Nội,Phường Đông Ngạc,Trường Tiểu học Đông Ngạc,Tiểu học
Thành phố Hà Nội,Phường Đông Ngạc,Trường Tiểu học Đông Ngạc A,Tiểu học
Thành phố Hà Nội,Phường Đông Ngạc,Trường Tiểu học Đông Ngạc B,Tiểu học
Thành phố Hà Nội,Phường Đông Ngạc,Trường Tiểu học Đức Thắng,Tiểu học
Thành phố Hà Nội,Phường Đông Ngạc,Trường Trung học cơ sở Đông Ngạc,THCS
Thành phố Hà Nội,Phường Đông Ngạc,Trường Trung học cơ sở Đông Ngạc (phân hiệu),THCS
Thành phố Hà Nội,Phường Đông Ngạc,Trường Trung học cơ sở Đông Ngạc A,THCS
Thành phố Hà Nội,Phường Đông Ngạc,Trường Trung học cơ sở Đông Ngạc A (phân hiệu),THCS
Thành phố Hà Nội,Phường Đông Ngạc,Trường Trung học phổ thông DL Huỳnh Thúc Kháng,THPT
Thành phố Hà Nội,Phường Đông Ngạc,V34-Lớp mẫu giáo độc lập,Mầm non
Thành phố Hà Nội,Phường Đại Mỗ,Casa Dei Piccioni,Mầm non
Thành phố Hà Nội,Phường Đại Mỗ,Lớp mầm non tư thục Xứ sở thần tiên,Mầm non
Thành phố Hà Nội,Phường Đại Mỗ,Lớp mầm non độc lập Vườn Hồng,Mầm non
Thành phố Hà Nội,Phường Đại Mỗ,Trường Mầm non Phùng Khoang,Mầm non
Thành phố Hà Nội,Phường Đại Mỗ,Trường Mầm non Sasuke Hà Đông,Mầm non
Thành phố Hà Nội,Phường Đại Mỗ,Trường Mầm non Trung Văn,Mầm non
Thành phố Hà Nội,Phường Đại Mỗ,Trường Mầm non Đại Mỗ B,Mầm non
Thành phố Hà Nội,Phường Đại Mỗ,Trường Phổ thông Liên cấp Genesis Hà Nội,Liên cấp
Thành phố Hà Nội,Phường Đại Mỗ,Trường Phổ thông Liên cấp Olympia,Liên cấp
Thành phố Hà Nội,Phường Đại Mỗ,Trường Tiểu học Nguyễn Du,Tiểu học
Thành phố Hà Nội,Phường Đại Mỗ,Trường Tiểu học Nguyễn Quý Đức,Tiểu học
Thành phố Hà Nội,Phường Đại Mỗ,Trường Tiểu học Trung Văn,Tiểu học
Thành phố Hà Nội,Phường Đại Mỗ,Trường Trung học cơ sở Nguyễn Du,THCS
Thành phố Hà Nội,Phường Đại Mỗ,Trường Trung học cơ sở Trung Văn,THCS
Thành phố Hà Nội,Phường Đại Mỗ,Trường Trung học cơ sở Đại Mỗ,THCS
Thành phố Hà Nội,Phường Đại Mỗ,Trường Trung học phổ thông Trung Văn,THPT
Thành phố Hà Nội,Phường Đại Mỗ,Trường Vinschool Greenbay,
Thành phố Hà Nội,Phường Định Công,Bill Gates Schools,
Thành phố Hà Nội,Phường Định Công,Trường Dwight Hà Nội,
Thành phố Hà Nội,Phường Định Công,Trường Mầm Non - Tiểu Học Bạch Dương,Mầm non
Thành phố Hà Nội,Phường Định Công,Trường Mầm Non Đại Từ,Mầm non
Thành phố Hà Nội,Phường Định Công,Trường Mầm non Dwight School Hà Nội,Mầm non
Thành phố Hà Nội,Phường Định Công,Trường Mầm non Hoa Sữa,Mầm non
Thành phố Hà Nội,Phường Định Công,Trường Mầm non Linh Đàm,Mầm non
Thành phố Hà Nội,Phường Định Công,Trường Mầm non Sao Mai,Mầm non
Thành phố Hà Nội,Phường Định Công,Trường Mầm non Đại Kim (cơ sở Kim Giang),Mầm non
Thành phố Hà Nội,Phường Định Công,Trường Mầm non Định Công,Mầm non
Thành phố Hà Nội,Phường Định Công,Trường Mầm non Định Công (Cơ sở 2),Mầm non
Thành phố Hà Nội,Phường Định Công,Trường Mầm non Định Công (Cơ sở 3),Mầm non
Thành phố Hà Nội,Phường Định Công,Trường Quốc Tế Reigate Grammar Việt Nam,
Thành phố Hà Nội,Phường Định Công,Trường Tiểu học Nguyễn Văn Siêu,Tiểu học
Thành phố Hà Nội,Phường Định Công,Trường Tiểu học Đại Kim,Tiểu học
Thành phố Hà Nội,Phường Định Công,Trường Tiểu học Đại Từ,Tiểu học
Thành phố Hà Nội,Phường Định Công,Trường Tiểu học Định Công,Tiểu học
Thành phố Hà Nội,Phường Định Công,Trường Tiểu học Định Công (Cơ sở 3),Tiểu học
Thành phố Hà Nội,Phường Định Công,"Trường Tiểu học, Trung học cơ sở & Trung học phổ thông Ngôi Sao Hà Nội - Hoàng Mai",Liên cấp
Thành phố Hà Nội,Phường Định Công,Trường Trung học cơ sở Đại Kim,THCS
Thành phố Hà Nội,Phường Định Công,Trường Trung học cơ sở Định Công,THCS
Thành phố Hà Nội,Phường Đống Đa,Trường Trung học cơ sở Thái Thịnh,THCS
Thành phố Hà Nội,Phường Đống Đa,Trường Mầm Non Magic Star,Mầm non
Thành phố Hà Nội,Phường Đống Đa,Trường Mầm non Thực nghiệm Hoa Hồng,Mầm non
Thành phố Hà Nội,Phường Đống Đa,Trường Phổ thông cơ sở Xã Đàn,THPT
Thành phố Hà Nội,Phường Đống Đa,Trường Tiểu học Bế Văn Đàn,Tiểu học
Thành phố Hà Nội,Phường Đống Đa,Trường Tiểu học Bế Văn Đàn (phân hiệu),Tiểu học
Thành phố Hà Nội,Phường Đống Đa,Trường Tiểu học Vietkids,Tiểu học
Thành phố Hà Nội,Phường Đống Đa,Trường Tiểu học Đống Đa,Tiểu học
Thành phố Hà Nội,Phường Đống Đa,Trường Tiểu học Đống Đa (cơ sở 2),Tiểu học
Thành phố Hà Nội,Phường Đống Đa,Trường Trung học cơ sở Thái Thịnh (phân hiệu),THCS
Thành phố Hà Nội,Phường Đống Đa,Trường Trung học cơ sở Tô Hiến Thành,THCS
Thành phố Hà Nội,Phường Đống Đa,Trường Trung học cơ sở Đống Đa,THCS
Thành phố Hà Nội,Phường Đống Đa,Trường Trung học cơ sở Đống Đa (phân hiệu),THCS
Thành phố Hà Nội,Phường Đống Đa,Trường Trung học phổ thông Anhxtanh Hà Nội,THPT
Thành phố Hà Nội,Phường Đống Đa,Trường Trung học phổ thông Quang Trung - Đống Đa,THPT
Thành phố Hà Nội,Phường Đống Đa,Trường mầm non Hoa Hồng,Mầm non
Thành phố Hà Nội,Xã An Khánh,Mầm non Edison,Mầm non
Thành phố Hà Nội,Xã An Khánh,Trường Mầm non An Khánh A,Mầm non
Thành phố Hà Nội,Xã An Khánh,Trường Mầm non An Khánh B,Mầm non
Thành phố Hà Nội,Xã An Khánh,Trường Mầm non An Khánh C,Mầm non
Thành phố Hà Nội,Xã An Khánh,Trường Mầm non An Thượng A,Mầm non
Thành phố Hà Nội,Xã An Khánh,Trường Mầm non An Thượng B,Mầm non
Thành phố Hà Nội,Xã An Khánh,Trường Mầm non La Phù,Mầm non
Thành phố Hà Nội,Xã An Khánh,Trường Mầm non Vân Côn A,Mầm non
Thành phố Hà Nội,Xã An Khánh,Trường Mầm non Đông La A,Mầm non
Thành phố Hà Nội,Xã An Khánh,Trường Mầm non Đông La B,Mầm non
Thành phố Hà Nội,Xã An Khánh,Trường Tiểu Học An Thượng B,Tiểu học
Thành phố Hà Nội,Xã An Khánh,Trường Tiểu học & Trung học cơ sở Vinschool Thăng Long,Liên cấp
Thành phố Hà Nội,Xã An Khánh,Trường Tiểu học An Khánh A,Tiểu học
Thành phố Hà Nội,Xã An Khánh,Trường Tiểu học An Khánh B,Tiểu học
Thành phố Hà Nội,Xã An Khánh,Trường Tiểu học An Khánh B (Khu B),Tiểu học
Thành phố Hà Nội,Xã An Khánh,Trường Tiểu học An Thượng A,Tiểu học
Thành phố Hà Nội,Xã An Khánh,Trường Tiểu học La Phù,Tiểu học
Thành phố Hà Nội,Xã An Khánh,Trường Tiểu học Đông La,Tiểu học
Thành phố Hà Nội,Xã An Khánh,Trường Trung học cơ sở An Khánh,THCS
Thành phố Hà Nội,Xã An Khánh,Trường Trung học cơ sở An Thượng,THCS
Thành phố Hà Nội,Xã An Khánh,Trường Trung học cơ sở La Phù,THCS
Thành phố Hà Nội,Xã An Khánh,Trường Trung học phổ thông Hoài Đức B,THPT
Thành phố Hà Nội,Xã An Khánh,Trường tiểu học Vân Côn,Tiểu học
Thành phố Hà Nội,Xã An Khánh,Trường trung học cơ sở Vân Côn,THCS
Thành phố Hà Nội,Xã Ba Vì,Trường Mầm non Ba Vì (khu Hợp Nhất),Mầm non
Thành phố Hà Nội,Xã Ba Vì,Trường Mầm non Ba Vì (khu Hợp Sơn),Mầm non
Thành phố Hà Nội,Xã Ba Vì,Trường Tiểu học Khánh Thượng,Tiểu học
Thành phố Hà Nội,Xã Ba Vì,Trường Tiểu học Khánh Thượng (điểm trường Gò Đình Muôn),Tiểu học
Thành phố Hà Nội,Xã Ba Vì,Trường Tiểu học và Trung học cơ sở Hợp Nhất (khu Tiểu học),Liên cấp
Thành phố Hà Nội,Xã Ba Vì,Trường Tiểu học và Trung học cơ sở Hợp Nhất (khu Trung học cơ sở),Liên cấp
Thành phố Hà Nội,Xã Ba Vì,Trường Trung học cơ sở Khánh Thượng,THCS
Thành phố Hà Nội,Xã Ba Vì,Trường Trung học phổ thông Minh Quang,THPT
Thành phố Hà Nội,Xã Bát Tràng,Trường Mầm non Bát Tràng,Mầm non
Thành phố Hà Nội,Xã Bát Tràng,Trường Mầm non Kim Lan,Mầm non
Thành phố Hà Nội,Xã Bát Tràng,Trường Mầm non Sao Khuê,Mầm non
Thành phố Hà Nội,Xã Bát Tràng,Trường Mầm non Văn Đức,Mầm non
Thành phố Hà Nội,Xã Bát Tràng,Trường Mầm non Văn Đức (điểm Chử Xá),Mầm non
Thành phố Hà Nội,Xã Bát Tràng,Trường Mầm non Đa Tốn,Mầm non
Thành phố Hà Nội,Xã Bát Tràng,Trường Mầm non Đông Dư,Mầm non
Thành phố Hà Nội,Xã Bát Tràng,Trường Tiểu học Bát Tràng,Tiểu học
Thành phố Hà Nội,Xã Bát Tràng,Trường Tiểu học Kim Lan,Tiểu học
Thành phố Hà Nội,Xã Bát Tràng,Trường Tiểu học Văn Đức,Tiểu học
Thành phố Hà Nội,Xã Bát Tràng,Trường Tiểu học Đa Tốn,Tiểu học
Thành phố Hà Nội,Xã Bát Tràng,Trường Tiểu học Đông Dư,Tiểu học
Thành phố Hà Nội,Xã Bát Tràng,Trường Tiểu học Đại Hưng,Tiểu học
Thành phố Hà Nội,Xã Bát Tràng,Trường Trung học cơ sở Bát Tràng,THCS
Thành phố Hà Nội,Xã Bát Tràng,Trường Trung học cơ sở Kim Lan,THCS
Thành phố Hà Nội,Xã Bát Tràng,Trường Trung học cơ sở Văn Đức,THCS
Thành phố Hà Nội,Xã Bát Tràng,Trường Trung học cơ sở Đa Tốn,THCS
Thành phố Hà Nội,Xã Bát Tràng,Trường Trung học cơ sở Đông Dư,THCS
Thành phố Hà Nội,Xã Bát Tràng,Trường Trung học phổ thông Nguyễn Văn Cừ,THPT
Thành phố Hà Nội,Xã Bình Minh,Trường Mầm non Newton,Mầm non
Thành phố Hà Nội,Xã Bình Minh,Trường Mầm non Những Đứa Trẻ Tuyệt Vời (Wonder Kids),Mầm non
Thành phố Hà Nội,Xã Bình Minh,Trường Tiểu học & Trung học cơ sở Newton 5,Liên cấp
Thành phố Hà Nội,Xã Bình Minh,Trường Tiểu học & Trung học cơ sở Victoria Thăng Long,Liên cấp
Thành phố Hà Nội,Xã Bình Minh,Trường Tiểu học Bích Hoà,Tiểu học
Thành phố Hà Nội,Xã Bình Minh,Trường Trung học cơ sở Bình Minh,THCS
Thành phố Hà Nội,Xã Bình Minh,Trường Trung học cơ sở Bích Hoà,THCS
Thành phố Hà Nội,Xã Bình Minh,Trường Trung học cơ sở Cao Viên,THCS
Thành phố Hà Nội,Xã Bình Minh,Trường Trung học cơ sở Cự Khê,THCS
Thành phố Hà Nội,Xã Bình Minh,Trường Xanh Tuệ Đức Hà Nội,
Thành phố Hà Nội,Xã Bất Bạt,Trường Mầm non Cấm Lĩnh A,Mầm non
Thành phố Hà Nội,Xã Bất Bạt,Trường Mầm non Sơn Đà,Mầm non
Thành phố Hà Nội,Xã Bất Bạt,Trường Mầm non Tòng Bạt,Mầm non
Thành phố Hà Nội,Xã Bất Bạt,Trường Tiểu học Cấm Lĩnh,Tiểu học
Thành phố Hà Nội,Xã Bất Bạt,Trường Tiểu học Sơn Đà,Tiểu học
Thành phố Hà Nội,Xã Bất Bạt,Trường Tiểu học Thuần Mỹ,Tiểu học
Thành phố Hà Nội,Xã Bất Bạt,Trường Tiểu học Tòng Bạt,Tiểu học
Thành phố Hà Nội,Xã Bất Bạt,Trường Trung học cơ sở Cấm Lĩnh,THCS
Thành phố Hà Nội,Xã Bất Bạt,Trường Trung học cơ sở Sơn Đà,THCS
Thành phố Hà Nội,Xã Bất Bạt,Trường Trung học cơ sở Thuần Mỹ,THCS
Thành phố Hà Nội,Xã Bất Bạt,Trường Trung học cơ sở Tòng Bạt,THCS
Thành phố Hà Nội,Xã Bất Bạt,Trường Trung học phổ thông Bất Bạt,THPT
Thành phố Hà Nội,Xã Chuyên Mỹ,Trường Tiểu học Tân Dân,Tiểu học
Thành phố Hà Nội,Xã Chuyên Mỹ,Trường Trung Học Cơ Sở Phú Yên,THCS
Thành phố Hà Nội,Xã Chuyên Mỹ,Trường Trung học cơ sở Chuyên Mỹ,THCS
Thành phố Hà Nội,Xã Chuyên Mỹ,Trường Trung học cơ sở Châu Can,THCS
Thành phố Hà Nội,Xã Chuyên Mỹ,Trường Trung học cơ sở Tân Dân - Phú Xuyên,THCS
Thành phố Hà Nội,Xã Chuyên Mỹ,Trường Trung học cơ sở Vân Từ,THCS
Thành phố Hà Nội,Xã Chuyên Mỹ,Trường Trung học phổ thông Tân Dân,THPT
Thành phố Hà Nội,Xã Chương Dương,Trường Tiểu học Tô Hiệu,Tiểu học
Thành phố Hà Nội,Xã Chương Dương,Trường Trung học cơ sở Chương Dương Thường Tín,THCS
Thành phố Hà Nội,Xã Chương Dương,Trường Trung học cơ sở Thư Phú,THCS
Thành phố Hà Nội,Xã Chương Dương,Trường Trung học cơ sở Tô Hiệu,THCS
Thành phố Hà Nội,Xã Chương Dương,Trường Trung học cơ sở Tự Nhiên,THCS
Thành phố Hà Nội,Xã Chương Dương,Trường Trung học phổ thông Tô Hiệu - Thường Tín,THPT
Thành phố Hà Nội,Xã Cổ Đô,Trường Mầm non Cổ Đô,Mầm non
Thành phố Hà Nội,Xã Cổ Đô,Trường Mầm non Phú Đông,Mầm non
Thành phố Hà Nội,Xã Cổ Đô,Trường Mầm non xã Phú Cường,Mầm non
Thành phố Hà Nội,Xã Cổ Đô,Trường Tiểu học Châu Sơn,Tiểu học
Thành phố Hà Nội,Xã Cổ Đô,Trường Tiểu học Cổ Đô,Tiểu học
Thành phố Hà Nội,Xã Cổ Đô,Trường Tiểu học Phú Phương,Tiểu học
Thành phố Hà Nội,Xã Cổ Đô,Trường Tiểu học Tản Hồng,Tiểu học
Thành phố Hà Nội,Xã Cổ Đô,Trường Tiểu học Vạn Thắng,Tiểu học
Thành phố Hà Nội,Xã Cổ Đô,Trường Tiểu học xã Phú Cường,Tiểu học
Thành phố Hà Nội,Xã Cổ Đô,Trường Trung học cơ sở Châu Sơn,THCS
Thành phố Hà Nội,Xã Cổ Đô,Trường Trung học cơ sở Cổ Đô,THCS
Thành phố Hà Nội,Xã Cổ Đô,Trường Trung học cơ sở Phong Vân,THCS
Thành phố Hà Nội,Xã Cổ Đô,Trường Trung học cơ sở Phú Phương,THCS
Thành phố Hà Nội,Xã Cổ Đô,Trường Trung học cơ sở Tản Hồng,THCS
Thành phố Hà Nội,Xã Cổ Đô,Trường Trung học cơ sở Vạn Thắng,THCS
Thành phố Hà Nội,Xã Cổ Đô,Trường Trung học cơ sở xã Phú Cường,THCS
Thành phố Hà Nội,Xã Cổ Đô,Trường Trung học phổ thông Ngô Quyền - Ba Vì,THPT
Thành phố Hà Nội,Xã Dân Hòa,Trường Trung học cơ sở Cao Dương,THCS
Thành phố Hà Nội,Xã Dân Hòa,Trường Trung học cơ sở Dân Hoà,THCS
Thành phố Hà Nội,Xã Dân Hòa,Trường Trung học cơ sở Hồng Dương,THCS
Thành phố Hà Nội,Xã Dân Hòa,Trường Trung học cơ sở Liên Châu,THCS
Thành phố Hà Nội,Xã Dân Hòa,Trường Trung học phổ thông Nguyễn Du - Thanh Oai,THPT
Thành phố Hà Nội,Xã Dương Hòa,Trường Mầm non Cát Quế A,Mầm non
Thành phố Hà Nội,Xã Dương Hòa,Trường Mầm non Cát Quế B,Mầm non
Thành phố Hà Nội,Xã Dương Hòa,Trường Mầm non Dương Liễu,Mầm non
Thành phố Hà Nội,Xã Dương Hòa,Trường Mầm non Minh Khai,Mầm non
Thành phố Hà Nội,Xã Dương Hòa,Trường Mầm non Yên Sở,Mầm non
Thành phố Hà Nội,Xã Dương Hòa,Trường Mầm non Đắc Sở,Mầm non
Thành phố Hà Nội,Xã Dương Hòa,Trường Tiểu học Cát Quế A,Tiểu học
Thành phố Hà Nội,Xã Dương Hòa,Trường Tiểu học Dương Liễu,Tiểu học
Thành phố Hà Nội,Xã Dương Hòa,Trường Tiểu học Minh Khai,Tiểu học
Thành phố Hà Nội,Xã Dương Hòa,Trường Tiểu học Yên Sở,Tiểu học
Thành phố Hà Nội,Xã Dương Hòa,Trường Tiểu học Đắc Sở,Tiểu học
Thành phố Hà Nội,Xã Dương Hòa,Trường Trung học cơ sở Cát Quế A,THCS
Thành phố Hà Nội,Xã Dương Hòa,Trường Trung học cơ sở Dương Liễu,THCS
Thành phố Hà Nội,Xã Dương Hòa,Trường Trung học cơ sở Minh Khai,THCS
Thành phố Hà Nội,Xã Dương Hòa,Trường Trung học cơ sở Yên Sở,THCS
Thành phố Hà Nội,Xã Dương Hòa,Trường Trung học phổ thông Vạn Xuân - Hoài Đức,THPT
Thành phố Hà Nội,Xã Gia Lâm,Trường Mầm non A,Mầm non
Thành phố Hà Nội,Xã Gia Lâm,Trường Mầm non Cổ Bi (Phân hiệu),Mầm non
Thành phố Hà Nội,Xã Gia Lâm,Trường Mầm non Cổ Bi (Trường chính),Mầm non
Thành phố Hà Nội,Xã Gia Lâm,Trường Mầm non Gia Lâm (Phân hiệu),Mầm non
Thành phố Hà Nội,Xã Gia Lâm,Trường Mầm non Gia Lâm (Trường chính),Mầm non
Thành phố Hà Nội,Xã Gia Lâm,Trường Mầm non Kiêu Kỵ,Mầm non
Thành phố Hà Nội,Xã Gia Lâm,Trường Mầm non Vinschool,Mầm non
Thành phố Hà Nội,Xã Gia Lâm,Trường Mầm non Ánh Dương (Phân hiệu),Mầm non
Thành phố Hà Nội,Xã Gia Lâm,Trường Mầm non Ánh Dương (Trường chính),Mầm non
Thành phố Hà Nội,Xã Gia Lâm,Trường Tiểu học Cổ Bi (Phân hiệu),Tiểu học
Thành phố Hà Nội,Xã Gia Lâm,Trường Tiểu học Cổ Bi (Trường chính),Tiểu học
Thành phố Hà Nội,Xã Gia Lâm,Trường Tiểu học Gia Lâm (Phân hiệu),Tiểu học
Thành phố Hà Nội,Xã Gia Lâm,Trường Tiểu học Gia Lâm (Trường chính),Tiểu học
Thành phố Hà Nội,Xã Gia Lâm,Trường Tiểu học Lý Nhân Tông (Phân hiệu),Tiểu học
Thành phố Hà Nội,Xã Gia Lâm,Trường Tiểu học Lý Nhân Tông (Trường chính),Tiểu học
Thành phố Hà Nội,Xã Gia Lâm,Trường Tiểu học Vinschool,Tiểu học
Thành phố Hà Nội,Xã Gia Lâm,Trường Trung học cơ sở Gia Lâm (Phân hiệu),THCS
Thành phố Hà Nội,Xã Gia Lâm,Trường Trung học cơ sở Gia Lâm (Trường chính),THCS
Thành phố Hà Nội,Xã Gia Lâm,Trường Trung học cơ sở Lý Nhân Tông (Phân hiệu),THCS
Thành phố Hà Nội,Xã Gia Lâm,Trường Trung học cơ sở Lý Nhân Tông (Trường chính),THCS
Thành phố Hà Nội,Xã Gia Lâm,Trường Trung học cơ sở Vinschool,THCS
Thành phố Hà Nội,Xã Gia Lâm,Trường Trung học phổ thông Cao Bá Quát – Gia Lâm,THPT
Thành phố Hà Nội,Xã Gia Lâm,Trường Trung học phổ thông Dương Xá,THPT
Thành phố Hà Nội,Xã Gia Lâm,Trường Trung học phổ thông Tô Hiệu - Gia Lâm,THPT
Thành phố Hà Nội,Xã Gia Lâm,Trường Trung học phổ thông Vinschool Ocean Park,THPT
Thành phố Hà Nội,Xã Hoài Đức,Trường Mầm non Di Trạch,Mầm non
Thành phố Hà Nội,Xã Hoài Đức,Trường Mầm non Hoa Sen,Mầm non
Thành phố Hà Nội,Xã Hoài Đức,Trường Mầm non Kim Chung A,Mầm non
Thành phố Hà Nội,Xã Hoài Đức,Trường Mầm non Đức Giang A,Mầm non
Thành phố Hà Nội,Xã Hoài Đức,Trường Mầm non Đức Giang B,Mầm non
Thành phố Hà Nội,Xã Hoài Đức,Trường Mầm non Đức Thượng,Mầm non
Thành phố Hà Nội,Xã Hoài Đức,Trường Tiểu học Di Trạch,Tiểu học
Thành phố Hà Nội,Xã Hoài Đức,Trường Tiểu học Kim Chung B,Tiểu học
Thành phố Hà Nội,Xã Hoài Đức,Trường Tiểu học Lý Nam Đế,Tiểu học
Thành phố Hà Nội,Xã Hoài Đức,Trường Tiểu học Vạn Xuân,Tiểu học
Thành phố Hà Nội,Xã Hoài Đức,Trường Tiểu học và Trung học cơ sở Unigo,Liên cấp
Thành phố Hà Nội,Xã Hoài Đức,Trường Tiểu học Đức Giang,Tiểu học
Thành phố Hà Nội,Xã Hoài Đức,Trường Tiểu học Đức Thượng,Tiểu học
Thành phố Hà Nội,Xã Hoài Đức,Trường Trung học cơ sở Di Trạch,THCS
Thành phố Hà Nội,Xã Hoài Đức,Trường Trung học cơ sở Trạm Trôi,THCS
Thành phố Hà Nội,Xã Hoài Đức,Trường Trung học cơ sở Đức Giang,THCS
Thành phố Hà Nội,Xã Hoài Đức,Trường Trung học cơ sở Đức Thượng,THCS
Thành phố Hà Nội,Xã Hoài Đức,Trường Trung học phổ thông Hoài Đức A,THPT
Thành phố Hà Nội,Xã Hoài Đức,Trường Trung học phổ thông Việt Hoàng,THPT
Thành phố Hà Nội,Xã Hát Môn,Trường Mầm non Hiệp Thuận,Mầm non
Thành phố Hà Nội,Xã Hát Môn,Trường Mầm non Hiệp Thuận (phân hiệu 2),Mầm non
Thành phố Hà Nội,Xã Hát Môn,Trường Tiểu Học Ngọc Tảo,Tiểu học
Thành phố Hà Nội,Xã Hát Môn,Trường Tiểu học Hát Môn,Tiểu học
Thành phố Hà Nội,Xã Hát Môn,Trường Tiểu học Liên Hiệp,Tiểu học
Thành phố Hà Nội,Xã Hát Môn,Trường Trung học cơ sở Hát Môn,THCS
Thành phố Hà Nội,Xã Hát Môn,Trường Trung học cơ sở Liên Hiệp,THCS
Thành phố Hà Nội,Xã Hát Môn,Trường Trung học cơ sở Tam Hiệp (phân hiệu 1),THCS
Thành phố Hà Nội,Xã Hát Môn,Trường Trung học cơ sở Tam Hiệp (phân hiệu 2),THCS
Thành phố Hà Nội,Xã Hát Môn,Trường Trung học cơ sở Tam Hiệp - Phúc Thọ,THCS
Thành phố Hà Nội,Xã Hát Môn,Trường Trung học cơ sở Tam Thuấn,THCS
Thành phố Hà Nội,Xã Hát Môn,Trường Trung học phổ thông Ngọc Tảo,THPT
Thành phố Hà Nội,Xã Hòa Lạc,TH School Hòa Lạc,Tiểu học
Thành phố Hà Nội,Xã Hòa Lạc,Trường Tiểu Học Thạch Hòa,Tiểu học
Thành phố Hà Nội,Xã Hòa Lạc,Trường Trung học cơ sở Thạch Hòa,THCS
Thành phố Hà Nội,Xã Hòa Lạc,Trường Trung học phổ thông FPT,THPT
Thành phố Hà Nội,Xã Hòa Phú,Trường Mầm non Hoà Chính,Mầm non
Thành phố Hà Nội,Xã Hòa Phú,Trường Mầm non Hồng Phong,Mầm non
Thành phố Hà Nội,Xã Hòa Phú,Trường Mầm non Phú Nam An,Mầm non
Thành phố Hà Nội,Xã Hòa Phú,Trường Mầm non Thượng Vực,Mầm non
Thành phố Hà Nội,Xã Hòa Phú,Trường Mầm non Văn Võ,Mầm non
Thành phố Hà Nội,Xã Hòa Phú,Trường Mầm non xã Đồng Lạc,Mầm non
Thành phố Hà Nội,Xã Hòa Phú,Trường Mầm non Đồng Phú,Mầm non
Thành phố Hà Nội,Xã Hòa Phú,Trường Tiểu học Hoà Chính,Tiểu học
Thành phố Hà Nội,Xã Hòa Phú,Trường Tiểu học Hồng Phong,Tiểu học
Thành phố Hà Nội,Xã Hòa Phú,Trường Tiểu học Phú Nam An,Tiểu học
Thành phố Hà Nội,Xã Hòa Phú,Trường Tiểu học Thượng Vực,Tiểu học
Thành phố Hà Nội,Xã Hòa Phú,Trường Tiểu học Văn Võ,Tiểu học
Thành phố Hà Nội,Xã Hòa Phú,Trường Tiểu học Đồng Lạc,Tiểu học
Thành phố Hà Nội,Xã Hòa Phú,Trường Tiểu học Đồng Phú,Tiểu học
Thành phố Hà Nội,Xã Hòa Phú,Trường Trung học cơ sở Hoà Chính,THCS
Thành phố Hà Nội,Xã Hòa Phú,Trường Trung học cơ sở Hồng Phong,THCS
Thành phố Hà Nội,Xã Hòa Phú,Trường Trung học cơ sở Phú Nam An,THCS
Thành phố Hà Nội,Xã Hòa Phú,Trường Trung học cơ sở Thượng Vực,THCS
Thành phố Hà Nội,Xã Hòa Phú,Trường Trung học cơ sở Văn Võ,THCS
Thành phố Hà Nội,Xã Hòa Phú,Trường Trung học cơ sở Đồng Lạc,THCS
Thành phố Hà Nội,Xã Hòa Phú,Trường Trung học cơ sở Đồng Phú,THCS
Thành phố Hà Nội,Xã Hòa Phú,Trường Trung học phổ thông Chương Mỹ B,THPT
Thành phố Hà Nội,Xã Hòa Xá,Trường Mầm Non Hòa Xá,Mầm non
Thành phố Hà Nội,Xã Hòa Xá,Trường Tiểu Học Hòa Nam,Tiểu học
Thành phố Hà Nội,Xã Hòa Xá,Trường Tiểu Học Hòa Xá,Tiểu học
Thành phố Hà Nội,Xã Hòa Xá,Trường Trung học cơ sở Hòa Nam,THCS
Thành phố Hà Nội,Xã Hòa Xá,Trường Trung học cơ sở Hòa Phú,THCS
Thành phố Hà Nội,Xã Hòa Xá,Trường Trung học cơ sở Hòa Xá,THCS
Thành phố Hà Nội,Xã Hòa Xá,Trường Trung học cơ sở Hồng Quang,THCS
Thành phố Hà Nội,Xã Hòa Xá,Trường Trung học cơ sở Lưu Hoàng,THCS
Thành phố Hà Nội,Xã Hòa Xá,Trường Trung học cơ sở Vạn Thái,THCS
Thành phố Hà Nội,Xã Hòa Xá,Trường Trung học cơ sở Đội Bình,THCS
Thành phố Hà Nội,Xã Hòa Xá,Trường Trung học phổ thông Lưu Hoàng,THPT
Thành phố Hà Nội,Xã Hưng Đạo,Trường Tiểu học Cộng Hoà,Tiểu học
Thành phố Hà Nội,Xã Hưng Đạo,Trường Trung học cơ sở Cộng Hoà,THCS
Thành phố Hà Nội,Xã Hưng Đạo,Trường Trung học cơ sở Tân Hoà,THCS
Thành phố Hà Nội,Xã Hưng Đạo,Trường Trung học cơ sở ĐạI Thành,THCS
Thành phố Hà Nội,Xã Hưng Đạo,Trường Trung học cơ sở Đồng Quang,THCS
Thành phố Hà Nội,Xã Hưng Đạo,Trường Trung học phổ thông Cao Bá Quát - Quốc Oai,THPT
Thành phố Hà Nội,Xã Hương Sơn,Trường Tiểu học An Tiến,Tiểu học
Thành phố Hà Nội,Xã Hương Sơn,Trường Tiểu học Hương Sơn A,Tiểu học
Thành phố Hà Nội,Xã Hương Sơn,Trường Tiểu học Hương Sơn B,Tiểu học
Thành phố Hà Nội,Xã Hương Sơn,Trường Trung học cơ sở An Tiến,THCS
Thành phố Hà Nội,Xã Hương Sơn,Trường Trung học cơ sở Hùng Tiến,THCS
Thành phố Hà Nội,Xã Hương Sơn,Trường Trung học cơ sở Hương Sơn,THCS
Thành phố Hà Nội,Xã Hương Sơn,Trường Trung học cơ sở Đốc Tín,THCS
Thành phố Hà Nội,Xã Hương Sơn,Trường Trung học phổ thông Mỹ Đức C,THPT
Thành phố Hà Nội,Xã Hương Sơn,Điểm trường Mầm non Thôn Yến Vỹ,Mầm non
Thành phố Hà Nội,Xã Hạ Bằng,Trường Mầm non Tân Xã,Mầm non
Thành phố Hà Nội,Xã Hạ Bằng,Trường Mầm non Đồng Trúc,Mầm non
Thành phố Hà Nội,Xã Hạ Bằng,Trường Tiểu học Hạ Bằng,Tiểu học
Thành phố Hà Nội,Xã Hạ Bằng,Trường Tiểu học Tân Xã,Tiểu học
Thành phố Hà Nội,Xã Hạ Bằng,Trường Trung học cơ sở Bình Yên,THCS
Thành phố Hà Nội,Xã Hạ Bằng,Trường Trung học cơ sở Cần Kiệm,THCS
Thành phố Hà Nội,Xã Hạ Bằng,Trường Trung học cơ sở Hạ Bằng,THCS
Thành phố Hà Nội,Xã Hạ Bằng,Trường Trung học cơ sở Tân Xã,THCS
Thành phố Hà Nội,Xã Hạ Bằng,Trường Trung học cơ sở Đồng Trúc,THCS
Thành phố Hà Nội,Xã Hạ Bằng,Trường Trung học phổ thông Hai Bà Trưng - Thạch Thất,THPT
Thành phố Hà Nội,Xã Hồng Sơn,Trường Mầm non An Mỹ,Mầm non
Thành phố Hà Nội,Xã Hồng Sơn,Trường Mầm non Hồng Sơn,Mầm non
Thành phố Hà Nội,Xã Hồng Sơn,Trường Mầm non Lê Thanh B,Mầm non
Thành phố Hà Nội,Xã Hồng Sơn,Trường Mầm non xã Phùng Xá,Mầm non
Thành phố Hà Nội,Xã Hồng Sơn,Trường Mầm non xã Xuy Xá,Mầm non
Thành phố Hà Nội,Xã Hồng Sơn,Trường Tiểu học Lê Thanh A,Tiểu học
Thành phố Hà Nội,Xã Hồng Sơn,Trường Tiểu học Lê Thanh B,Tiểu học
Thành phố Hà Nội,Xã Hồng Sơn,Trường Tiểu học Phùng Xá,Tiểu học
Thành phố Hà Nội,Xã Hồng Sơn,Trường Tiểu học Xuy Xá,Tiểu học
Thành phố Hà Nội,Xã Hồng Sơn,Trường Tiểu học xã Hồng Sơn,Tiểu học
Thành phố Hà Nội,Xã Hồng Sơn,Trường Trung học cơ sở Hồng Sơn,THCS
Thành phố Hà Nội,Xã Hồng Sơn,Trường Trung học cơ sở Hợp Tiến,THCS
Thành phố Hà Nội,Xã Hồng Sơn,Trường Trung học cơ sở Phùng Xá,THCS
Thành phố Hà Nội,Xã Hồng Sơn,Trường Trung học cơ sở Xuy Xá,THCS
Thành phố Hà Nội,Xã Hồng Sơn,Trường Trung học phổ thông Mỹ Đức B,THPT
Thành phố Hà Nội,Xã Hồng Vân,Trường Trung học cơ sở Duyên Thái,THCS
Thành phố Hà Nội,Xã Hồng Vân,Trường Trung học cơ sở Hà Hồi,THCS
Thành phố Hà Nội,Xã Hồng Vân,Trường Trung học cơ sở Ninh Sở,THCS
Thành phố Hà Nội,Xã Hồng Vân,Trường Trung học cơ sở Vân Tảo,THCS
Thành phố Hà Nội,Xã Hồng Vân,Trường Trung học phổ thông Vân Tảo,THPT
Thành phố Hà Nội,Xã Kim Anh,Trường Mầm non Minh Phú,Mầm non
Thành phố Hà Nội,Xã Kim Anh,Trường Tiểu Học Minh Trí,Tiểu học
Thành phố Hà Nội,Xã Kim Anh,Trường Tiểu học Minh Phú,Tiểu học
Thành phố Hà Nội,Xã Kim Anh,Trường Trung học cơ sở Minh Phú,THCS
Thành phố Hà Nội,Xã Kim Anh,Trường Trung học cơ sở Minh Trí,THCS
Thành phố Hà Nội,Xã Kim Anh,Trường Trung học cơ sở Tân Dân,THCS
Thành phố Hà Nội,Xã Kim Anh,Trường Trung học phổ thông MInh Trí,THPT
Thành phố Hà Nội,Xã Kim Anh,Trường Trung học phổ thông Minh Phú,THPT
Thành phố Hà Nội,Xã Kim Anh,Trường mầm non Minh Trí,Mầm non
Thành phố Hà Nội,Xã Kiều Phú,Trung học cơ sở Nghĩa Hương,THCS
Thành phố Hà Nội,Xã Kiều Phú,Trường Mẫu giáo thôn Thế Trụ,Mầm non
Thành phố Hà Nội,Xã Kiều Phú,Trường Tiểu Học Liệp Tuyết,Tiểu học
Thành phố Hà Nội,Xã Kiều Phú,Trường Tiểu Học Ngọc Mỹ,Tiểu học
Thành phố Hà Nội,Xã Kiều Phú,Trường Tiểu học Cấn Hữu,Tiểu học
Thành phố Hà Nội,Xã Kiều Phú,Trường Tiểu học Nghĩa Hương,Tiểu học
Thành phố Hà Nội,Xã Kiều Phú,Trường Tiểu học Ngọc Liệp,Tiểu học
Thành phố Hà Nội,Xã Kiều Phú,Trường Trung học cơ sở Cấn Hữu,THCS
Thành phố Hà Nội,Xã Kiều Phú,Trường Trung học cơ sở Liệp Tuyết,THCS
Thành phố Hà Nội,Xã Kiều Phú,Trường Trung học cơ sở Ngọc Liệp,THCS
Thành phố Hà Nội,Xã Kiều Phú,Trường Trung học cơ sở Ngọc Mỹ,THCS
Thành phố Hà Nội,Xã Kiều Phú,Trường Trung học cơ sở Tuyết Nghĩa,THCS
Thành phố Hà Nội,Xã Kiều Phú,Trường Trung học phổ thông Minh Khai,THPT
Thành phố Hà Nội,Xã Liên Minh,Trường Mầm non Phương Đình,Mầm non
Thành phố Hà Nội,Xã Liên Minh,Trường Mầm non Thọ An,Mầm non
Thành phố Hà Nội,Xã Liên Minh,Trường Mầm non Thọ Xuân,Mầm non
Thành phố Hà Nội,Xã Liên Minh,Trường Mầm non Trung Châu,Mầm non
Thành phố Hà Nội,Xã Liên Minh,Trường Tiểu học Phương Đình A,Tiểu học
Thành phố Hà Nội,Xã Liên Minh,Trường Tiểu học Phương Đình B,Tiểu học
Thành phố Hà Nội,Xã Liên Minh,Trường Tiểu học Thọ An,Tiểu học
Thành phố Hà Nội,Xã Liên Minh,Trường Tiểu học Thọ Xuân,Tiểu học
Thành phố Hà Nội,Xã Liên Minh,Trường Tiểu học Trung Châu A,Tiểu học
Thành phố Hà Nội,Xã Liên Minh,Trường Tiểu học Trung Châu B,Tiểu học
Thành phố Hà Nội,Xã Liên Minh,Trường Trung học cơ sở Phương Đình,THCS
Thành phố Hà Nội,Xã Liên Minh,Trường Trung học cơ sở Thọ An,THCS
Thành phố Hà Nội,Xã Liên Minh,Trường Trung học cơ sở Thọ Xuân,THCS
Thành phố Hà Nội,Xã Liên Minh,Trường Trung học cơ sở Trung Châu,THCS
Thành phố Hà Nội,Xã Liên Minh,Trường Trung học phổ thông Thọ Xuân,THPT
Thành phố Hà Nội,Xã Minh Châu,Trường Mầm non Minh Châu,Mầm non
Thành phố Hà Nội,Xã Minh Châu,Trường Tiểu học Minh Châu,Tiểu học
Thành phố Hà Nội,Xã Minh Châu,Trường Trung học cơ sở Minh Châu,THCS
Thành phố Hà Nội,Xã Mê Linh,Trường Tiểu Học Mê Linh,Tiểu học
Thành phố Hà Nội,Xã Mê Linh,Trường Tiểu học Tiền Phong A,Tiểu học
Thành phố Hà Nội,Xã Mê Linh,Trường Trung học cơ sở Mê Linh,THCS
Thành phố Hà Nội,Xã Mê Linh,Trường Trung học cơ sở Tiền Phong,THCS
Thành phố Hà Nội,Xã Mê Linh,Trường Trung học cơ sở Tiền Phong B,THCS
Thành phố Hà Nội,Xã Mê Linh,Trường Trung học cơ sở Tráng Việt,THCS
Thành phố Hà Nội,Xã Mê Linh,Trường Trung học phổ thông Tiền Phong,THPT
Thành phố Hà Nội,Xã Mê Linh,Trường mầm non Phố Yên,Mầm non
Thành phố Hà Nội,Xã Mỹ Đức,Trường Mầm non Tế Tiêu,Mầm non
Thành phố Hà Nội,Xã Mỹ Đức,Trường Tiểu học Tế Tiêu,Tiểu học
Thành phố Hà Nội,Xã Mỹ Đức,Trường Tiểu học và Trung học cơ sở Mỹ Đức,Liên cấp
Thành phố Hà Nội,Xã Mỹ Đức,Trường Trung học cơ sở Hợp Thanh,THCS
Thành phố Hà Nội,Xã Mỹ Đức,Trường Trung học cơ sở Tế Tiêu,THCS
Thành phố Hà Nội,Xã Mỹ Đức,Trường Trung học cơ sở ĐạI Hưng,THCS
Thành phố Hà Nội,Xã Mỹ Đức,Trường Trung học cơ sở Đại Nghĩa,THCS
Thành phố Hà Nội,Xã Mỹ Đức,Trường Trung học phổ thông Hợp Thanh,THPT
Thành phố Hà Nội,Xã Mỹ Đức,Trường Trung học phổ thông Mỹ Đức A,THPT
Thành phố Hà Nội,Xã Mỹ Đức,Trường Trung học phổ thông Mỹ Đức A - khu B,THPT
Thành phố Hà Nội,Xã Nam Phù,Trường Mầm non A xã Liên Ninh,Mầm non
Thành phố Hà Nội,Xã Nam Phù,Trường Mầm non A xã Vạn Phúc,Mầm non
Thành phố Hà Nội,Xã Nam Phù,Trường Mầm non A xã Vạn Phúc (cơ sở 2),Mầm non
Thành phố Hà Nội,Xã Nam Phù,Trường Mầm non A xã Đông Mỹ,Mầm non
Thành phố Hà Nội,Xã Nam Phù,Trường Mầm non B xã Ngũ Hiệp,Mầm non
Thành phố Hà Nội,Xã Nam Phù,Trường Mầm non B xã Vạn Phúc,Mầm non
Thành phố Hà Nội,Xã Nam Phù,Trường Mầm non B xã Đông Mỹ,Mầm non
Thành phố Hà Nội,Xã Nam Phù,Trường Mầm non xã Duyên Hà (điểm Văn Khúc),Mầm non
Thành phố Hà Nội,Xã Nam Phù,Trường Mầm non xã Duyên Hà (điểm Đại Lan),Mầm non
Thành phố Hà Nội,Xã Nam Phù,Trường Tiểu học Duyên Hà,Tiểu học
Thành phố Hà Nội,Xã Nam Phù,Trường Tiểu học Tạ Hoàng Cơ,Tiểu học
Thành phố Hà Nội,Xã Nam Phù,Trường Tiểu học Vạn Phúc,Tiểu học
Thành phố Hà Nội,Xã Nam Phù,Trường Tiểu học Vạn Phúc (cơ sở 2),Tiểu học
Thành phố Hà Nội,Xã Nam Phù,Trường Tiểu học Đông Mỹ,Tiểu học
Thành phố Hà Nội,Xã Nam Phù,Trường Trung học cơ sở Duyên Hà,THCS
Thành phố Hà Nội,Xã Nam Phù,Trường Trung học cơ sở Ngũ Hiệp,THCS
Thành phố Hà Nội,Xã Nam Phù,Trường Trung học cơ sở Vạn Phúc,THCS
Thành phố Hà Nội,Xã Nam Phù,Trường Trung học cơ sở Đông Mỹ,THCS
Thành phố Hà Nội,Xã Nam Phù,Trường Trung học phổ thông Lê Thánh Tông,THPT
Thành phố Hà Nội,Xã Nam Phù,Trường Trung học phổ thông Đông Mỹ,THPT
Thành phố Hà Nội,Xã Ngọc Hồi,Trường Mầm non A xã Ngọc Hồi,Mầm non
Thành phố Hà Nội,Xã Ngọc Hồi,Trường Mầm non B xã Liên Ninh,Mầm non
Thành phố Hà Nội,Xã Ngọc Hồi,Trường Mầm non B xã Ngọc Hồi,Mầm non
Thành phố Hà Nội,Xã Ngọc Hồi,Trường Mầm non Đại Áng,Mầm non
Thành phố Hà Nội,Xã Ngọc Hồi,Trường Tiểu học Liên Ninh,Tiểu học
Thành phố Hà Nội,Xã Ngọc Hồi,Trường Tiểu học Ngọc Hồi,Tiểu học
Thành phố Hà Nội,Xã Ngọc Hồi,Trường Tiểu học Đại Áng,Tiểu học
Thành phố Hà Nội,Xã Ngọc Hồi,Trường Trung học cơ sở Liên Ninh,THCS
Thành phố Hà Nội,Xã Ngọc Hồi,Trường Trung học cơ sở Ngọc Hồi,THCS
Thành phố Hà Nội,Xã Ngọc Hồi,Trường Trung học cơ sở Đại Áng,THCS
Thành phố Hà Nội,Xã Ngọc Hồi,Trường Trung học phổ thông Nguyễn Quốc Trinh,THPT
Thành phố Hà Nội,Xã Nội Bài,Trường Tiểu Học Hiền Ninh,Tiểu học
Thành phố Hà Nội,Xã Nội Bài,Trường Tiểu học Thanh Xuân,Tiểu học
Thành phố Hà Nội,Xã Nội Bài,Trường Trung học cơ sở Hiền Ninh,THCS
Thành phố Hà Nội,Xã Nội Bài,Trường Trung học cơ sở Quang Tiến,THCS
Thành phố Hà Nội,Xã Nội Bài,Trường Trung học cơ sở Thanh Xuân,THCS
Thành phố Hà Nội,Xã Nội Bài,Trường Trung học phổ thông Kim Anh,THPT
Thành phố Hà Nội,Xã Nội Bài,Trường Trung học phổ thông Mạc Đĩnh Chi,THPT
Thành phố Hà Nội,Xã Phù Đổng,Trường Mầm non Bình Minh,Mầm non
Thành phố Hà Nội,Xã Phù Đổng,Trường Mầm non Dương Hà,Mầm non
Thành phố Hà Nội,Xã Phù Đổng,Trường Mầm non Hoa Hồng,Mầm non
Thành phố Hà Nội,Xã Phù Đổng,Trường Mầm non Hoa Sen,Mầm non
Thành phố Hà Nội,Xã Phù Đổng,Trường Mầm non Hoa Sữa,Mầm non
Thành phố Hà Nội,Xã Phù Đổng,Trường Mầm non Ninh Hiệp,Mầm non
Thành phố Hà Nội,Xã Phù Đổng,Trường Mầm non Phù Đổng,Mầm non
Thành phố Hà Nội,Xã Phù Đổng,Trường Mầm non Thôn Thượng,Mầm non
Thành phố Hà Nội,Xã Phù Đổng,Trường Mầm non Thị trấn Yên Viên,Mầm non
Thành phố Hà Nội,Xã Phù Đổng,Trường Mầm non Trung Mầu,Mầm non
Thành phố Hà Nội,Xã Phù Đổng,Trường Mầm non Yên Thường,Mầm non
Thành phố Hà Nội,Xã Phù Đổng,Trường Mầm non Ánh Dương,Mầm non
Thành phố Hà Nội,Xã Phù Đổng,Trường Mầm non Đình Xuyên,Mầm non
Thành phố Hà Nội,Xã Phù Đổng,Trường Phổ thông Võ thuật Bảo Long,THPT
Thành phố Hà Nội,Xã Phù Đổng,Trường TIểu học Phù Đổng,Tiểu học
Thành phố Hà Nội,Xã Phù Đổng,Trường Tiểu học Dương Hà,Tiểu học
Thành phố Hà Nội,Xã Phù Đổng,Trường Tiểu học Lê Ngọc Hân,Tiểu học
Thành phố Hà Nội,Xã Phù Đổng,Trường Tiểu học Ninh Hiệp,Tiểu học
Thành phố Hà Nội,Xã Phù Đổng,Trường Tiểu học Quang Trung,Tiểu học
Thành phố Hà Nội,Xã Phù Đổng,Trường Tiểu học Thị trấn Yên Viên,Tiểu học
Thành phố Hà Nội,Xã Phù Đổng,Trường Tiểu học Tiền Phong,Tiểu học
Thành phố Hà Nội,Xã Phù Đổng,Trường Tiểu học Trung Mầu,Tiểu học
Thành phố Hà Nội,Xã Phù Đổng,Trường Tiểu học Yên Thường,Tiểu học
Thành phố Hà Nội,Xã Phù Đổng,Trường Tiểu học Yên Viên,Tiểu học
Thành phố Hà Nội,Xã Phù Đổng,Trường Tiểu học Đình Xuyên,Tiểu học
Thành phố Hà Nội,Xã Phù Đổng,Trường Trung học cơ sở Dương Hà,THCS
Thành phố Hà Nội,Xã Phù Đổng,Trường Trung học cơ sở Ninh Hiệp,THCS
Thành phố Hà Nội,Xã Phù Đổng,Trường Trung học cơ sở Phù Đổng,THCS
Thành phố Hà Nội,Xã Phù Đổng,Trường Trung học cơ sở Thị trấn Yên Viên,THCS
Thành phố Hà Nội,Xã Phù Đổng,Trường Trung học cơ sở Trung Mầu,THCS
Thành phố Hà Nội,Xã Phù Đổng,Trường Trung học cơ sở Yên Thường,THCS
Thành phố Hà Nội,Xã Phù Đổng,Trường Trung học cơ sở Yên Viên,THCS
Thành phố Hà Nội,Xã Phù Đổng,Trường Trung học cơ sở Đình Xuyên,THCS
Thành phố Hà Nội,Xã Phù Đổng,Trường Trung học phổ thông Bắc Đuống,THPT
Thành phố Hà Nội,Xã Phù Đổng,Trường Trung học phổ thông Lê Ngọc Hân,THPT
Thành phố Hà Nội,Xã Phù Đổng,Trường Trung học phổ thông Yên Viên,THPT
Thành phố Hà Nội,Xã Phú Cát,Trường Trung học cơ sở Hòa Thạnh,THCS
Thành phố Hà Nội,Xã Phú Cát,Trường Trung học cơ sở Phú Cát,THCS
Thành phố Hà Nội,Xã Phú Cát,Trường Trung học cơ sở Đông Yên,THCS
Thành phố Hà Nội,Xã Phú Nghĩa,Trường Mầm non Phú Nghĩa,Mầm non
Thành phố Hà Nội,Xã Phú Nghĩa,Trường Mầm non Thanh Bình,Mầm non
Thành phố Hà Nội,Xã Phú Nghĩa,Trường Mầm non Đông Phương Yên,Mầm non
Thành phố Hà Nội,Xã Phú Nghĩa,Trường Tiểu học Phú Nghĩa,Tiểu học
Thành phố Hà Nội,Xã Phú Nghĩa,Trường Tiểu học Thanh Bình,Tiểu học
Thành phố Hà Nội,Xã Phú Nghĩa,Trường Tiểu học Trung Hoà,Tiểu học
Thành phố Hà Nội,Xã Phú Nghĩa,Trường Tiểu học Trường Yên,Tiểu học
Thành phố Hà Nội,Xã Phú Nghĩa,Trường Tiểu học Đông Phương Yên,Tiểu học
Thành phố Hà Nội,Xã Phú Nghĩa,Trường Tiểu học Đông Sơn,Tiểu học
Thành phố Hà Nội,Xã Phú Nghĩa,Trường Trung học cơ sở Phú Nghĩa,THCS
Thành phố Hà Nội,Xã Phú Nghĩa,Trường Trung học cơ sở Thanh Bình,THCS
Thành phố Hà Nội,Xã Phú Nghĩa,Trường Trung học cơ sở Trung Hoà,THCS
Thành phố Hà Nội,Xã Phú Nghĩa,Trường Trung học cơ sở Trung Hòa - Chương Mỹ,THCS
Thành phố Hà Nội,Xã Phú Nghĩa,Trường Trung học cơ sở Trường Yên,THCS
Thành phố Hà Nội,Xã Phú Nghĩa,Trường Trung học cơ sở Đông Phương Yên,THCS
Thành phố Hà Nội,Xã Phú Nghĩa,Trường Trung học cơ sở Đông Sơn,THCS
Thành phố Hà Nội,Xã Phú Xuyên,Trường Mầm Non Nam Phong,Mầm non
Thành phố Hà Nội,Xã Phú Xuyên,Trường Mầm non Phú Minh,Mầm non
Thành phố Hà Nội,Xã Phú Xuyên,Trường Tiểu Học Minh Cường,Tiểu học
Thành phố Hà Nội,Xã Phú Xuyên,Trường Tiểu Học Nam Triều,Tiểu học
Thành phố Hà Nội,Xã Phú Xuyên,Trường Tiểu học Hồng Thái,Tiểu học
Thành phố Hà Nội,Xã Phú Xuyên,Trường Tiểu học Nam Phong,Tiểu học
Thành phố Hà Nội,Xã Phú Xuyên,Trường Tiểu học Nam Tiến A,Tiểu học
Thành phố Hà Nội,Xã Phú Xuyên,Trường Tiểu học Nam Tiến B,Tiểu học
Thành phố Hà Nội,Xã Phú Xuyên,Trường Tiểu học Phú Minh,Tiểu học
Thành phố Hà Nội,Xã Phú Xuyên,Trường Trung học cơ sở Hồng Thái,THCS
Thành phố Hà Nội,Xã Phú Xuyên,Trường Trung học cơ sở Minh Cường,THCS
Thành phố Hà Nội,Xã Phú Xuyên,Trường Trung học cơ sở Nam Phong,THCS
Thành phố Hà Nội,Xã Phú Xuyên,Trường Trung học cơ sở Nam Tiến,THCS
Thành phố Hà Nội,Xã Phú Xuyên,Trường Trung học cơ sở Nam Triều,THCS
Thành phố Hà Nội,Xã Phú Xuyên,Trường Trung học cơ sở Phú Minh,THCS
Thành phố Hà Nội,Xã Phú Xuyên,Trường Trung học cơ sở Quang Trung - Phú Xuyên,THCS
Thành phố Hà Nội,Xã Phú Xuyên,Trường Trung học cơ sở Sơn Hà,THCS
Thành phố Hà Nội,Xã Phú Xuyên,Trường Trung học cơ sở Thị Trấn Phú Xuyên,THCS
Thành phố Hà Nội,Xã Phú Xuyên,Trường Trung học cơ sở Trần Phú,THCS
Thành phố Hà Nội,Xã Phú Xuyên,Trường Trung học cơ sở Trần Phú - Phú Xuyên,THCS
Thành phố Hà Nội,Xã Phú Xuyên,Trường Trung học cơ sở Văn Tự,THCS
Thành phố Hà Nội,Xã Phú Xuyên,Trường Trung học cơ sở Vạn Điểm,THCS
Thành phố Hà Nội,Xã Phú Xuyên,Trường Trung học phổ thông Phú Xuyên A,THPT
Thành phố Hà Nội,Xã Phúc Lộc,Trường Mầm non Phương Độ,Mầm non
Thành phố Hà Nội,Xã Phúc Lộc,Trường Mầm non Sen Chiểu,Mầm non
Thành phố Hà Nội,Xã Phúc Lộc,Trường Tiểu học Sen Phương (khu A),Tiểu học
Thành phố Hà Nội,Xã Phúc Lộc,Trường Tiểu học Sen Phương (khu B),Tiểu học
Thành phố Hà Nội,Xã Phúc Lộc,Trường Tiểu học Vân Phúc,Tiểu học
Thành phố Hà Nội,Xã Phúc Lộc,Trường Trung học cơ sở Cẩm Đình,THCS
Thành phố Hà Nội,Xã Phúc Lộc,Trường Trung học cơ sở Sen Phương (khu 1),THCS
Thành phố Hà Nội,Xã Phúc Lộc,Trường Trung học cơ sở Sen Phương (khu 2),THCS
Thành phố Hà Nội,Xã Phúc Lộc,Trường Trung học cơ sở Vân Hà,THCS
Thành phố Hà Nội,Xã Phúc Lộc,Trường Trung học cơ sở Vân Nam,THCS
Thành phố Hà Nội,Xã Phúc Lộc,Trường Trung học cơ sở Vân Phúc,THCS
Thành phố Hà Nội,Xã Phúc Lộc,Trường Trung học cơ sở Võng Xuyên,THCS
Thành phố Hà Nội,Xã Phúc Lộc,Trường Trung học cơ sở Võng Xuyên B,THCS
Thành phố Hà Nội,Xã Phúc Lộc,Trường Trung học cơ sở Xuân Phú,THCS
Thành phố Hà Nội,Xã Phúc Lộc,Trường Trung học phổ thông Phúc Thọ,THPT
Thành phố Hà Nội,Xã Phúc Lộc,Trường Trung học phổ thông Vân Cốc,THPT
Thành phố Hà Nội,Xã Phúc Sơn,Trường Mầm non xã Phúc Lâm,Mầm non
Thành phố Hà Nội,Xã Phúc Sơn,Trường Mầm non Đồng Tâm,Mầm non
Thành phố Hà Nội,Xã Phúc Sơn,Trường Tiểu học Phúc Lâm,Tiểu học
Thành phố Hà Nội,Xã Phúc Sơn,Trường Tiểu học Tuy Lai A,Tiểu học
Thành phố Hà Nội,Xã Phúc Sơn,Trường Tiểu học Xã Bột Xuyên,Tiểu học
Thành phố Hà Nội,Xã Phúc Sơn,Trường Tiểu học xã Thượng Lâm,Tiểu học
Thành phố Hà Nội,Xã Phúc Sơn,Trường Tiểu học Đồng Tâm,Tiểu học
Thành phố Hà Nội,Xã Phúc Sơn,Trường Trung học cơ sở Bột Xuyên,THCS
Thành phố Hà Nội,Xã Phúc Sơn,Trường Trung học cơ sở Mỹ Thành,THCS
Thành phố Hà Nội,Xã Phúc Sơn,Trường Trung học cơ sở Phúc Lâm,THCS
Thành phố Hà Nội,Xã Phúc Sơn,Trường Trung học cơ sở Thượng Lâm,THCS
Thành phố Hà Nội,Xã Phúc Sơn,Trường Trung học cơ sở Đồng Tâm,THCS
Thành phố Hà Nội,Xã Phúc Sơn,Trường mầm non Mỹ Thành,Mầm non
Thành phố Hà Nội,Xã Phúc Thịnh,Trường Mầm non Bắc Hồng,Mầm non
Thành phố Hà Nội,Xã Phúc Thịnh,Trường Mầm non Nam Hồng,Mầm non
Thành phố Hà Nội,Xã Phúc Thịnh,Trường Mầm non Nguyên Khê,Mầm non
Thành phố Hà Nội,Xã Phúc Thịnh,Trường Mầm non Nguyên Khê (khu Khê Nữ),Mầm non
Thành phố Hà Nội,Xã Phúc Thịnh,Trường Mầm non Nguyên Khê (khu Sơn Du),Mầm non
Thành phố Hà Nội,Xã Phúc Thịnh,Trường Mầm non Nắng Hồng (khu Tằng My),Mầm non
Thành phố Hà Nội,Xã Phúc Thịnh,Trường Mầm non Nắng Hồng (khu Vệ),Mầm non
Thành phố Hà Nội,Xã Phúc Thịnh,Trường Mầm non Tiên Dương,Mầm non
Thành phố Hà Nội,Xã Phúc Thịnh,Trường Mầm non Vân Nội,Mầm non
Thành phố Hà Nội,Xã Phúc Thịnh,Trường Mầm non Ánh Dương,Mầm non
Thành phố Hà Nội,Xã Phúc Thịnh,Trường Tiểu học Bắc Hồng,Tiểu học
Thành phố Hà Nội,Xã Phúc Thịnh,Trường Tiểu học Lê Hữu Tựu,Tiểu học
Thành phố Hà Nội,Xã Phúc Thịnh,Trường Tiểu học Nam Hồng,Tiểu học
Thành phố Hà Nội,Xã Phúc Thịnh,Trường Tiểu học Tiên Dương,Tiểu học
Thành phố Hà Nội,Xã Phúc Thịnh,Trường Tiểu học Tiên Dương A,Tiểu học
Thành phố Hà Nội,Xã Phúc Thịnh,Trường Tiểu học Tô Thị Hiển,Tiểu học
Thành phố Hà Nội,Xã Phúc Thịnh,Trường Tiểu học Vân Nội,Tiểu học
Thành phố Hà Nội,Xã Phúc Thịnh,"Trường Tiểu học, Trung học cơ sở & Trung học phổ thông Archimedes Đông Anh",Liên cấp
Thành phố Hà Nội,Xã Phúc Thịnh,Trường Trung học cơ sở Bắc Hồng,THCS
Thành phố Hà Nội,Xã Phúc Thịnh,Trường Trung học cơ sở Nam Hồng,THCS
Thành phố Hà Nội,Xã Phúc Thịnh,Trường Trung học cơ sở Nguyên Khê,THCS
Thành phố Hà Nội,Xã Phúc Thịnh,Trường Trung học cơ sở Pascal,THCS
Thành phố Hà Nội,Xã Phúc Thịnh,Trường Trung học cơ sở Tiên Dương,THCS
Thành phố Hà Nội,Xã Phúc Thịnh,Trường Trung học cơ sở Vân Nội,THCS
Thành phố Hà Nội,Xã Phúc Thịnh,Trường Trung học phổ thông Phúc Thịnh,THPT
Thành phố Hà Nội,Xã Phúc Thịnh,Trường Trung học phổ thông Vân Nội,THPT
Thành phố Hà Nội,Xã Phúc Thọ,Trường Hữu nghị T78,
Thành phố Hà Nội,Xã Phúc Thọ,Trường Phổ thông Hồng Đức,THPT
Thành phố Hà Nội,Xã Phúc Thọ,Trường Tiểu học Phúc Hòa,Tiểu học
Thành phố Hà Nội,Xã Phúc Thọ,Trường Tiểu học Phụng Thượng,Tiểu học
Thành phố Hà Nội,Xã Phúc Thọ,Trường Tiểu học Trạch Mỹ Lộc,Tiểu học
Thành phố Hà Nội,Xã Phúc Thọ,Trường Trung học cơ sở Phúc Hòa,THCS
Thành phố Hà Nội,Xã Phúc Thọ,Trường Trung học cơ sở Phụng Thượng,THCS
Thành phố Hà Nội,Xã Phúc Thọ,Trường Trung học cơ sở Thị trấn Phúc Thọ,THCS
Thành phố Hà Nội,Xã Phúc Thọ,Trường Trung học cơ sở Thọ Lộc,THCS
Thành phố Hà Nội,Xã Phượng Dực,Trường Mầm non Xã Tri Trung,Mầm non
Thành phố Hà Nội,Xã Phượng Dực,Trường Tiểu Học Văn Hoàng,Tiểu học
Thành phố Hà Nội,Xã Phượng Dực,Trường Tiểu học Phượng Dực 2,Tiểu học
Thành phố Hà Nội,Xã Phượng Dực,Trường Tiểu học Tri Trung,Tiểu học
Thành phố Hà Nội,Xã Phượng Dực,Trường Trung học cơ sở Hoàng Long,THCS
Thành phố Hà Nội,Xã Phượng Dực,Trường Trung học cơ sở Hồng Minh,THCS
Thành phố Hà Nội,Xã Phượng Dực,Trường Trung học cơ sở Phượng Dực,THCS
Thành phố Hà Nội,Xã Phượng Dực,Trường Trung học cơ sở Tri Trung,THCS
Thành phố Hà Nội,Xã Phượng Dực,Trường Trung học cơ sở Văn Hoàng,THCS
Thành phố Hà Nội,Xã Phượng Dực,Trường Trung học cơ sở ĐạI Thắng,THCS
Thành phố Hà Nội,Xã Phượng Dực,Trường Trung học phổ thông Nguyễn Bỉnh Khiêm,THPT
Thành phố Hà Nội,Xã Phượng Dực,Trường Trung học phổ thông Đồng Quan,THPT
Thành phố Hà Nội,Xã Quang Minh,Trường Mầm non Chi Đông,Mầm non
Thành phố Hà Nội,Xã Quang Minh,Trường Tiểu học Chi Đông,Tiểu học
Thành phố Hà Nội,Xã Quang Minh,Trường Trung học cơ sở Chi Đông,THCS
Thành phố Hà Nội,Xã Quang Minh,Trường Trung học cơ sở Quang Minh,THCS
Thành phố Hà Nội,Xã Quang Minh,Trường Trung học cơ sở Trưng Vương - Mê Linh,THCS
Thành phố Hà Nội,Xã Quang Minh,Trường Trung học cơ sở ĐạI Thịnh A,THCS
Thành phố Hà Nội,Xã Quang Minh,Trường Trung học phổ thông Mê Linh,THPT
Thành phố Hà Nội,Xã Quang Minh,Trường Trung học phổ thông Quang Minh,THPT
Thành phố Hà Nội,Xã Quảng Bị,Trường Mầm non Hoàng Diệu,Mầm non
Thành phố Hà Nội,Xã Quảng Bị,Trường Mầm non Hợp Đồng,Mầm non
Thành phố Hà Nội,Xã Quảng Bị,Trường Mầm non Lam Điền,Mầm non
Thành phố Hà Nội,Xã Quảng Bị,Trường Mầm non Quảng Bị,Mầm non
Thành phố Hà Nội,Xã Quảng Bị,Trường Tiểu học Hoàng Diệu,Tiểu học
Thành phố Hà Nội,Xã Quảng Bị,Trường Tiểu học Hoàng Diệu - Chương Mỹ,Tiểu học
Thành phố Hà Nội,Xã Quảng Bị,Trường Tiểu học Hợp Đồng,Tiểu học
Thành phố Hà Nội,Xã Quảng Bị,Trường Tiểu học Lam Điền,Tiểu học
Thành phố Hà Nội,Xã Quảng Bị,Trường Tiểu học Quảng Bị,Tiểu học
Thành phố Hà Nội,Xã Quảng Bị,Trường Tiểu học Tốt Động,Tiểu học
Thành phố Hà Nội,Xã Quảng Bị,Trường Trung học cơ sở Hoàng Diệu,THCS
Thành phố Hà Nội,Xã Quảng Bị,Trường Trung học cơ sở Hợp Đồng,THCS
Thành phố Hà Nội,Xã Quảng Bị,Trường Trung học cơ sở Lam Điền,THCS
Thành phố Hà Nội,Xã Quảng Bị,Trường Trung học cơ sở Quảng Bị,THCS
Thành phố Hà Nội,Xã Quảng Bị,Trường Trung học cơ sở Tốt Động,THCS
Thành phố Hà Nội,Xã Quảng Bị,Trường Trung học phổ thông Chúc Động,THPT
Thành phố Hà Nội,Xã Quảng Oai,Trường Mầm non 1-6,Mầm non
Thành phố Hà Nội,Xã Quảng Oai,Trường Mầm non Cam Thượng,Mầm non
Thành phố Hà Nội,Xã Quảng Oai,Trường Mầm non Chu Minh,Mầm non
Thành phố Hà Nội,Xã Quảng Oai,Trường Tiểu học Cam Thượng,Tiểu học
Thành phố Hà Nội,Xã Quảng Oai,Trường Tiểu học Chu Minh,Tiểu học
Thành phố Hà Nội,Xã Quảng Oai,Trường Tiểu học Thuỵ An,Tiểu học
Thành phố Hà Nội,Xã Quảng Oai,Trường Tiểu học Tây Đằng A,Tiểu học
Thành phố Hà Nội,Xã Quảng Oai,Trường Tiểu học Tây Đằng B,Tiểu học
Thành phố Hà Nội,Xã Quảng Oai,Trường Tiểu học Đông Quang,Tiểu học
Thành phố Hà Nội,Xã Quảng Oai,Trường Trung học cơ sở Cam Thượng,THCS
Thành phố Hà Nội,Xã Quảng Oai,Trường Trung học cơ sở Chu Minh,THCS
Thành phố Hà Nội,Xã Quảng Oai,Trường Trung học cơ sở Thuỵ An,THCS
Thành phố Hà Nội,Xã Quảng Oai,Trường Trung học cơ sở Tiên Phong,THCS
Thành phố Hà Nội,Xã Quảng Oai,Trường Trung học cơ sở Tây Đằng,THCS
Thành phố Hà Nội,Xã Quảng Oai,Trường Trung học cơ sở Đông Quang,THCS
Thành phố Hà Nội,Xã Quảng Oai,Trường Trung học phổ thông Quảng Oai,THPT
Thành phố Hà Nội,Xã Quảng Oai,Trường Trung học phổ thông Trần Phú - Ba Vì,THPT
Thành phố Hà Nội,Xã Quốc Oai,Trường Mầm non Huyện - Quốc Oai,Mầm non
Thành phố Hà Nội,Xã Quốc Oai,Trường Mầm non Sài Sơn A,Mầm non
Thành phố Hà Nội,Xã Quốc Oai,Trường Mầm non Sài Sơn B,Mầm non
Thành phố Hà Nội,Xã Quốc Oai,Trường Mầm non Sài Sơn C,Mầm non
Thành phố Hà Nội,Xã Quốc Oai,Trường Tiểu học Sài Sơn B,Tiểu học
Thành phố Hà Nội,Xã Quốc Oai,Trường Trung học cơ sở Phượng Cách,THCS
Thành phố Hà Nội,Xã Quốc Oai,Trường Trung học cơ sở Quốc Oai,THCS
Thành phố Hà Nội,Xã Quốc Oai,Trường Trung học cơ sở Sài Sơn,THCS
Thành phố Hà Nội,Xã Quốc Oai,Trường Trung học cơ sở Thạch Thán,THCS
Thành phố Hà Nội,Xã Quốc Oai,Trường Trung học cơ sở Yên Sơn,THCS
Thành phố Hà Nội,Xã Quốc Oai,Trường Trung học phổ thông Phan Huy Chú - Quốc Oai,THPT
Thành phố Hà Nội,Xã Quốc Oai,Trường Trung học phổ thông Quốc Oai,THPT
Thành phố Hà Nội,Xã Suối Hai,Trường Mầm non Ba Trại A,Mầm non
Thành phố Hà Nội,Xã Suối Hai,Trường Mầm non Ba Trại B,Mầm non
Thành phố Hà Nội,Xã Suối Hai,Trường Phổ thông Dân tộc Nội trú Hà Nội,THPT
Thành phố Hà Nội,Xã Suối Hai,Trường Tiểu học Ba Trại A,Tiểu học
Thành phố Hà Nội,Xã Suối Hai,Trường Tiểu học Ba Trại B,Tiểu học
Thành phố Hà Nội,Xã Suối Hai,Trường Tiểu học Tản Lĩnh,Tiểu học
Thành phố Hà Nội,Xã Suối Hai,Trường Trung học cơ sở Ba Trại,THCS
Thành phố Hà Nội,Xã Suối Hai,Trường Trung học cơ sở Tản Lĩnh,THCS
Thành phố Hà Nội,Xã Suối Hai,Trường Trung học phổ thông Ba Vì,THPT
Thành phố Hà Nội,Xã Sóc Sơn,Trường Tiểu học Phù Linh,Tiểu học
Thành phố Hà Nội,Xã Sóc Sơn,Trường Tiểu học Phù Lỗ A,Tiểu học
Thành phố Hà Nội,Xã Sóc Sơn,Trường Tiểu học Thị trấn Sóc Sơn,Tiểu học
Thành phố Hà Nội,Xã Sóc Sơn,Trường Tiểu học Tiên Dược,Tiểu học
Thành phố Hà Nội,Xã Sóc Sơn,Trường Tiểu học Đông Xuân,Tiểu học
Thành phố Hà Nội,Xã Sóc Sơn,Trường Trung học cơ sở Mai Đình,THCS
Thành phố Hà Nội,Xã Sóc Sơn,Trường Trung học cơ sở Nguyễn Du,THCS
Thành phố Hà Nội,Xã Sóc Sơn,Trường Trung học cơ sở Phù Linh,THCS
Thành phố Hà Nội,Xã Sóc Sơn,Trường Trung học cơ sở Thị trấn Sóc Sơn,THCS
Thành phố Hà Nội,Xã Sóc Sơn,Trường Trung học cơ sở Tiên Dược,THCS
Thành phố Hà Nội,Xã Sóc Sơn,Trường Trung học cơ sở Đông Xuân,THCS
Thành phố Hà Nội,Xã Sóc Sơn,Trường Trung học phổ thông Lam Hồng,THPT
Thành phố Hà Nội,Xã Sóc Sơn,Trường Trung học phổ thông Lạc Long Quân,THPT
Thành phố Hà Nội,Xã Sóc Sơn,Trường Trung học phổ thông Sóc Sơn,THPT
Thành phố Hà Nội,Xã Sóc Sơn,Trường Trung học phổ thông Đa Phúc,THPT
Thành phố Hà Nội,Xã Sơn Đồng,Edison Schools An Khánh,
Thành phố Hà Nội,Xã Sơn Đồng,Hoai Duc C High School,THPT
Thành phố Hà Nội,Xã Sơn Đồng,Trường Mầm non Lại Yên,Mầm non
Thành phố Hà Nội,Xã Sơn Đồng,Trường Mầm non Sơn Đồng,Mầm non
Thành phố Hà Nội,Xã Sơn Đồng,Trường Mầm non Vân Canh B,Mầm non
Thành phố Hà Nội,Xã Sơn Đồng,Trường Mẫu Giáo Vân Canh,Mầm non
Thành phố Hà Nội,Xã Sơn Đồng,Trường Quốc Tế Việt Mỹ,
Thành phố Hà Nội,Xã Sơn Đồng,Trường Tiểu học Lại Yên,Tiểu học
Thành phố Hà Nội,Xã Sơn Đồng,Trường Tiểu học Sơn Đồng,Tiểu học
Thành phố Hà Nội,Xã Sơn Đồng,Trường Tiểu học Vân Canh,Tiểu học
Thành phố Hà Nội,Xã Sơn Đồng,Trường Trung học cơ sở Lại Yên,THCS
Thành phố Hà Nội,Xã Sơn Đồng,Trường Trung học cơ sở Nguyễn Văn Huyên,THCS
Thành phố Hà Nội,Xã Sơn Đồng,Trường Trung học cơ sở Sơn Đồng,THCS
Thành phố Hà Nội,Xã Sơn Đồng,Trường Trung học cơ sở Vân Canh,THCS
Thành phố Hà Nội,Xã Tam Hưng,Trường Mầm non Mỹ Hưng,Mầm non
Thành phố Hà Nội,Xã Tam Hưng,Trường Tiểu học Mỹ Hưng,Tiểu học
Thành phố Hà Nội,Xã Tam Hưng,Trường Trung học cơ sở Mỹ Hưng,THCS
Thành phố Hà Nội,Xã Tam Hưng,Trường Trung học cơ sở Tam Hưng,THCS
Thành phố Hà Nội,Xã Tam Hưng,Trường Trung học phổ thông Thanh Oai B,THPT
Thành phố Hà Nội,Xã Thanh Oai,Trương Trung học cơ sở Đỗ Động,THCS
Thành phố Hà Nội,Xã Thanh Oai,Trường Nội Trú IVS Phía Bắc,
Thành phố Hà Nội,Xã Thanh Oai,Trường Tiểu Học Kim An,Tiểu học
Thành phố Hà Nội,Xã Thanh Oai,Trường Tiểu Học Kim Bài,Tiểu học
Thành phố Hà Nội,Xã Thanh Oai,Trường Trung học cơ sở Kim An,THCS
Thành phố Hà Nội,Xã Thanh Oai,Trường Trung học cơ sở Kim Thư,THCS
Thành phố Hà Nội,Xã Thanh Oai,Trường Trung học cơ sở Nguyễn Trực,THCS
Thành phố Hà Nội,Xã Thanh Oai,Trường Trung học cơ sở Phương Trung,THCS
Thành phố Hà Nội,Xã Thanh Oai,Trường Trung học phổ thông Thanh Oai A,THPT
Thành phố Hà Nội,Xã Thanh Trì,Trường Mầm non A Tứ Hiệp (điểm Cương Ngô 1),Mầm non
Thành phố Hà Nội,Xã Thanh Trì,Trường Mầm non A Tứ Hiệp (điểm Cương Ngô 2),Mầm non
Thành phố Hà Nội,Xã Thanh Trì,Trường Mầm non Chu Văn An,Mầm non
Thành phố Hà Nội,Xã Thanh Trì,Trường Mầm non Ngũ Hiệp,Mầm non
Thành phố Hà Nội,Xã Thanh Trì,Trường Mầm non Tứ Hiệp (điểm Cổ Điển B),Mầm non
Thành phố Hà Nội,Xã Thanh Trì,Trường Mầm non Tứ Hiệp (điểm Đồng Trì),Mầm non
Thành phố Hà Nội,Xã Thanh Trì,Trường Mầm non Yên Mỹ,Mầm non
Thành phố Hà Nội,Xã Thanh Trì,Trường Tiểu học Ngô Sĩ Kiện,Tiểu học
Thành phố Hà Nội,Xã Thanh Trì,Trường Tiểu học Ngũ Hiệp,Tiểu học
Thành phố Hà Nội,Xã Thanh Trì,Trường Tiểu học Thanh Trì,Tiểu học
Thành phố Hà Nội,Xã Thanh Trì,Trường Tiểu học Vũ Lăng,Tiểu học
Thành phố Hà Nội,Xã Thanh Trì,Trường Tiểu học Yên Mỹ,Tiểu học
Thành phố Hà Nội,Xã Thanh Trì,Trường Trung học cơ sở Chu Vân An,THCS
Thành phố Hà Nội,Xã Thanh Trì,Trường Trung học cơ sở Yên Mỹ,THCS
Thành phố Hà Nội,Xã Thanh Trì,Trường Trung học phổ thông Ngọc Hồi,THPT
Thành phố Hà Nội,Xã Thanh Trì,Trường dạy Trẻ em khuyết tật huyện Thanh Trì,
Thành phố Hà Nội,Xã Thiên Lộc,Trường Mầm Non Kim Chung,Mầm non
Thành phố Hà Nội,Xã Thiên Lộc,Trường Mầm non Ban Mai,Mầm non
Thành phố Hà Nội,Xã Thiên Lộc,Trường Mầm non Kim Chung A,Mầm non
Thành phố Hà Nội,Xã Thiên Lộc,Trường Mầm non Kim Nỗ,Mầm non
Thành phố Hà Nội,Xã Thiên Lộc,Trường Mầm non Võng La,Mầm non
Thành phố Hà Nội,Xã Thiên Lộc,Trường Mầm non Đại Mạch,Mầm non
Thành phố Hà Nội,Xã Thiên Lộc,Trường Tiểu học - Trung học cơ sở - Trung học phổ thông Chu Văn An,Liên cấp
Thành phố Hà Nội,Xã Thiên Lộc,Trường Tiểu học Bùi Quang Mại,Tiểu học
Thành phố Hà Nội,Xã Thiên Lộc,Trường Tiểu học Kim Chung,Tiểu học
Thành phố Hà Nội,Xã Thiên Lộc,Trường Tiểu học Kim Nỗ,Tiểu học
Thành phố Hà Nội,Xã Thiên Lộc,Trường Tiểu học Thăng Long,Tiểu học
Thành phố Hà Nội,Xã Thiên Lộc,Trường Tiểu học Võng La,Tiểu học
Thành phố Hà Nội,Xã Thiên Lộc,Trường Tiểu học Đại Mạch,Tiểu học
Thành phố Hà Nội,Xã Thiên Lộc,Trường Trung học cơ sở Bùi Quang Mại,THCS
Thành phố Hà Nội,Xã Thiên Lộc,Trường Trung học cơ sở Kim Chung,THCS
Thành phố Hà Nội,Xã Thiên Lộc,Trường Trung học cơ sở Kim Nỗ,THCS
Thành phố Hà Nội,Xã Thiên Lộc,Trường Trung học cơ sở Võng La,THCS
Thành phố Hà Nội,Xã Thiên Lộc,Trường Trung học phổ thông Bắc Thăng Long,THPT
Thành phố Hà Nội,Xã Thuận An,Trường Mầm non Dương Quang,Mầm non
Thành phố Hà Nội,Xã Thuận An,Trường Mầm non Kim Sơn,Mầm non
Thành phố Hà Nội,Xã Thuận An,Trường Mầm non Lệ Chi,Mầm non
Thành phố Hà Nội,Xã Thuận An,Trường Mầm non Phú Thị,Mầm non
Thành phố Hà Nội,Xã Thuận An,Trường Mầm non Ánh Sao,Mầm non
Thành phố Hà Nội,Xã Thuận An,Trường Mầm non Đặng Xá,Mầm non
Thành phố Hà Nội,Xã Thuận An,Trường Tiểu học Cao Bá Quát,Tiểu học
Thành phố Hà Nội,Xã Thuận An,Trường Tiểu học Dương Quang,Tiểu học
Thành phố Hà Nội,Xã Thuận An,Trường Tiểu học Kim Sơn,Tiểu học
Thành phố Hà Nội,Xã Thuận An,Trường Tiểu học Lệ Chi,Tiểu học
Thành phố Hà Nội,Xã Thuận An,Trường Tiểu học Phú Thị,Tiểu học
Thành phố Hà Nội,Xã Thuận An,Trường Tiểu học Đặng Xá,Tiểu học
Thành phố Hà Nội,Xã Thuận An,Trường Trung học cơ sở Cao Bá Quát,THCS
Thành phố Hà Nội,Xã Thuận An,Trường Trung học cơ sở Dương Quang,THCS
Thành phố Hà Nội,Xã Thuận An,Trường Trung học cơ sở Kim Sơn,THCS
Thành phố Hà Nội,Xã Thuận An,Trường Trung học cơ sở Lệ Chi,THCS
Thành phố Hà Nội,Xã Thuận An,Trường Trung học cơ sở Phú Thị,THCS
Thành phố Hà Nội,Xã Thuận An,Trường Trung học cơ sở Đặng Xá,THCS
Thành phố Hà Nội,Xã Thư Lâm,Trường Mầm non Hoa Mai,Mầm non
Thành phố Hà Nội,Xã Thư Lâm,Trường Mầm non Hoa Sữa,Mầm non
Thành phố Hà Nội,Xã Thư Lâm,Trường Mầm non Liên Hà,Mầm non
Thành phố Hà Nội,Xã Thư Lâm,Trường Mầm non Lâm Tiên,Mầm non
Thành phố Hà Nội,Xã Thư Lâm,Trường Mầm non Thuỵ Lâm,Mầm non
Thành phố Hà Nội,Xã Thư Lâm,Trường Mầm non Thư Lâm,Mầm non
Thành phố Hà Nội,Xã Thư Lâm,Trường Mầm non Vân Hà,Mầm non
Thành phố Hà Nội,Xã Thư Lâm,Trường Mầm non Xuân Nộn,Mầm non
Thành phố Hà Nội,Xã Thư Lâm,Trường Tiểu học Liên Hà,Tiểu học
Thành phố Hà Nội,Xã Thư Lâm,Trường Tiểu học Liên Hà A,Tiểu học
Thành phố Hà Nội,Xã Thư Lâm,Trường Tiểu học Thuỵ Lâm,Tiểu học
Thành phố Hà Nội,Xã Thư Lâm,Trường Tiểu học Thuỵ Lâm A,Tiểu học
Thành phố Hà Nội,Xã Thư Lâm,Trường Tiểu học Thư Lâm,Tiểu học
Thành phố Hà Nội,Xã Thư Lâm,Trường Tiểu học Thư Lâm A,Tiểu học
Thành phố Hà Nội,Xã Thư Lâm,Trường Tiểu học Vân Hà,Tiểu học
Thành phố Hà Nội,Xã Thư Lâm,Trường Tiểu học Xuân Nộn,Tiểu học
Thành phố Hà Nội,Xã Thư Lâm,Trường Trung học cơ sở Liên Hà,THCS
Thành phố Hà Nội,Xã Thư Lâm,Trường Trung học cơ sở Thuỵ Lâm,THCS
Thành phố Hà Nội,Xã Thư Lâm,Trường Trung học cơ sở Thư Lâm,THCS
Thành phố Hà Nội,Xã Thư Lâm,Trường Trung học cơ sở Vân Hà,THCS
Thành phố Hà Nội,Xã Thư Lâm,Trường Trung học cơ sở Xuân Nộn,THCS
Thành phố Hà Nội,Xã Thư Lâm,Trường Trung học phổ thông An Dương Vương,THPT
Thành phố Hà Nội,Xã Thư Lâm,Trường Trung học phổ thông Liên Hà,THPT
Thành phố Hà Nội,Xã Thư Lâm,Trường Trung học phổ thông Đông Anh,THPT
Thành phố Hà Nội,Xã Thường Tín,Trường Mầm non Văn Phú,Mầm non
Thành phố Hà Nội,Xã Thường Tín,Trường Tiểu học Nguyễn Du,Tiểu học
Thành phố Hà Nội,Xã Thường Tín,Trường Tiểu học Nhị Khê,Tiểu học
Thành phố Hà Nội,Xã Thường Tín,Trường Tiểu học Văn Phú,Tiểu học
Thành phố Hà Nội,Xã Thường Tín,Trường Trung học cơ sở Khánh Hà,THCS
Thành phố Hà Nội,Xã Thường Tín,Trường Trung học cơ sở Nguyễn Trãi A,THCS
Thành phố Hà Nội,Xã Thường Tín,Trường Trung học cơ sở Nhị Khê,THCS
Thành phố Hà Nội,Xã Thường Tín,Trường Trung học cơ sở Thị Trấn Thường Tín,THCS
Thành phố Hà Nội,Xã Thường Tín,Trường Trung học cơ sở Văn Bình,THCS
Thành phố Hà Nội,Xã Thường Tín,Trường Trung học cơ sở Văn Phú,THCS
Thành phố Hà Nội,Xã Thường Tín,Trường Trung học phổ thông Nguyễn Trãi - Thường Tín,THPT
Thành phố Hà Nội,Xã Thường Tín,Trường Trung học phổ thông Thường Tín,THPT
Thành phố Hà Nội,Xã Thượng Phúc,Trường Mầm non Dũng Tiến,Mầm non
Thành phố Hà Nội,Xã Thượng Phúc,Trường Mầm non Nguyễn Trãi,Mầm non
Thành phố Hà Nội,Xã Thượng Phúc,Trường THCS Tân Minh,THCS
Thành phố Hà Nội,Xã Thượng Phúc,Trường Tiểu học Dũng Tiến,Tiểu học
Thành phố Hà Nội,Xã Thượng Phúc,Trường Tiểu học Nghiêm Xuyên,Tiểu học
Thành phố Hà Nội,Xã Thượng Phúc,Trường Tiểu học Nguyễn Trãi,Tiểu học
Thành phố Hà Nội,Xã Thượng Phúc,Trường Tiểu học Tân Minh,Tiểu học
Thành phố Hà Nội,Xã Thượng Phúc,Trường Trung học cơ sở Dũng Tiến,THCS
Thành phố Hà Nội,Xã Thượng Phúc,Trường Trung học cơ sở Nghiêm Xuyên,THCS
Thành phố Hà Nội,Xã Thượng Phúc,Trường Trung học cơ sở Nguyễn Trãi,THCS
Thành phố Hà Nội,Xã Thượng Phúc,Trường Trung học cơ sở Quất Động,THCS
Thành phố Hà Nội,Xã Thượng Phúc,Trường Trung học phổ thông Lý Tử Tấn,THPT
Thành phố Hà Nội,Xã Thạch Thất,Trường Mầm non Lại Thượng,Mầm non
Thành phố Hà Nội,Xã Thạch Thất,Trường Mầm non xã Đại Đồng,Mầm non
Thành phố Hà Nội,Xã Thạch Thất,Trường Tiểu học Đại Đồng,Tiểu học
Thành phố Hà Nội,Xã Thạch Thất,Trường Trung học cơ sở Cẩm Yên,THCS
Thành phố Hà Nội,Xã Thạch Thất,Trường Trung học cơ sở Kim Quan,THCS
Thành phố Hà Nội,Xã Thạch Thất,Trường Trung học cơ sở Liên Quan,THCS
Thành phố Hà Nội,Xã Thạch Thất,Trường Trung học cơ sở Lại Thượng,THCS
Thành phố Hà Nội,Xã Thạch Thất,Trường Trung học cơ sở Thạch Thất,THCS
Thành phố Hà Nội,Xã Thạch Thất,Trường Trung học cơ sở Đại Đồng,THCS
Thành phố Hà Nội,Xã Thạch Thất,Trường Trung học phổ thông Thạch Thất,THPT
Thành phố Hà Nội,Xã Tiến Thắng,Trường Trung học cơ sở Thanh Lâm A,THCS
Thành phố Hà Nội,Xã Tiến Thắng,Trường Trung học cơ sở Trưng Vương,THCS
Thành phố Hà Nội,Xã Tiến Thắng,Trường Trung học cơ sở Tự Lập,THCS
Thành phố Hà Nội,Xã Tiến Thắng,Trường Trung học phổ thông Tự Lập,THPT
Thành phố Hà Nội,Xã Trung Giã,Trường Trung học cơ sở Hồng Kỳ,THCS
Thành phố Hà Nội,Xã Trung Giã,Trường Trung học cơ sở Trung Giã,THCS
Thành phố Hà Nội,Xã Trung Giã,Trường Trung học phổ thông Trung Giã,THPT
Thành phố Hà Nội,Xã Trung Giã,Trường Trung học phổ thông Đặng Thai Mai,THPT
Thành phố Hà Nội,Xã Trần Phú,Trường Mầm non Hoàng Văn Thụ,Mầm non
Thành phố Hà Nội,Xã Trần Phú,Trường Mầm non Hữu Văn,Mầm non
Thành phố Hà Nội,Xã Trần Phú,Trường Mầm non Mỹ Lương,Mầm non
Thành phố Hà Nội,Xã Trần Phú,Trường Mầm non Văn Mỹ,Mầm non
Thành phố Hà Nội,Xã Trần Phú,Trường Mầm non xã Trần Phú,Mầm non
Thành phố Hà Nội,Xã Trần Phú,Trường Tiểu học Hoàng Văn Thụ,Tiểu học
Thành phố Hà Nội,Xã Trần Phú,Trường Tiểu học Hữu Văn,Tiểu học
Thành phố Hà Nội,Xã Trần Phú,Trường Tiểu học Lương Mỹ,Tiểu học
Thành phố Hà Nội,Xã Trần Phú,Trường Tiểu học Mỹ Lương,Tiểu học
Thành phố Hà Nội,Xã Trần Phú,Trường Tiểu học Trần Phú - Chương Mỹ,Tiểu học
Thành phố Hà Nội,Xã Trần Phú,Trường Tiểu học Trần Phú A,Tiểu học
Thành phố Hà Nội,Xã Trần Phú,Trường Tiểu học Trần Phú B,Tiểu học
Thành phố Hà Nội,Xã Trần Phú,Trường Trung học cơ sở Hoàng Văn Thụ,THCS
Thành phố Hà Nội,Xã Trần Phú,Trường Trung học cơ sở Hữu Văn,THCS
Thành phố Hà Nội,Xã Trần Phú,Trường Trung học cơ sở Lương Mỹ,THCS
Thành phố Hà Nội,Xã Trần Phú,Trường Trung học cơ sở Mỹ Lương,THCS
Thành phố Hà Nội,Xã Trần Phú,Trường Trung học cơ sở Trần Phú,THCS
Thành phố Hà Nội,Xã Trần Phú,Trường Trung học phổ thông Nguyễn Văn Trỗi,THPT
Thành phố Hà Nội,Xã Tây Phương,Trường Mầm non Hương Ngải,Mầm non
Thành phố Hà Nội,Xã Tây Phương,Trường Tiểu học Hương Ngải,Tiểu học
Thành phố Hà Nội,Xã Tây Phương,Trường Tiểu học Hữu Bằng,Tiểu học
Thành phố Hà Nội,Xã Tây Phương,Trường Tiểu học Minh Hà A - Canh Nậu,Tiểu học
Thành phố Hà Nội,Xã Tây Phương,Trường Tiểu học Minh Hà B - Canh Nậu,Tiểu học
Thành phố Hà Nội,Xã Tây Phương,Trường Tiểu học Phùng Xá A,Tiểu học
Thành phố Hà Nội,Xã Tây Phương,Trường Tiểu học Thạch Xá,Tiểu học
Thành phố Hà Nội,Xã Tây Phương,Trường Trung học cơ sở Bình Phú,THCS
Thành phố Hà Nội,Xã Tây Phương,Trường Trung học cơ sở Chàng Sơn,THCS
Thành phố Hà Nội,Xã Tây Phương,Trường Trung học cơ sở Dị Nậu,THCS
Thành phố Hà Nội,Xã Tây Phương,Trường Trung học cơ sở Hương Ngải,THCS
Thành phố Hà Nội,Xã Tây Phương,Trường Trung học cơ sở Hữu Bằng,THCS
Thành phố Hà Nội,Xã Tây Phương,Trường Trung học cơ sở Minh Hà (Canh Nậu),THCS
Thành phố Hà Nội,Xã Tây Phương,Trường Trung học cơ sở Thạch Xá,THCS
Thành phố Hà Nội,Xã Tây Phương,Trường Trung học phổ thông Minh Hà,THPT
Thành phố Hà Nội,Xã Tây Phương,Trường Trung học phổ thông Phùng Khắc Khoan - Thạch Thất,THPT
Thành phố Hà Nội,Xã Vân Đình,Trường Tiểu học Vân Đình 2,Tiểu học
Thành phố Hà Nội,Xã Vân Đình,Trường Trung học cơ sở Cao Thành,THCS
Thành phố Hà Nội,Xã Vân Đình,Trường Trung học cơ sở Nguyễn Thượng Hiền,THCS
Thành phố Hà Nội,Xã Vân Đình,Trường Trung học cơ sở Phương Tú,THCS
Thành phố Hà Nội,Xã Vân Đình,Trường Trung học cơ sở Sơn Công,THCS
Thành phố Hà Nội,Xã Vân Đình,Trường Trung học cơ sở Đồng Tiến,THCS
Thành phố Hà Nội,Xã Vân Đình,Trường Trung học phổ thông Nguyễn Thượng Hiền - Ứng Hoà,THPT
Thành phố Hà Nội,Xã Vân Đình,Trường Trung học phổ thông Ứng Hoà A,THPT
Thành phố Hà Nội,Xã Vĩnh Thanh,Trường Mầm non Hoạ My,Mầm non
Thành phố Hà Nội,Xã Vĩnh Thanh,Trường Mầm non Hải Bối,Mầm non
Thành phố Hà Nội,Xã Vĩnh Thanh,Trường Mầm non Tàm Xá,Mầm non
Thành phố Hà Nội,Xã Vĩnh Thanh,Trường Mầm non Vĩnh Ngọc (khu Phương Trạch),Mầm non
Thành phố Hà Nội,Xã Vĩnh Thanh,Trường Mầm non Vĩnh Ngọc (khu Vĩnh Thanh),Mầm non
Thành phố Hà Nội,Xã Vĩnh Thanh,Trường Tiểu học Hải Bối,Tiểu học
Thành phố Hà Nội,Xã Vĩnh Thanh,Trường Tiểu học Tàm Xá,Tiểu học
Thành phố Hà Nội,Xã Vĩnh Thanh,Trường Tiểu học Vĩnh Ngọc,Tiểu học
Thành phố Hà Nội,Xã Vĩnh Thanh,Trường Tiểu học Vũ Công Tể,Tiểu học
Thành phố Hà Nội,Xã Vĩnh Thanh,Trường Trung học cơ sở Hải Bối,THCS
Thành phố Hà Nội,Xã Vĩnh Thanh,Trường Trung học cơ sở Tàm Xá,THCS
Thành phố Hà Nội,Xã Vĩnh Thanh,Trường Trung học cơ sở Vĩnh Ngọc,THCS
Thành phố Hà Nội,Xã Vĩnh Thanh,Trường Trung học phổ thông Ngô Quyền - Đông Anh,THPT
Thành phố Hà Nội,Xã Vật Lại,Trường Mầm Non Phú Châu,Mầm non
Thành phố Hà Nội,Xã Vật Lại,Trường Mầm non Vật Lại,Mầm non
Thành phố Hà Nội,Xã Vật Lại,Trường Mầm non Đồng Thái,Mầm non
Thành phố Hà Nội,Xã Vật Lại,Trường Tiểu học Phú Châu,Tiểu học
Thành phố Hà Nội,Xã Vật Lại,Trường Tiểu học Phú Sơn,Tiểu học
Thành phố Hà Nội,Xã Vật Lại,Trường Tiểu học Thái Hoà,Tiểu học
Thành phố Hà Nội,Xã Vật Lại,Trường Tiểu học Vật Lại,Tiểu học
Thành phố Hà Nội,Xã Vật Lại,Trường Tiểu học Đồng Thái,Tiểu học
Thành phố Hà Nội,Xã Vật Lại,Trường Trung học cơ sở Phú Châu,THCS
Thành phố Hà Nội,Xã Vật Lại,Trường Trung học cơ sở Phú Sơn,THCS
Thành phố Hà Nội,Xã Vật Lại,Trường Trung học cơ sở Thái Hoà,THCS
Thành phố Hà Nội,Xã Vật Lại,Trường Trung học cơ sở Vật Lại,THCS
Thành phố Hà Nội,Xã Vật Lại,Trường Trung học cơ sở Đồng Thái,THCS
Thành phố Hà Nội,Xã Vật Lại,Trường Trung học phổ thông Lương Thế Vinh - Ba Vì,THPT
Thành phố Hà Nội,Xã Xuân Mai,Trường Mầm non J106,Mầm non
Thành phố Hà Nội,Xã Xuân Mai,Trường Mầm non Nam Phương Tiến,Mầm non
Thành phố Hà Nội,Xã Xuân Mai,Trường Mầm non Thuỷ Xuân Tiên,Mầm non
Thành phố Hà Nội,Xã Xuân Mai,Trường Mầm non Tân Tiến,Mầm non
Thành phố Hà Nội,Xã Xuân Mai,Trường Mầm non Xuân Mai,Mầm non
Thành phố Hà Nội,Xã Xuân Mai,Trường Tiểu học Bê Tông,Tiểu học
Thành phố Hà Nội,Xã Xuân Mai,Trường Tiểu học Nam Phương Tiến A,Tiểu học
Thành phố Hà Nội,Xã Xuân Mai,Trường Tiểu học Nam Phương Tiến B,Tiểu học
Thành phố Hà Nội,Xã Xuân Mai,Trường Tiểu học Thuỷ Xuân Tiên,Tiểu học
Thành phố Hà Nội,Xã Xuân Mai,Trường Tiểu học Tân Tiến,Tiểu học
Thành phố Hà Nội,Xã Xuân Mai,Trường Tiểu học Xuân Mai A,Tiểu học
Thành phố Hà Nội,Xã Xuân Mai,Trường Tiểu học Xuân Mai B,Tiểu học
Thành phố Hà Nội,Xã Xuân Mai,Trường Trung học cơ sở Bê Tông,THCS
Thành phố Hà Nội,Xã Xuân Mai,Trường Trung học cơ sở Nam Phương Tiến A,THCS
Thành phố Hà Nội,Xã Xuân Mai,Trường Trung học cơ sở Nam Phương Tiến B,THCS
Thành phố Hà Nội,Xã Xuân Mai,Trường Trung học cơ sở Thuỷ Xuân Tiên,THCS
Thành phố Hà Nội,Xã Xuân Mai,Trường Trung học cơ sở Tân Tiến,THCS
Thành phố Hà Nội,Xã Xuân Mai,Trường Trung học cơ sở Xuân Mai A,THCS
Thành phố Hà Nội,Xã Xuân Mai,Trường Trung học cơ sở Xuân Mai B,THCS
Thành phố Hà Nội,Xã Xuân Mai,Trường Trung học phổ thông Lâm Nghiệp,THPT
Thành phố Hà Nội,Xã Xuân Mai,Trường Trung học phổ thông Xuân Mai,THPT
Thành phố Hà Nội,Xã Yên Bài,Trường Mầm non Vân Hoà,Mầm non
Thành phố Hà Nội,Xã Yên Bài,Trường Tiểu học Vân Hoà,Tiểu học
Thành phố Hà Nội,Xã Yên Bài,Trường Tiểu học Yên Bài (khu A),Tiểu học
Thành phố Hà Nội,Xã Yên Bài,Trường Tiểu học Yên Bài (khu B),Tiểu học
Thành phố Hà Nội,Xã Yên Bài,Trường Tiểu học Yên Bài C,Tiểu học
Thành phố Hà Nội,Xã Yên Bài,Trường Trung học cơ sở Vân Hoà,THCS
Thành phố Hà Nội,Xã Yên Bài,Trường Trung học cơ sở Yên Bài A,THCS
Thành phố Hà Nội,Xã Yên Bài,Trường Trung học cơ sở Yên Bài B,THCS
Thành phố Hà Nội,Xã Yên Lãng,Trường Tiểu Học Liên Mạc B,Tiểu học
Thành phố Hà Nội,Xã Yên Lãng,Trường Trung học cơ sở Chu Phan,THCS
Thành phố Hà Nội,Xã Yên Lãng,Trường Trung học cơ sở Hoàng Kim,THCS
Thành phố Hà Nội,Xã Yên Lãng,Trường Trung học cơ sở Liên Mạc B,THCS
Thành phố Hà Nội,Xã Yên Lãng,Trường Trung học cơ sở Phạm Hồng Thái,THCS
Thành phố Hà Nội,Xã Yên Lãng,Trường Trung học cơ sở Vạn Yên,THCS
Thành phố Hà Nội,Xã Yên Lãng,Trường Trung học phổ thông Tiến Thịnh,THPT
Thành phố Hà Nội,Xã Yên Lãng,Trường Trung học phổ thông Yên Lãng,THPT
Thành phố Hà Nội,Xã Yên Lãng,Trường mầm non Thạch Đà B,Mầm non
Thành phố Hà Nội,Xã Yên Lãng,Trường tiểu học Thạch Đà B,Tiểu học
Thành phố Hà Nội,Xã Yên Xuân,Trường Trung học cơ sở Tiến Xuân,THCS
Thành phố Hà Nội,Xã Yên Xuân,Trường Trung học cơ sở Yên Bình,THCS
Thành phố Hà Nội,Xã Yên Xuân,Trường Trung học cơ sở Yên Trung,THCS
Thành phố Hà Nội,Xã Yên Xuân,Trường Trung học cơ sở Đông Xuân,THCS
Thành phố Hà Nội,Xã Yên Xuân,Trường Trung học phổ thông Bắc Lương Sơn,THPT
Thành phố Hà Nội,Xã Ô Diên,Trường Mầm non Hạ Mỗ,Mầm non
Thành phố Hà Nội,Xã Ô Diên,Trường Mầm non Hồng Hà,Mầm non
Thành phố Hà Nội,Xã Ô Diên,Trường Mầm non Liên Hà,Mầm non
Thành phố Hà Nội,Xã Ô Diên,Trường Mầm non Liên Trung,Mầm non
Thành phố Hà Nội,Xã Ô Diên,Trường Mầm non Tân Hội A,Mầm non
Thành phố Hà Nội,Xã Ô Diên,Trường Mầm non Tân Hội B,Mầm non
Thành phố Hà Nội,Xã Ô Diên,Trường Mầm non Tân Lập,Mầm non
Thành phố Hà Nội,Xã Ô Diên,Trường Mầm non Tân Lập (phân hiệu),Mầm non
Thành phố Hà Nội,Xã Ô Diên,Trường Tiểu học Hồng Hà,Tiểu học
Thành phố Hà Nội,Xã Ô Diên,Trường Tiểu học Liên Hà,Tiểu học
Thành phố Hà Nội,Xã Ô Diên,Trường Tiểu học Liên Hồng,Tiểu học
Thành phố Hà Nội,Xã Ô Diên,Trường Tiểu học Liên Trung,Tiểu học
Thành phố Hà Nội,Xã Ô Diên,Trường Tiểu học Tân Hội A,Tiểu học
Thành phố Hà Nội,Xã Ô Diên,Trường Tiểu học Tân Hội B,Tiểu học
Thành phố Hà Nội,Xã Ô Diên,Trường Tiểu học Tân Lập A,Tiểu học
Thành phố Hà Nội,Xã Ô Diên,Trường Tiểu học Tân Lập B,Tiểu học
Thành phố Hà Nội,Xã Ô Diên,Trường Tiểu học Tô Hiến Thành,Tiểu học
Thành phố Hà Nội,Xã Ô Diên,Trường Trung học cơ sở Liên Hà,THCS
Thành phố Hà Nội,Xã Ô Diên,Trường Trung học cơ sở Liên Hồng,THCS
Thành phố Hà Nội,Xã Ô Diên,Trường Trung học cơ sở Liên Trung,THCS
Thành phố Hà Nội,Xã Ô Diên,Trường Trung học cơ sở Tân Hội,THCS
Thành phố Hà Nội,Xã Ô Diên,Trường Trung học cơ sở Tân Lập,THCS
Thành phố Hà Nội,Xã Ô Diên,Trường Trung học cơ sở Tô Hiến Thành,THCS
Thành phố Hà Nội,Xã Ô Diên,Trường Trung học phổ thông Hồng Thái,THPT
Thành phố Hà Nội,Xã Ô Diên,Trường Trung học phổ thông Tân Lập,THPT
Thành phố Hà Nội,Xã Đa Phúc,Trường Mầm non Xuân Giang,Mầm non
Thành phố Hà Nội,Xã Đa Phúc,Trường Tiểu học Xuân Giang,Tiểu học
Thành phố Hà Nội,Xã Đa Phúc,Trường Trung học cơ sở Kim Lũ,THCS
Thành phố Hà Nội,Xã Đa Phúc,Trường Trung học cơ sở Việt Long,THCS
Thành phố Hà Nội,Xã Đa Phúc,Trường Trung học cơ sở Xuân Giang,THCS
Thành phố Hà Nội,Xã Đa Phúc,Trường Trung học cơ sở Xuân Thu,THCS
Thành phố Hà Nội,Xã Đa Phúc,Trường Trung học cơ sở Đức Hòa,THCS
Thành phố Hà Nội,Xã Đa Phúc,Trường Trung học phổ thông Xuân Giang,THPT
Thành phố Hà Nội,Xã Đan Phượng,Trường Mầm non Huyện - Đan Phượng,Mầm non
Thành phố Hà Nội,Xã Đan Phượng,Trường Mầm non Song Phượng,Mầm non
Thành phố Hà Nội,Xã Đan Phượng,Trường Mầm non Thị trấn Phùng,Mầm non
Thành phố Hà Nội,Xã Đan Phượng,Trường Mầm non Đan Phượng,Mầm non
Thành phố Hà Nội,Xã Đan Phượng,Trường Mầm non Đồng Tháp,Mầm non
Thành phố Hà Nội,Xã Đan Phượng,Trường Tiểu học Song Phượng,Tiểu học
Thành phố Hà Nội,Xã Đan Phượng,Trường Tiểu học Thượng Mỗ,Tiểu học
Thành phố Hà Nội,Xã Đan Phượng,Trường Tiểu học Thị trấn Phùng,Tiểu học
Thành phố Hà Nội,Xã Đan Phượng,Trường Tiểu học Đan Phượng,Tiểu học
Thành phố Hà Nội,Xã Đan Phượng,Trường Tiểu học Đồng Tháp,Tiểu học
Thành phố Hà Nội,Xã Đan Phượng,Trường Trung học cơ sở Lương Thế Vinh,THCS
Thành phố Hà Nội,Xã Đan Phượng,Trường Trung học cơ sở Song Phượng,THCS
Thành phố Hà Nội,Xã Đan Phượng,Trường Trung học cơ sở Thượng Mỗ,THCS
Thành phố Hà Nội,Xã Đan Phượng,Trường Trung học cơ sở Đan Phượng,THCS
Thành phố Hà Nội,Xã Đan Phượng,Trường Trung học cơ sở Đồng Tháp,THCS
Thành phố Hà Nội,Xã Đan Phượng,Trường Trung học phổ thông Đan Phượng,THPT
Thành phố Hà Nội,Xã Đoài Phương,Trường Mầm non Cổ Đông,Mầm non
Thành phố Hà Nội,Xã Đoài Phương,Trường Mầm non Cổ Đông (khu Đồng Trạng),Mầm non
Thành phố Hà Nội,Xã Đoài Phương,Trường Tiểu học Cổ Đông,Tiểu học
Thành phố Hà Nội,Xã Đoài Phương,Trường Tiểu học Cổ Đông (khu B),Tiểu học
Thành phố Hà Nội,Xã Đoài Phương,Trường Trung học cơ sở Cổ Đông,THCS
Thành phố Hà Nội,Xã Đoài Phương,Trường Trung học cơ sở Kim Sơn,THCS
Thành phố Hà Nội,Xã Đoài Phương,Trường Trung học cơ sở Sơn Đông,THCS
Thành phố Hà Nội,Xã Đông Anh,Trường Mầm non Hoa Sen,Mầm non
Thành phố Hà Nội,Xã Đông Anh,Trường Mầm non Mai Lâm,Mầm non
Thành phố Hà Nội,Xã Đông Anh,Trường Mầm non Mai Lâm (khu Du Ngoại),Mầm non
Thành phố Hà Nội,Xã Đông Anh,Trường Mầm non Mai Lâm (khu Lê Xá),Mầm non
Thành phố Hà Nội,Xã Đông Anh,Trường Mầm non Phúc Lộc,Mầm non
Thành phố Hà Nội,Xã Đông Anh,Trường Mầm non Sao Mai,Mầm non
Thành phố Hà Nội,Xã Đông Anh,Trường Mầm non Thành Loa,Mầm non
Thành phố Hà Nội,Xã Đông Anh,Trường Mầm non Tuổi Thơ,Mầm non
Thành phố Hà Nội,Xã Đông Anh,Trường Mầm non Uy Nỗ,Mầm non
Thành phố Hà Nội,Xã Đông Anh,Trường Mầm non Việt Hùng (khu Đông),Mầm non
Thành phố Hà Nội,Xã Đông Anh,Trường Mầm non Xuân Canh,Mầm non
Thành phố Hà Nội,Xã Đông Anh,Trường Mầm non Xuân Canh (khu Vạn Lộc),Mầm non
Thành phố Hà Nội,Xã Đông Anh,Trường Mầm non Đông Hội (điểm Hội Phụ),Mầm non
Thành phố Hà Nội,Xã Đông Anh,Trường Mầm non Đông Hội (điểm Đông Trù),Mầm non
Thành phố Hà Nội,Xã Đông Anh,Trường Tiểu học An Dương Vương,Tiểu học
Thành phố Hà Nội,Xã Đông Anh,Trường Tiểu học Dục Tú,Tiểu học
Thành phố Hà Nội,Xã Đông Anh,Trường Tiểu học Ngô Tất Tố,Tiểu học
Thành phố Hà Nội,Xã Đông Anh,Trường Tiểu học Uy Nỗ,Tiểu học
Thành phố Hà Nội,Xã Đông Anh,Trường Tiểu học Việt Hùng,Tiểu học
Thành phố Hà Nội,Xã Đông Anh,Trường Tiểu học Xuân Canh,Tiểu học
Thành phố Hà Nội,Xã Đông Anh,Trường Tiểu học và Trung học cơ sở Kinh Đô,Liên cấp
Thành phố Hà Nội,Xã Đông Anh,Trường Tiểu học Đào Duy Tùng,Tiểu học
Thành phố Hà Nội,Xã Đông Anh,Trường Tiểu học Đông Hội,Tiểu học
Thành phố Hà Nội,Xã Đông Anh,Trường Trung học cơ sở An Dương Vương,THCS
Thành phố Hà Nội,Xã Đông Anh,Trường Trung học cơ sở Cổ Loa,THCS
Thành phố Hà Nội,Xã Đông Anh,Trường Trung học cơ sở Dục Tú,THCS
Thành phố Hà Nội,Xã Đông Anh,Trường Trung học cơ sở Mai Lâm,THCS
Thành phố Hà Nội,Xã Đông Anh,Trường Trung học cơ sở Nguyễn Huy Tưởng,THCS
Thành phố Hà Nội,Xã Đông Anh,Trường Trung học cơ sở Ngô Quyền,THCS
Thành phố Hà Nội,Xã Đông Anh,Trường Trung học cơ sở Uy Nỗ,THCS
Thành phố Hà Nội,Xã Đông Anh,Trường Trung học cơ sở Việt Hùng,THCS
Thành phố Hà Nội,Xã Đông Anh,Trường Trung học cơ sở Xuân Canh,THCS
Thành phố Hà Nội,Xã Đông Anh,Trường Trung học cơ sở Đào Duy Tùng,THCS
Thành phố Hà Nội,Xã Đông Anh,Trường Trung học cơ sở Đông Hội,THCS
Thành phố Hà Nội,Xã Đông Anh,Trường Trung học phổ thông Cổ Loa,THPT
Thành phố Hà Nội,Xã Đông Anh,Vinschool Global Gate,
Thành phố Hà Nội,Xã Đại Thanh,Trường Mầm non Cúc Chi,Mầm non
Thành phố Hà Nội,Xã Đại Thanh,Trường Mầm non Ngô Thì Nhậm,Mầm non
Thành phố Hà Nội,Xã Đại Thanh,Trường Mầm non Quỳnh Đô,Mầm non
Thành phố Hà Nội,Xã Đại Thanh,Trường Mầm non Tả Thanh Oai A,Mầm non
Thành phố Hà Nội,Xã Đại Thanh,Trường Mầm non Tả Thanh Oai B,Mầm non
Thành phố Hà Nội,Xã Đại Thanh,Trường Mầm non Tả Thanh Oai B (cơ sở 2),Mầm non
Thành phố Hà Nội,Xã Đại Thanh,Trường Mầm non Tả Thanh Oai B (cơ sở 3),Mầm non
Thành phố Hà Nội,Xã Đại Thanh,Trường Mầm non xã Hữu Hoà,Mầm non
Thành phố Hà Nội,Xã Đại Thanh,Trường Mầm non xã Hữu Hoà (cơ sở thôn Phú Diễn),Mầm non
Thành phố Hà Nội,Xã Đại Thanh,Trường Mầm non xã Vĩnh Quỳnh,Mầm non
Thành phố Hà Nội,Xã Đại Thanh,Trường Mầm non xã Vĩnh Quỳnh (điểm 3),Mầm non
Thành phố Hà Nội,Xã Đại Thanh,Trường Mầm non Đại Thanh,Mầm non
Thành phố Hà Nội,Xã Đại Thanh,Trường Tiểu học Chu Văn An,Tiểu học
Thành phố Hà Nội,Xã Đại Thanh,Trường Tiểu học Hữu Hoà,Tiểu học
Thành phố Hà Nội,Xã Đại Thanh,Trường Tiểu học Hữu Hoà (cơ sở 2),Tiểu học
Thành phố Hà Nội,Xã Đại Thanh,Trường Tiểu học Ngô Thì Nhậm,Tiểu học
Thành phố Hà Nội,Xã Đại Thanh,Trường Tiểu học Tam Hiệp,Tiểu học
Thành phố Hà Nội,Xã Đại Thanh,Trường Tiểu học Vĩnh Quỳnh,Tiểu học
Thành phố Hà Nội,Xã Đại Thanh,Trường Tiểu học Đỗ Ngọc Du,Tiểu học
Thành phố Hà Nội,Xã Đại Thanh,Trường Trung học cơ sở Hữu Hoà,THCS
Thành phố Hà Nội,Xã Đại Thanh,Trường Trung học cơ sở Tam Hiệp,THCS
Thành phố Hà Nội,Xã Đại Thanh,Trường Trung học cơ sở Vĩnh Quỳnh,THCS
Thành phố Hà Nội,Xã Đại Thanh,Trường Trung học cơ sở Đỗ Ngọc Du,THCS
Thành phố Hà Nội,Xã Đại Thanh,Trường Trung học phổ thông Ngô Thì Nhậm,THPT
Thành phố Hà Nội,Xã Đại Xuyên,Trường Mầm non Bạch Hạ,Mầm non
Thành phố Hà Nội,Xã Đại Xuyên,Trường Tiểu học Bạch Hạ,Tiểu học
Thành phố Hà Nội,Xã Đại Xuyên,Trường Tiểu học Phúc Tiến,Tiểu học
Thành phố Hà Nội,Xã Đại Xuyên,Trường Tiểu học Tri Thủy,Tiểu học
Thành phố Hà Nội,Xã Đại Xuyên,Trường Trung học cơ sở Bạch Hạ,THCS
Thành phố Hà Nội,Xã Đại Xuyên,Trường Trung học cơ sở Khai Thái,THCS
Thành phố Hà Nội,Xã Đại Xuyên,Trường Trung học cơ sở Phúc Tiến,THCS
Thành phố Hà Nội,Xã Đại Xuyên,Trường Trung học cơ sở Tri Thủy,THCS
Thành phố Hà Nội,Xã Đại Xuyên,Trường Trung học cơ sở Đại Xuyên,THCS
Thành phố Hà Nội,Xã Đại Xuyên,Trường Trung học phổ thông Phú Xuyên B,THPT
Thành phố Hà Nội,Xã Ứng Hòa,Trường Mầm non Đại Hùng,Mầm non
Thành phố Hà Nội,Xã Ứng Hòa,Trường Tiểu học Đại Cường,Tiểu học
Thành phố Hà Nội,Xã Ứng Hòa,Trường Tiểu học Đại Hùng,Tiểu học
Thành phố Hà Nội,Xã Ứng Hòa,Trường Trung học cơ sở Hoà Lâm,THCS
Thành phố Hà Nội,Xã Ứng Hòa,Trường Trung học cơ sở Kim Đường,THCS
Thành phố Hà Nội,Xã Ứng Hòa,Trường Trung học cơ sở Đông Lỗ,THCS
Thành phố Hà Nội,Xã Ứng Hòa,Trường Trung học cơ sở Đại Cường,THCS
Thành phố Hà Nội,Xã Ứng Hòa,Trường Trung học cơ sở Đại Hùng,THCS
Thành phố Hà Nội,Xã Ứng Hòa,Trường Trung học cơ sở Đồng Tân,THCS
Thành phố Hà Nội,Xã Ứng Hòa,Trường Trung học phổ thông Đại Cường,THPT
Thành phố Hà Nội,Xã Ứng Hòa,Trường Trung học phổ thông Ứng Hoà B,THPT
Thành phố Hà Nội,Xã Ứng Thiên,Trường Tiểu Học Viên Nội,Tiểu học
Thành phố Hà Nội,Xã Ứng Thiên,Trường Trung học cơ sở Liên Bạt,THCS
Thành phố Hà Nội,Xã Ứng Thiên,Trường Trung học cơ sở Quảng Phú Cầu,THCS
Thành phố Hà Nội,Xã Ứng Thiên,Trường Trung học cơ sở Trường Thịnh,THCS
Thành phố Hà Nội,Xã Ứng Thiên,Trường Trung học cơ sở Viên Nội,THCS
Thành phố Hà Nội,Xã Ứng Thiên,Trường Trung học phổ thông Trần Đăng Ninh,THPT
Thành phố Hải Phòng,Phường An Biên,Mẫu giáo Kim Đồng 2,Mầm non
Thành phố Hải Phòng,Phường An Biên,Tiểu Học Vĩnh Niệm,Tiểu học
Thành phố Hải Phòng,Phường An Biên,Trường Mầm Non Hoa cúc,Mầm non
Thành phố Hải Phòng,Phường An Biên,Trường Mầm Non Minh Phương,Mầm non
Thành phố Hải Phòng,Phường An Biên,Trường Mầm non Xi Măng,Mầm non
Thành phố Hải Phòng,Phường An Biên,Trường Mầm non thân thiện 2,Mầm non
Thành phố Hải Phòng,Phường An Biên,Trường Quốc tế Singapore (SIS Haiphong),
Thành phố Hải Phòng,Phường An Biên,Trường Tiểu học Nguyễn Đức Cảnh,Tiểu học
Thành phố Hải Phòng,Phường An Biên,Trường Tiểu học Trưng Vương,Tiểu học
Thành phố Hải Phòng,Phường An Biên,Trường Trung học cơ sở Lê Chân,THCS
Thành phố Hải Phòng,Phường An Biên,Trường Trung học cơ sở Nguyễn Bá Ngọc,THCS
Thành phố Hải Phòng,Phường An Biên,Trường Trung học cơ sở Võ Thị Sáu,THCS
Thành phố Hải Phòng,Phường An Biên,Trường Trung học cơ sở Vĩnh Niệm,THCS
Thành phố Hải Phòng,Phường An Biên,Trường Trung học phổ thông Lê Chân,THPT
Thành phố Hải Phòng,Phường An Biên,Trường Trung học phổ thông dân lập Nguyễn Bỉnh Khiêm,THPT
Thành phố Hải Phòng,Phường An Biên,Trường mầm non 1-6,Mầm non
Thành phố Hải Phòng,Phường An Biên,Trường thpt Trần Nguyên Hãn,THPT
Thành phố Hải Phòng,Phường An Biên,Trường tiểu học Võ Thị Sáu,Tiểu học
Thành phố Hải Phòng,Phường An Dương,Trường Tiểu học An Dương,Tiểu học
Thành phố Hải Phòng,Phường An Dương,Trường Tiểu học Nam Sơn,Tiểu học
Thành phố Hải Phòng,Phường An Dương,Trường Trung học cơ sở An Dương,THCS
Thành phố Hải Phòng,Phường An Dương,Trường Trung học cơ sở Nam Sơn,THCS
Thành phố Hải Phòng,Phường An Dương,Trường Trung học phổ thông An Dương,THPT
Thành phố Hải Phòng,Phường An Hải,Trường Tiểu học An Đồng,Tiểu học
Thành phố Hải Phòng,Phường An Hải,Trường Trung học cơ sở An Đồng,THCS
Thành phố Hải Phòng,Phường An Hải,Trường mầm non An Đồng,Mầm non
Thành phố Hải Phòng,Phường Chu Văn An,Trường Mầm non Sao Mai,Mầm non
Thành phố Hải Phòng,Phường Chu Văn An,Trường Mầm non Thảo Nguyên,Mầm non
Thành phố Hải Phòng,Phường Chu Văn An,Trường Tiểu học Chu Văn An,Tiểu học
Thành phố Hải Phòng,Phường Chu Văn An,Trường Tiểu học Sao Đỏ,Tiểu học
Thành phố Hải Phòng,Phường Chu Văn An,Trường Tiểu học Văn An,Tiểu học
Thành phố Hải Phòng,Phường Chu Văn An,Trường Trung học cơ sở Sao Đỏ,THCS
Thành phố Hải Phòng,Phường Chu Văn An,Trường Trung học cơ sở Thái Học,THCS
Thành phố Hải Phòng,Phường Chu Văn An,Trường Trung học cơ sở Văn An,THCS
Thành phố Hải Phòng,Phường Chu Văn An,Trường Trung học phổ thông Chí Linh,THPT
Thành phố Hải Phòng,Phường Chu Văn An,Trường Trung học phổ thông Trần Phú,THPT
Thành phố Hải Phòng,Phường Chí Linh,Trường Tiểu học Phả Lại 1,Tiểu học
Thành phố Hải Phòng,Phường Chí Linh,Trường Tiểu học Phả Lại 2,Tiểu học
Thành phố Hải Phòng,Phường Chí Linh,Trường Trung học cơ sở Phả Lại,THCS
Thành phố Hải Phòng,Phường Chí Linh,Trường Trung học phổ thông Phả Lại,THPT
Thành phố Hải Phòng,Phường Dương Kinh,Trường Trung học cơ sở xã Yên Phong,THCS
Thành phố Hải Phòng,Phường Gia Viên,Mầm non Họa Mi,Mầm non
Thành phố Hải Phòng,Phường Gia Viên,Mẫu Giáo Sao Sáng 4,Mầm non
Thành phố Hải Phòng,Phường Gia Viên,Nhà VHTN,Mầm non
Thành phố Hải Phòng,Phường Gia Viên,Trường Tiểu học Chu Văn An,Tiểu học
Thành phố Hải Phòng,Phường Gia Viên,Trường Tiểu học Lê Hồng Phong,Tiểu học
Thành phố Hải Phòng,Phường Gia Viên,Trường Tiểu học Nguyễn Trãi,Tiểu học
Thành phố Hải Phòng,Phường Gia Viên,Trường Trung Học Cơ Sở Nguyễn Hữu Tuệ,THCS
Thành phố Hải Phòng,Phường Gia Viên,Trường Trung học cơ sở An Đà,THCS
Thành phố Hải Phòng,Phường Gia Viên,Trường Trung học cơ sở Chu Văn An,THCS
Thành phố Hải Phòng,Phường Gia Viên,Trường Trung học cơ sở Lê Hồng Phong,THCS
Thành phố Hải Phòng,Phường Gia Viên,Trường Trung học phổ thông DL thăng Long,THPT
Thành phố Hải Phòng,Phường Gia Viên,Trường Trung học phổ thông marie Curie,THPT
Thành phố Hải Phòng,Phường Gia Viên,Trường Trung học phổ thông năng khiếu Trần Phú,THPT
Thành phố Hải Phòng,Phường Gia Viên,Trường mầm non Đằng giang,Mầm non
Thành phố Hải Phòng,Phường Gia Viên,Trường tiểu học Lý Tự Trọng,Tiểu học
Thành phố Hải Phòng,Phường Gia Viên,Trường tiểu học đằng Giang,Tiểu học
Thành phố Hải Phòng,Phường Hưng Đạo,Trường Mầm non Sakura,Mầm non
Thành phố Hải Phòng,Phường Hưng Đạo,Trường Quốc tế QSI Hải Phòng,
Thành phố Hải Phòng,Phường Hưng Đạo,Trường Tiểu học Anh Dũng,Tiểu học
Thành phố Hải Phòng,Phường Hưng Đạo,Trường liên cấp The Dewey Schools Hải Phòng,Liên cấp
Thành phố Hải Phòng,Phường Hưng Đạo,Trường quốc tế Shattuck St. Mary's School,
Thành phố Hải Phòng,Phường Hải An,Mầm non Hải Âu,Mầm non
Thành phố Hải Phòng,Phường Hải An,TRƯỜNG Trung học phổ thông HẢI AN,THPT
Thành phố Hải Phòng,Phường Hải An,Tiểu học Đằng Hải Khu B,Tiểu học
Thành phố Hải Phòng,Phường Hải An,Trung Học Cơ Sở Đằng Lâm,THCS
Thành phố Hải Phòng,Phường Hải An,Trường Khiếm Thính,
Thành phố Hải Phòng,Phường Hải An,Trường Mầm non Ánh Dương,Mầm non
Thành phố Hải Phòng,Phường Hải An,Trường Tiểu Học Đằng Hài,Tiểu học
Thành phố Hải Phòng,Phường Hải An,Trường Tiểu Học Đằng Lâm,Tiểu học
Thành phố Hải Phòng,Phường Hải An,Trường Tiểu học Cát Bi,Tiểu học
Thành phố Hải Phòng,Phường Hải An,Trường Trung học cơ sở Lê Lợi,THCS
Thành phố Hải Phòng,Phường Hải An,Trường Trung học cơ sở Đằng Hải,THCS
Thành phố Hải Phòng,Phường Hải An,Trường Trung học cơ sở-Trung học phổ thông FPT Hải Phòng,THCS
Thành phố Hải Phòng,Phường Hải An,Trường Trung học phổ thông Lê Quý Đôn,THPT
Thành phố Hải Phòng,Phường Hải An,Trường Trung học phổ thông chuyên Trần Phú,THPT
Thành phố Hải Phòng,Phường Hải An,Trường mân non Bình Minh cơ sở 2,
Thành phố Hải Phòng,Phường Hải An,Trường mầm non,Mầm non
Thành phố Hải Phòng,Phường Hải An,Trường mầm non Baby,Mầm non
Thành phố Hải Phòng,Phường Hải An,Trường mầm non Bambi,Mầm non
Thành phố Hải Phòng,Phường Hải An,Trường mầm non Bình Minh,Mầm non
Thành phố Hải Phòng,Phường Hải An,Trường mầm non Cát Bi,Mầm non
Thành phố Hải Phòng,Phường Hải An,Trường mầm non Hoa Phượng,Mầm non
Thành phố Hải Phòng,Phường Hải An,Trường mầm non PMC,Mầm non
Thành phố Hải Phòng,Phường Hải An,Trường mầm non Sao Việt,Mầm non
Thành phố Hải Phòng,Phường Hải An,Trường mầm non Smart kids,Mầm non
Thành phố Hải Phòng,Phường Hải An,Trường mầm non Đằng Hải,Mầm non
Thành phố Hải Phòng,Phường Hải An,Trường mầm non Đằng Lâm,Mầm non
Thành phố Hải Phòng,Phường Hải Dương,Trường Tiểu học Tô Hiệu,Tiểu học
Thành phố Hải Phòng,Phường Hải Dương,Trường Trung học cơ sở Ngô Gia Tự,THCS
Thành phố Hải Phòng,Phường Hải Dương,Trường Trung học phổ thông Hoàng Văn Thụ,THPT
Thành phố Hải Phòng,Phường Hồng An,Trường Mầm non An Hồng,Mầm non
Thành phố Hải Phòng,Phường Hồng An,Trường Tiểu học An Hồng,Tiểu học
Thành phố Hải Phòng,Phường Hồng An,Trường Trung học cơ sở An Hồng,THCS
Thành phố Hải Phòng,Phường Hồng Bàng,Mâm non full house,Mầm non
Thành phố Hải Phòng,Phường Hồng Bàng,Trường MN,
Thành phố Hải Phòng,Phường Hồng Bàng,Trường Mầm non Trại Chuối,Mầm non
Thành phố Hải Phòng,Phường Hồng Bàng,Trường Tiểu Học Nguyễn Du,Tiểu học
Thành phố Hải Phòng,Phường Hồng Bàng,Trường Tiểu học Nguyễn Tri Phương,Tiểu học
Thành phố Hải Phòng,Phường Hồng Bàng,Trường Tiểu học Ngô Gia Tự,Tiểu học
Thành phố Hải Phòng,Phường Hồng Bàng,Trường Tiểu học Trần Văn Ơn,Tiểu học
Thành phố Hải Phòng,Phường Hồng Bàng,Trường Tiểu học VinSchool,Tiểu học
Thành phố Hải Phòng,Phường Hồng Bàng,Trường Tiểu học Đinh Tiên Hoàng,Tiểu học
Thành phố Hải Phòng,Phường Hồng Bàng,Trường Trung học cơ sở Hồng Bàng,THCS
Thành phố Hải Phòng,Phường Hồng Bàng,Trường Trung học cơ sở Ngô Gia Tự,THCS
Thành phố Hải Phòng,Phường Hồng Bàng,Trường Trung học cơ sở Phan Bội Châu,THCS
Thành phố Hải Phòng,Phường Hồng Bàng,Trường Trung học cơ sở Trần Văn Ơn,THCS
Thành phố Hải Phòng,Phường Hồng Bàng,Trường Trung học cơ sở VinSchool,THCS
Thành phố Hải Phòng,Phường Hồng Bàng,Trường Trung học phổ thông Hồng Bàng,THPT
Thành phố Hải Phòng,Phường Hồng Bàng,Trường Trung học phổ thông Lê Hồng Phong,THPT
Thành phố Hải Phòng,Phường Hồng Bàng,Trường Trung học phổ thông Lương Thế Vinh,THPT
Thành phố Hải Phòng,Phường Hồng Bàng,Trường mầm non Gấu Bông,Mầm non
Thành phố Hải Phòng,Phường Hồng Bàng,Trường mẫu giáo Thượng Lý,Mầm non
Thành phố Hải Phòng,Phường Hồng Bàng,Trường tiểu học Bạch Đằng,Tiểu học
Thành phố Hải Phòng,Phường Hồng Bàng,Trường tiểu học Nguyễn Trãi,Tiểu học
Thành phố Hải Phòng,Phường Kiến An,Trường Tiểu Học Thực Hành,Tiểu học
Thành phố Hải Phòng,Phường Kiến An,Trường Tiểu học Nguyễn Du,Tiểu học
Thành phố Hải Phòng,Phường Kiến An,Trường Trung học cơ sở Bắc Sơn,THCS
Thành phố Hải Phòng,Phường Kiến An,Trường Trung học cơ sở Trần Hưng Đạo,THCS
Thành phố Hải Phòng,Phường Lê Chân,HAPPY School - Nhi ICC,Mầm non
Thành phố Hải Phòng,Phường Lê Chân,Mâm non tư thục Thanh Xuân,Mầm non
Thành phố Hải Phòng,Phường Lê Chân,Mầm Non Phương Linh,Mầm non
Thành phố Hải Phòng,Phường Lê Chân,Nhà trẻ hoa lan,Mầm non
Thành phố Hải Phòng,Phường Lê Chân,Tho Ngoc,Mầm non
Thành phố Hải Phòng,Phường Lê Chân,Trường MN Kim Đồng,Mầm non
Thành phố Hải Phòng,Phường Lê Chân,Trường Mầm Non Hữu Nghị,Mầm non
Thành phố Hải Phòng,Phường Lê Chân,Trường Mầm Non Hữu Nghị;Nhà Văn Hóa Trại Lẻ,Mầm non
Thành phố Hải Phòng,Phường Lê Chân,Trường Mầm Non Kênh Dương-Khu 2,Mầm non
Thành phố Hải Phòng,Phường Lê Chân,Trường Phổ thông Nhiều cấp học Nguyễn Tất Thành,Liên cấp
Thành phố Hải Phòng,Phường Lê Chân,Trường Tiểu Học Dư Hàng Kênh,Tiểu học
Thành phố Hải Phòng,Phường Lê Chân,Trường Tiểu Học Minh Khai,Tiểu học
Thành phố Hải Phòng,Phường Lê Chân,Trường Tiểu Học Nguyễn Công Trứ,Tiểu học
Thành phố Hải Phòng,Phường Lê Chân,Trường Tiểu Học Tân Trào,Tiểu học
Thành phố Hải Phòng,Phường Lê Chân,Trường Tiểu học Nguyễn Văn Tố,Tiểu học
Thành phố Hải Phòng,Phường Lê Chân,Trường Trung học cơ sở Dư Hàng Kênh,THCS
Thành phố Hải Phòng,Phường Lê Chân,Trường Trung học cơ sở Hoàng Diệu,THCS
Thành phố Hải Phòng,Phường Lê Chân,Trường Trung học cơ sở Nguyễn Đình Chiểu,THCS
Thành phố Hải Phòng,Phường Lê Chân,Trường Trung học cơ sở Ngô Quyền,THCS
Thành phố Hải Phòng,Phường Lê Chân,Trường Trung học cơ sở Trương Công Định,THCS
Thành phố Hải Phòng,Phường Lê Chân,Trường Trung học cơ sở Trần Phú,THCS
Thành phố Hải Phòng,Phường Lê Chân,Trường Trung học cơ sở Tô Hiệu,THCS
Thành phố Hải Phòng,Phường Lê Chân,Trường Trung học phổ thông Ngô Quyền,THPT
Thành phố Hải Phòng,Phường Lê Chân,Trường mầm non Đồng Tâm,Mầm non
Thành phố Hải Phòng,Phường Lê Thanh Nghị,Trường Tiểu học Tân Bình,Tiểu học
Thành phố Hải Phòng,Phường Lê Thanh Nghị,Trường Tiểu học Võ Thị Sáu,Tiểu học
Thành phố Hải Phòng,Phường Lê Thanh Nghị,Trường Trung học cơ sở Võ Thị Sáu,THCS
Thành phố Hải Phòng,Phường Lê Thanh Nghị,Trường Trung học phổ thông Chu Văn An,THPT
Thành phố Hải Phòng,Phường Lê Thanh Nghị,Trường Trung học phổ thông Hồng Quang,THPT
Thành phố Hải Phòng,Phường Lê Thanh Nghị,Trường Trung học phổ thông Thành Đông,THPT
Thành phố Hải Phòng,Phường Lê Thanh Nghị,Trường Trung học phổ thông chuyên Nguyễn Trãi,THPT
Thành phố Hải Phòng,Phường Nam Đồng,Trường Mầm non xã Nam Đông,Mầm non
Thành phố Hải Phòng,Phường Nam Đồng,Trường Tiểu học Tiền Tiến,Tiểu học
Thành phố Hải Phòng,Phường Nam Đồng,Trường Tiểu học xã Nam Đông,Tiểu học
Thành phố Hải Phòng,Phường Nam Đồng,Trường Trung học cơ sở Tiền Tiến,THCS
Thành phố Hải Phòng,Phường Nam Đồng,Trường Trung học cơ sở xã Nam Đồng,THCS
Thành phố Hải Phòng,Phường Nguyễn Trãi,Trường Tiểu học Bến Tắ,Tiểu học
Thành phố Hải Phòng,Phường Nguyễn Trãi,Trường Trung học cơ sở Nguyễn Trãi,THCS
Thành phố Hải Phòng,Phường Nguyễn Trãi,Trường Trung học phổ thông Bến Tắm,THPT
Thành phố Hải Phòng,Phường Ngô Quyền,Mầm non 8-3,Mầm non
Thành phố Hải Phòng,Phường Ngô Quyền,Mầm non Bầu Trời Xanh,Mầm non
Thành phố Hải Phòng,Phường Ngô Quyền,Mẫu giáo Sao Sáng 3,Mầm non
Thành phố Hải Phòng,Phường Ngô Quyền,Nhà trẻ Bình Hải,Mầm non
Thành phố Hải Phòng,Phường Ngô Quyền,Nhà trẻ Hạ Long,Mầm non
Thành phố Hải Phòng,Phường Ngô Quyền,Truường tiểu học Trần Quốc Toản,Tiểu học
Thành phố Hải Phòng,Phường Ngô Quyền,Trường Tiểu học Nguyễn Thượng Hiền,Tiểu học
Thành phố Hải Phòng,Phường Ngô Quyền,Trường Tiểu học Thái Phiên,Tiểu học
Thành phố Hải Phòng,Phường Ngô Quyền,Trường Trung học cơ sở Lạc Viên,THCS
Thành phố Hải Phòng,Phường Ngô Quyền,Trường Trung học cơ sở Quang Trung,THCS
Thành phố Hải Phòng,Phường Ngô Quyền,Trường Trung học cơ sở Đà Nẵng,THCS
Thành phố Hải Phòng,Phường Ngô Quyền,Trường Trung học phổ thông Anhxtanh,THPT
Thành phố Hải Phòng,Phường Ngô Quyền,Trường Trung học phổ thông Thái Phiên,THPT
Thành phố Hải Phòng,Phường Ngô Quyền,Trường tiểu học Nguyễn Du,Tiểu học
Thành phố Hải Phòng,Phường Ngô Quyền,Trường tiểu học Trần Quốc Toản,Tiểu học
Thành phố Hải Phòng,Phường Phù Liễn,Trường Tiểu Học Ngọc Sơn,Tiểu học
Thành phố Hải Phòng,Phường Phù Liễn,Trường Trung học cơ sở Lương Khánh Thiện,THCS
Thành phố Hải Phòng,Phường Phù Liễn,Trường Trung học phổ thông Kiến An,THPT
Thành phố Hải Phòng,Phường Phù Liễn,Trường Trung học phổ thông Phan Đăng Lưu,THPT
Thành phố Hải Phòng,Phường Thành Đông,Trường Tiểu học Nguyễn Trãi,Tiểu học
Thành phố Hải Phòng,Phường Thành Đông,Trường Tiểu học Đinh Văn Tả,Tiểu học
Thành phố Hải Phòng,Phường Thành Đông,Trường Trung học cơ sở Trần Phú,THCS
Thành phố Hải Phòng,Phường Thạch Khôi,Trường Trung học phổ thông Lương Thế Vinh,THPT
Thành phố Hải Phòng,Phường Thạch Khôi,Trường Trung học phổ thông Sao Đỏ,THPT
Thành phố Hải Phòng,Phường Thủy Nguyên,Trung học cơ sở Tân Dương,THCS
Thành phố Hải Phòng,Phường Thủy Nguyên,Trường Mầm non Sao Mai,Mầm non
Thành phố Hải Phòng,Phường Thủy Nguyên,Trường Tiểu Học Dương Quan,Tiểu học
Thành phố Hải Phòng,Phường Thủy Nguyên,Trường Tiểu học Núi Đèo,Tiểu học
Thành phố Hải Phòng,Phường Thủy Nguyên,Trường Trung học cơ sở Dương Quan,THCS
Thành phố Hải Phòng,Phường Thủy Nguyên,Trường Trung học phổ thông Hoa Động,THPT
Thành phố Hải Phòng,Phường Thủy Nguyên,Trường mầm non Baby House,Mầm non
Thành phố Hải Phòng,Phường Thủy Nguyên,Trường mẫu giáo,Mầm non
Thành phố Hải Phòng,Phường Thủy Nguyên,Trường tiểu học Tân Dương,Tiểu học
Thành phố Hải Phòng,Phường Trần Hưng Đạo,Trường Tiểu học Cộng Hòa,Tiểu học
Thành phố Hải Phòng,Phường Trần Hưng Đạo,Trường Trung học cơ sở Chu Văn An,THCS
Thành phố Hải Phòng,Phường Trần Hưng Đạo,Trường Trung học cơ sở Cộng Hòa,THCS
Thành phố Hải Phòng,Phường Trần Nhân Tông,Trường Tiểu học Văn Đức,Tiểu học
Thành phố Hải Phòng,Phường Trần Nhân Tông,Trường Trung học cơ sở Văn Đức,THCS
Thành phố Hải Phòng,Phường Tân Hưng,Trường Mầm non & Tiểu học Sao Mai,Mầm non
Thành phố Hải Phòng,Phường Tân Hưng,Trường Trung học cơ sở & Trung học phổ thông Marie Curie,THCS
Thành phố Hải Phòng,Phường Việt Hòa,Trường Mầm non Cao An,Mầm non
Thành phố Hải Phòng,Phường Việt Hòa,Trường Tiểu học Cao An,Tiểu học
Thành phố Hải Phòng,Phường Việt Hòa,Trường Trung học cơ sở Cao An,THCS
Thành phố Hải Phòng,Phường Ái Quốc,Chợ Vàng,Mầm non
Thành phố Hải Phòng,Phường Ái Quốc,Trường Mầm non xã Quyết Thắng,Mầm non
Thành phố Hải Phòng,Phường Ái Quốc,Trường Tiểu học Quyết Thắng,Tiểu học
Thành phố Hải Phòng,Phường Ái Quốc,Trường Tiểu học Ái Quốc,Tiểu học
Thành phố Hải Phòng,Phường Ái Quốc,Trường Trung học cơ sở Quyết Thắng,THCS
Thành phố Hải Phòng,Phường Ái Quốc,Trường Trung học cơ sở Ái Quốc,THCS
Thành phố Hải Phòng,Phường Ái Quốc,Trường Trung học phổ thông Ái Quốc,THPT
Thành phố Hải Phòng,Phường Đông Hải,Mầm non Đông Hải,Mầm non
Thành phố Hải Phòng,Phường Đông Hải,Trường Phổ thông Hermann Gmeiner Hải Phòng,THPT
Thành phố Hải Phòng,Phường Đông Hải,Trường Tiểu học Nam Hải,Tiểu học
Thành phố Hải Phòng,Phường Đông Hải,Trường Tiểu học Đông Hải 2,Tiểu học
Thành phố Hải Phòng,Phường Đông Hải,Trường Trung học cơ sở Nam Hải,THCS
Thành phố Hải Phòng,Phường Đông Hải,Trường Trung học cơ sở Đông Hải,THCS
Thành phố Hải Phòng,Phường Đông Hải,Trường mầm non Nam Hải,Mầm non
Thành phố Hải Phòng,Phường Đông Hải,Trường tiểu học Đông Hải,Tiểu học
Thành phố Hải Phòng,Xã An Lão,Trường Tiểu Học Thị Trấn An Lão,Tiểu học
Thành phố Hải Phòng,Xã Gia Lộc,Trường Tiểu học Thị trấn Gia Lộc,Tiểu học
Thành phố Hải Phòng,Xã Gia Lộc,Trường Trung học cơ sở Thị trấn Gia Lộc,THCS
Thành phố Hải Phòng,Xã Gia Lộc,Trường Trung học phổ thông Gia Lộc,THPT
Thành phố Hải Phòng,Xã Gia Lộc,Trường Trung học phổ thông Gia Lộc II,THPT
Thành phố Hải Phòng,Xã Hà Tây,Trường Tiểu học Thanh Hải,Tiểu học
Thành phố Hải Phòng,Xã Hà Tây,Trường Tiểu học Tân An,Tiểu học
Thành phố Hải Phòng,Xã Hà Tây,Trường Trung học cơ sở Thanh Hải,THCS
Thành phố Hải Phòng,Xã Hà Tây,Trường Trung học cơ sở Tân An,THCS
Thành phố Hải Phòng,Xã Hà Đông,Trường Trung học cơ sở Hợp Đức,THCS
Thành phố Hải Phòng,Xã Hà Đông,Trường Trung học cơ sở Thanh Bính,THCS
Thành phố Hải Phòng,Xã Hà Đông,Trường Trung học phổ thông Hà Đông,THPT
Thành phố Hải Phòng,Xã Kẻ Sặt,Trường Trung học phổ thông Kẻ Sặt,THPT
Thành phố Hải Phòng,Xã Kẻ Sặt,Trường Trung học phổ thông Vũ Ngọc Phan,THPT
Thành phố Hải Phòng,Xã Nam Sách,Trường Trung học cơ sở Nguyễn Trãi,THCS
Thành phố Hải Phòng,Xã Nam Sách,Trường Trung học phổ thông Phan Bội Châu,THPT
Thành phố Hải Phòng,Xã Nguyễn Bỉnh Khiêm,Trường Trung học phổ thông Nguyễn Bỉnh Khiêm,THPT
Thành phố Hải Phòng,Xã Nguyễn Lương Bằng,Trường Trung học phổ thông Lê Quý Đôn,THPT
Thành phố Hải Phòng,Xã Thanh Hà,Trường Tiểu học Thị trấn Thanh Hà,Tiểu học
Thành phố Hải Phòng,Xã Thanh Hà,Trường Trung học cơ sở Chu Văn An,THCS
Thành phố Hải Phòng,Xã Thanh Hà,Trường Trung học cơ sở Thanh Thủy,THCS
Thành phố Hải Phòng,Xã Thanh Hà,Trường Trung học cơ sở Thanh Xá,THCS
Thành phố Hải Phòng,Xã Thanh Hà,Trường Trung học cơ sở Thị trấn Thanh Hà,THCS
Thành phố Hải Phòng,Xã Thanh Hà,Trường Trung học phổ thông Thanh Bình,THPT
Thành phố Hải Phòng,Xã Thanh Hà,Trường Trung học phổ thông Thanh Hà,THPT
Thành phố Hải Phòng,Xã Thanh Miện,Trường Tiểu học Thị trấn Thanh Miện,Tiểu học
Thành phố Hải Phòng,Xã Thanh Miện,Trường Trung học cơ sở Nguyễn Lương Bằng,THCS
Thành phố Hải Phòng,Xã Thanh Miện,Trường Trung học cơ sở Thị trấn Thanh Miện,THCS
Thành phố Hải Phòng,Xã Tuệ Tĩnh,Trường Mầm non Cẩm Vũ,Mầm non
Thành phố Hải Phòng,Xã Tuệ Tĩnh,Trường Mẫu giáo Hoàng Gia,Mầm non
Thành phố Hải Phòng,Xã Tuệ Tĩnh,Trường Tiểu học Cẩm Vũ,Tiểu học
Thành phố Hải Phòng,Xã Tuệ Tĩnh,Trường Tiểu học Đức Chính,Tiểu học
Thành phố Hải Phòng,Xã Tuệ Tĩnh,Trường Trung học cơ sở Cẩm Vũ,THCS
Thành phố Hải Phòng,Xã Tuệ Tĩnh,Trường Trung học phổ thông Tuệ Tĩnh,THPT
Thành phố Hải Phòng,Xã Tứ Kỳ,Trường Trung học phổ thông Tứ Kỳ,THPT
Thành phố Hải Phòng,Xã Tứ Kỳ,Trường Trung học phổ thông Tứ Kỳ II,THPT
Thành phố Hải Phòng,Xã Vĩnh Am,Trường Tiểu Học xã Cổ Am,Tiểu học
Thành phố Hải Phòng,Xã Vĩnh Am,Trường Trung Học Cơ Sở xã Cổ Am,THCS
Thành phố Hải Phòng,Xã Vĩnh Am,Trường mẫu giáo xã Cổ Am,Mầm non
Thành phố Hải Phòng,Xã Đường An,Trường Trung học phổ thông Đường An,THPT
Thành phố Hải Phòng,Đặc khu Cát Hải,Trường MN Phù Long,Mầm non
Thành phố Hải Phòng,Đặc khu Cát Hải,Trường Mầm non Thị trấn Cát Hải,Mầm non
Thành phố Hải Phòng,Đặc khu Cát Hải,Trường Tiểu học Đoàn Đức Thái,Tiểu học
Thành phố Hải Phòng,Đặc khu Cát Hải,Trường Tiểu học Đoàn Đức Thái (cơ sở 2),Tiểu học
Thành phố Hải Phòng,Đặc khu Cát Hải,Trường Tiểu học&Trung học cơ sở Hiền Hào,Liên cấp
Thành phố Hải Phòng,Đặc khu Cát Hải,Trường Trung học cơ sở Phù Long,THCS
Thành phố Hải Phòng,Đặc khu Cát Hải,Trường Trung học cơ sở Thị trấn Cát Hải,THCS
Thành phố Hải Phòng,Đặc khu Cát Hải,Trường Trung học phổ thông Cát Hải,THPT
Thành phố Hồ Chí Minh,Phường  An Nhơn,Trường Quốc tế Việt Úc - Cơ sở Garden Hills,
Thành phố Hồ Chí Minh,Phường  An Nhơn,Trường Tiểu học Nguyễn Viết Xuân,Tiểu học
Thành phố Hồ Chí Minh,Phường  An Nhơn,Trường Trung học cơ sở Nguyễn Văn Nghi,THCS
Thành phố Hồ Chí Minh,Phường  An Nhơn,Trường Trung học phổ thông TRẦN CAO VÂN,THPT
Thành phố Hồ Chí Minh,Phường  An Nhơn,Trường Trung học phổ thông Trần Hưng Đạo,THPT
Thành phố Hồ Chí Minh,Phường  An Nhơn,Trường mầm non Họa Mi cơ sở 2,Mầm non
Thành phố Hồ Chí Minh,Phường  Rạch Dừa,Hoa Mai,Mầm non
Thành phố Hồ Chí Minh,Phường  Rạch Dừa,Trường Mầm non Hoa Hướng Dương,Mầm non
Thành phố Hồ Chí Minh,Phường  Rạch Dừa,Trường Mầm non Hoa Sen,Mầm non
Thành phố Hồ Chí Minh,Phường  Rạch Dừa,Trường Mầm non Phường 10,Mầm non
Thành phố Hồ Chí Minh,Phường  Rạch Dừa,Trường Mầm non Trúc Xanh,Mầm non
Thành phố Hồ Chí Minh,Phường  Rạch Dừa,Trường Mầm non Đa Minh,Mầm non
Thành phố Hồ Chí Minh,Phường  Rạch Dừa,Trường Tiểu học - Trung học cơ sở - Trung học phổ thông Nguyễn Thị Minh Khai,Liên cấp
Thành phố Hồ Chí Minh,Phường  Rạch Dừa,Trường Tiểu học Bình Minh,Tiểu học
Thành phố Hồ Chí Minh,Phường  Rạch Dừa,Trường Tiểu học Chí Linh,Tiểu học
Thành phố Hồ Chí Minh,Phường  Rạch Dừa,Trường Tiểu học Kim Đồng,Tiểu học
Thành phố Hồ Chí Minh,Phường  Rạch Dừa,Trường Tiểu học Lưu Chí Hiếu,Tiểu học
Thành phố Hồ Chí Minh,Phường  Rạch Dừa,Trường Tiểu học Nguyễn Hữu Cảnh,Tiểu học
Thành phố Hồ Chí Minh,Phường  Rạch Dừa,Trường Tiểu học Thắng Nhất,Tiểu học
Thành phố Hồ Chí Minh,Phường  Rạch Dừa,Trường Trung học cơ sở Nguyễn Thái Bình,THCS
Thành phố Hồ Chí Minh,Phường  Rạch Dừa,Trường Trung học cơ sở Nguyễn Trãi - Rạch Dừa,THCS
Thành phố Hồ Chí Minh,Phường  Rạch Dừa,Trường Trung học cơ sở Ngô Sĩ Liên,THCS
Thành phố Hồ Chí Minh,Phường  Rạch Dừa,Trường Trung học cơ sở Thắng Nhất,THCS
Thành phố Hồ Chí Minh,Phường  Rạch Dừa,Trường Trung học phổ thông Nguyễn Huệ,THPT
Thành phố Hồ Chí Minh,Phường An Hội Tây,Trường Tiểu Học Hướng Dương,Tiểu học
Thành phố Hồ Chí Minh,Phường An Hội Tây,"Trường Tiểu Học, Trung học cơ sở&Trung học phổ thông Hermann Gmeiner",Liên cấp
Thành phố Hồ Chí Minh,Phường An Hội Tây,Trường Tiểu học Lam Sơn,Tiểu học
Thành phố Hồ Chí Minh,Phường An Hội Tây,Trường Tiểu học Lê Quý Đôn,Tiểu học
Thành phố Hồ Chí Minh,Phường An Hội Tây,Trường Trung học cơ sở &Trung học phổ thông Bạch Đằng,THCS
Thành phố Hồ Chí Minh,Phường An Hội Tây,Trường Trung học cơ sở Huỳnh Văn Nghệ,THCS
Thành phố Hồ Chí Minh,Phường An Hội Tây,Trường Trung học phổ thông Lý Thái Tổ,THPT
Thành phố Hồ Chí Minh,Phường An Hội Tây,Trường Trung học phổ thông Thăng Long,THPT
Thành phố Hồ Chí Minh,Phường An Hội Tây,Trường cấp 1-2 Tân Sơn,
Thành phố Hồ Chí Minh,Phường An Hội Đông,Trường Giáo dục Chuyên biệt Hy Vọng,
Thành phố Hồ Chí Minh,Phường An Hội Đông,Trường Mầm non Mai Vàng,Mầm non
Thành phố Hồ Chí Minh,Phường An Hội Đông,"Trường Mầm non Pathway Tuệ Đức - Cơ sở Lê Đức Thọ, Quận Gò Vấp",Mầm non
Thành phố Hồ Chí Minh,Phường An Hội Đông,Trường Tiểu Học Lê Hoàn,Tiểu học
Thành phố Hồ Chí Minh,Phường An Hội Đông,Trường Tiểu Học Lê Hoàn - Cơ Sở 2,Tiểu học
Thành phố Hồ Chí Minh,Phường An Hội Đông,Trường Tiểu Học Lê Văn Thọ,Tiểu học
Thành phố Hồ Chí Minh,Phường An Hội Đông,Trường Tiểu Học Phan Chu Trinh- Cơ Sở 2,Tiểu học
Thành phố Hồ Chí Minh,Phường An Hội Đông,Trường Tiểu học Lê Đức Thọ,Tiểu học
Thành phố Hồ Chí Minh,Phường An Hội Đông,Trường Tiểu học Phan Chu Trinh - cơ sở 1,Tiểu học
Thành phố Hồ Chí Minh,Phường An Hội Đông,Trường Tiểu học Võ Thị Sáu,Tiểu học
Thành phố Hồ Chí Minh,Phường An Hội Đông,Trường Trung học cơ sở LÝ TỰ TRỌNG,THCS
Thành phố Hồ Chí Minh,Phường An Hội Đông,Trường Trung học cơ sở Nguyễn Trãi,THCS
Thành phố Hồ Chí Minh,Phường An Hội Đông,Trường Trung học cơ sở Phan Tây Hồ,THCS
Thành phố Hồ Chí Minh,Phường An Hội Đông,Trường Trung học phổ thông Nguyễn Trung Trực,THPT
Thành phố Hồ Chí Minh,Phường An Khánh,Australian International School,
Thành phố Hồ Chí Minh,Phường An Khánh,Australian International School Lotus Campus,
Thành phố Hồ Chí Minh,Phường An Khánh,Australian International School Sports Center,
Thành phố Hồ Chí Minh,Phường An Khánh,European International School HCMC,
Thành phố Hồ Chí Minh,Phường An Khánh,La Petite École Ho Chi Minh City - French International School,
Thành phố Hồ Chí Minh,Phường An Khánh,Montessori International School,
Thành phố Hồ Chí Minh,Phường An Khánh,STEAMe GARTEN - Thao Dien Campus,Mầm non
Thành phố Hồ Chí Minh,Phường An Khánh,"The British International School, AP1 Campus",
Thành phố Hồ Chí Minh,Phường An Khánh,"The British International School, AP2 Campus",
Thành phố Hồ Chí Minh,Phường An Khánh,Trường Mầm Non Yêu Con,Mầm non
Thành phố Hồ Chí Minh,Phường An Khánh,Trường Mầm non An Khánh,Mầm non
Thành phố Hồ Chí Minh,Phường An Khánh,"Trường Mầm non Pathway Tuệ Đức - Cơ sở Bình An, Thành phố Thủ Đức",Mầm non
Thành phố Hồ Chí Minh,Phường An Khánh,"Trường Mầm non Pathway Tuệ Đức - Cơ sở Phú Cường, Thành phố Thủ Đức",Mầm non
Thành phố Hồ Chí Minh,Phường An Khánh,Trường Quốc Tế Đức Tại Việt Nam,
Thành phố Hồ Chí Minh,Phường An Khánh,Trường Quốc tế Việt Úc - Cơ sở Sala,
Thành phố Hồ Chí Minh,Phường An Khánh,Trường Song Ngữ Horizon,
Thành phố Hồ Chí Minh,Phường An Khánh,Trường Tiểu Học Quốc Tế Hồ Chí Minh,Tiểu học
Thành phố Hồ Chí Minh,Phường An Khánh,"Trường Tiểu học - Trung học cơ sở Pathway Tuệ Đức - Cơ sở 111 Lương Định Của, Thành phố Thủ Đức",Liên cấp
Thành phố Hồ Chí Minh,Phường An Khánh,"Trường Tiểu học - Trung học cơ sở Pathway Tuệ Đức - Cơ sở Lương Định Của, Thành phố Thủ Đức",Liên cấp
Thành phố Hồ Chí Minh,Phường An Khánh,Trường Tiểu học An Bình,Tiểu học
Thành phố Hồ Chí Minh,Phường An Khánh,Trường Tiểu học An Khánh,Tiểu học
Thành phố Hồ Chí Minh,Phường An Khánh,Trường Trung học cơ sở An Phú,THCS
Thành phố Hồ Chí Minh,Phường An Khánh,Trường Trung học phổ thông chuyên Trần Đại Nghĩa,THPT
Thành phố Hồ Chí Minh,Phường An Khánh,Trường mầm non Hoạ Mi,Mầm non
Thành phố Hồ Chí Minh,Phường An Lạc,Trường Mầm non Bình Trị Đông B,Mầm non
Thành phố Hồ Chí Minh,Phường An Lạc,Trường Mầm non Hoa Đào,Mầm non
Thành phố Hồ Chí Minh,Phường An Lạc,Trường Mầm non Hoàng Anh,Mầm non
Thành phố Hồ Chí Minh,Phường An Lạc,Trường Mầm non Hương Sen,Mầm non
Thành phố Hồ Chí Minh,Phường An Lạc,Trường Tiểu Học Bình Trị 2,Tiểu học
Thành phố Hồ Chí Minh,Phường An Lạc,Trường Tiểu học An Lạc 1,Tiểu học
Thành phố Hồ Chí Minh,Phường An Lạc,Trường Tiểu học An Lạc 2,Tiểu học
Thành phố Hồ Chí Minh,Phường An Lạc,Trường Tiểu học An Lạc 3,Tiểu học
Thành phố Hồ Chí Minh,Phường An Lạc,Trường Tiểu học Bùi Hữu Nghĩa,Tiểu học
Thành phố Hồ Chí Minh,Phường An Lạc,Trường Tiểu học Lê Công Phép,Tiểu học
Thành phố Hồ Chí Minh,Phường An Lạc,Trường Tiểu học Lương Thế Vinh,Tiểu học
Thành phố Hồ Chí Minh,Phường An Lạc,Trường Tiểu học Đinh Công Tráng,Tiểu học
Thành phố Hồ Chí Minh,Phường An Lạc,Trường Trung học cơ sở & Trung học phổ thông Phan Châu Trinh,THCS
Thành phố Hồ Chí Minh,Phường An Lạc,Trường Trung học cơ sở An Lạc,THCS
Thành phố Hồ Chí Minh,Phường An Lạc,Trường Trung học cơ sở Bình Trị Đông B,THCS
Thành phố Hồ Chí Minh,Phường An Lạc,Trường Trung học cơ sở Bình Tân,THCS
Thành phố Hồ Chí Minh,Phường An Lạc,Trường Trung học cơ sở Lê Tấn Bê,THCS
Thành phố Hồ Chí Minh,Phường An Lạc,Trường Trung học cơ sở&Trung học phổ thông Ngôi Sao,THCS
Thành phố Hồ Chí Minh,Phường An Lạc,Trường Trung học phổ thông An Lạc,THPT
Thành phố Hồ Chí Minh,Phường An Lạc,Trường Trung học phổ thông Hàm Nghi,THPT
Thành phố Hồ Chí Minh,Phường An Lạc,Trường liên cấp quốc tế Royal School,Liên cấp
Thành phố Hồ Chí Minh,Phường An Lạc,trường Tiểu học - Trung học cơ sở - Trung học phổ thông Ngô Thời nhiệm Bình Tân,Liên cấp
Thành phố Hồ Chí Minh,Phường An Phú,Trường Mẫu giáo Hoa Mai 5,Mầm non
Thành phố Hồ Chí Minh,Phường An Phú,Trường Tiểu học An Phú,Tiểu học
Thành phố Hồ Chí Minh,Phường An Phú,Trường Trung học An Phú,
Thành phố Hồ Chí Minh,Phường An Phú,Trường Trung học cơ sở Nguyễn Văn Trỗi,THCS
Thành phố Hồ Chí Minh,Phường An Phú,Trường Trung học phổ thông Lý Thái Tổ,THPT
Thành phố Hồ Chí Minh,Phường An Phú Đông,Trường Mầm Non Bông Hồng,Mầm non
Thành phố Hồ Chí Minh,Phường An Phú Đông,Trường Mầm non 1 tháng 4,Mầm non
Thành phố Hồ Chí Minh,Phường An Phú Đông,Trường Tiểu Học Phạm Văn Chiêu,Tiểu học
Thành phố Hồ Chí Minh,Phường An Phú Đông,Trường Tiểu học Hà Huy Giáp,Tiểu học
Thành phố Hồ Chí Minh,Phường An Phú Đông,"Trường Tiểu học Pathway Tuệ Đức - Cơ sở Hà Huy Giáp, Quận 12",Tiểu học
Thành phố Hồ Chí Minh,Phường An Phú Đông,Trường Trung học cơ sở An Phú Đông,THCS
Thành phố Hồ Chí Minh,Phường An Phú Đông,Trường Trung học cơ sở Trần Hưng Đạo,THCS
Thành phố Hồ Chí Minh,Phường An Phú Đông,Trường Trung học phổ thông Thạnh Lộc,THPT
Thành phố Hồ Chí Minh,Phường An Phú Đông,Trường Trung học phổ thông Đông Dương,THPT
Thành phố Hồ Chí Minh,Phường An Đông,Lớp Mầm non Ngôi Nhà Sao Sáng,Mầm non
Thành phố Hồ Chí Minh,Phường An Đông,Trường Mầm non Sơn Ca,Mầm non
Thành phố Hồ Chí Minh,Phường An Đông,Trường Tiểu học Huỳnh Kiến Hoa,Tiểu học
Thành phố Hồ Chí Minh,Phường An Đông,Trường Tiểu học Huỳnh Mẫn Đạt,Tiểu học
Thành phố Hồ Chí Minh,Phường An Đông,Trường Trung học Cơ sở Lý Phong,THCS
Thành phố Hồ Chí Minh,Phường An Đông,Trường Trung học cơ sở Kim Đồng,THCS
Thành phố Hồ Chí Minh,Phường Bà Rịa,Lớp Mẫu giáo Rạng Đông,Mầm non
Thành phố Hồ Chí Minh,Phường Bà Rịa,Nhà trẻ Sao Mai,Mầm non
Thành phố Hồ Chí Minh,Phường Bà Rịa,Trường Mầm non Hoàng Oanh,Mầm non
Thành phố Hồ Chí Minh,Phường Bà Rịa,Trường Mầm non Họa Mi,Mầm non
Thành phố Hồ Chí Minh,Phường Bà Rịa,Trường Mầm non Phước Nguyên,Mầm non
Thành phố Hồ Chí Minh,Phường Bà Rịa,Trường Mầm non Sơn Ca,Mầm non
Thành phố Hồ Chí Minh,Phường Bà Rịa,Trường Mẫu giáo Phước Hiệp,Mầm non
Thành phố Hồ Chí Minh,Phường Bà Rịa,Trường Tiểu học Lê Thành Duy,Tiểu học
Thành phố Hồ Chí Minh,Phường Bà Rịa,Trường Tiểu học Nguyễn Bá Ngọc,Tiểu học
Thành phố Hồ Chí Minh,Phường Bà Rịa,Trường Tiểu học Nguyễn Thanh Đằng,Tiểu học
Thành phố Hồ Chí Minh,Phường Bà Rịa,Trường Tiểu học Trường Sơn,Tiểu học
Thành phố Hồ Chí Minh,Phường Bà Rịa,Trường Tiểu học Điện Biên,Tiểu học
Thành phố Hồ Chí Minh,Phường Bà Rịa,Trường Trung học cơ sở Kim Đồng,THCS
Thành phố Hồ Chí Minh,Phường Bà Rịa,Trường Trung học cơ sở Long Toàn,THCS
Thành phố Hồ Chí Minh,Phường Bà Rịa,Trường Trung học cơ sở Nguyễn Du,THCS
Thành phố Hồ Chí Minh,Phường Bà Rịa,Trường Trung học cơ sở Phước Hưng,THCS
Thành phố Hồ Chí Minh,Phường Bà Rịa,Trường Trung học cơ sở Phước Nguyên,THCS
Thành phố Hồ Chí Minh,Phường Bà Rịa,Trường Trung học cơ sở-Trung học phổ thông Chu Văn An,THCS
Thành phố Hồ Chí Minh,Phường Bà Rịa,Trường Trung học nghề Bà Rịa - Vũng Tàu,
Thành phố Hồ Chí Minh,Phường Bà Rịa,Trường Trung học phổ thông Bà Rịa,THPT
Thành phố Hồ Chí Minh,Phường Bà Rịa,Trường Trung học phổ thông Châu Thành,THPT
Thành phố Hồ Chí Minh,Phường Bà Rịa,Trường Văn hóa Công an nhân dân V,
Thành phố Hồ Chí Minh,Phường Bàn Cờ,Trường Tiểu học Lương Định Của,Tiểu học
Thành phố Hồ Chí Minh,Phường Bàn Cờ,Trường Tiểu học Nguyễn Sơn Hà,Tiểu học
Thành phố Hồ Chí Minh,Phường Bàn Cờ,Trường Tiểu học Phan Đình Phùng,Tiểu học
Thành phố Hồ Chí Minh,Phường Bàn Cờ,Trường Trung học cơ sở Bàn Cờ,THCS
Thành phố Hồ Chí Minh,Phường Bàn Cờ,Trường Trung học cơ sở Kiến Thiết,THCS
Thành phố Hồ Chí Minh,Phường Bàn Cờ,Trường Trung học cơ sở Phan Sào Nam,THCS
Thành phố Hồ Chí Minh,Phường Bàn Cờ,Trường cấp 1 Phan Văn Hân,
Thành phố Hồ Chí Minh,Phường Bình Dương,Hoà Phú Middle School,
Thành phố Hồ Chí Minh,Phường Bình Dương,Trường Mầm non Ngô Thời Nhiệm,Mầm non
Thành phố Hồ Chí Minh,Phường Bình Dương,Trường Mầm non Phú Tân,Mầm non
Thành phố Hồ Chí Minh,Phường Bình Dương,Trường Mẫu giáo Hòa Lợi,Mầm non
Thành phố Hồ Chí Minh,Phường Bình Dương,Trường Mẫu giáo Phú Chánh,Mầm non
Thành phố Hồ Chí Minh,Phường Bình Dương,Trường Ngô Thời Nhiệm,
Thành phố Hồ Chí Minh,Phường Bình Dương,Trường Tiểu Học - Trung học cơ sở - Trung học phổ thông Ngô Thời Nhiệm,Liên cấp
Thành phố Hồ Chí Minh,Phường Bình Dương,Trường Trung học cơ sở Phú Mỹ,THCS
Thành phố Hồ Chí Minh,Phường Bình Dương,Trường Trung học cơ sở-Trung học phổ thông Nguyễn Khuyến,THCS
Thành phố Hồ Chí Minh,Phường Bình Dương,Trường Trung học phổ thông An Mỹ,THPT
Thành phố Hồ Chí Minh,Phường Bình Hòa,Trường Quân sự Quân đoàn 4,
Thành phố Hồ Chí Minh,Phường Bình Hòa,Trường Tiểu học Bình Hòa,Tiểu học
Thành phố Hồ Chí Minh,Phường Bình Hòa,Trường Trung học cơ sở Nguyễn Thái Bình,THCS
Thành phố Hồ Chí Minh,Phường Bình Hưng Hòa,Trương Mầm non Nguyệt Quế,Mầm non
Thành phố Hồ Chí Minh,Phường Bình Hưng Hòa,Trường Mầm non Trúc Đào,Mầm non
Thành phố Hồ Chí Minh,Phường Bình Hưng Hòa,Trường Mầm non Ánh Mai,Mầm non
Thành phố Hồ Chí Minh,Phường Bình Hưng Hòa,Trường Mầm non Đỗ Quyên,Mầm non
Thành phố Hồ Chí Minh,Phường Bình Hưng Hòa,Trường Tiểu học Bình Hưng Hòa,Tiểu học
Thành phố Hồ Chí Minh,Phường Bình Hưng Hòa,Trường Tiểu học Bình Thuận,Tiểu học
Thành phố Hồ Chí Minh,Phường Bình Hưng Hòa,Trường Tiểu học Huỳnh Thúc Kháng,Tiểu học
Thành phố Hồ Chí Minh,Phường Bình Hưng Hòa,Trường Tiểu học Lê Trọng Tấn,Tiểu học
Thành phố Hồ Chí Minh,Phường Bình Hưng Hòa,Trường Tiểu học Lạc Hồng,Tiểu học
Thành phố Hồ Chí Minh,Phường Bình Hưng Hòa,Trường Tiểu học Phù Đổng,Tiểu học
Thành phố Hồ Chí Minh,Phường Bình Hưng Hòa,Trường Trung học cơ sở & Trung học phổ thông Chu Văn An,THCS
Thành phố Hồ Chí Minh,Phường Bình Hưng Hòa,Trường Trung học cơ sở Lạc Long Quân,THCS
Thành phố Hồ Chí Minh,Phường Bình Hưng Hòa,Trường Trung học cơ sở Nguyễn Trãi,THCS
Thành phố Hồ Chí Minh,Phường Bình Hưng Hòa,Trường Trung học cơ sở Trần Quốc Toản,THCS
Thành phố Hồ Chí Minh,Phường Bình Hưng Hòa,Trường Trung học phổ thông Bình Hưng Hòa,THPT
Thành phố Hồ Chí Minh,Phường Bình Hưng Hòa,Trường mầm non Hoa Phượng Vỹ,Mầm non
Thành phố Hồ Chí Minh,Phường Bình Lợi Trung,Trường Mầm non 13,Mầm non
Thành phố Hồ Chí Minh,Phường Bình Lợi Trung,Trường Tiểu Học Nguyễn Bá Ngọc,Tiểu học
Thành phố Hồ Chí Minh,Phường Bình Lợi Trung,Trường Tiểu học Bình Lợi Trung,Tiểu học
Thành phố Hồ Chí Minh,Phường Bình Lợi Trung,Trường Tiểu học Bình Lợi Trung - Cơ sở 2,Tiểu học
Thành phố Hồ Chí Minh,Phường Bình Lợi Trung,Trường Tiểu học Phan Văn Trị,Tiểu học
Thành phố Hồ Chí Minh,Phường Bình Lợi Trung,Trường Trung học cơ sở Bình Lợi Trung,THCS
Thành phố Hồ Chí Minh,Phường Bình Lợi Trung,Trường Trung học phổ thông Phan Đăng Lưu,THPT
Thành phố Hồ Chí Minh,Phường Bình Lợi Trung,Trường Trung học phổ thông Trần Văn Giàu,THPT
Thành phố Hồ Chí Minh,Phường Bình Phú,Mầm non Rạng đông 10,Mầm non
Thành phố Hồ Chí Minh,Phường Bình Phú,Trường Mầm non Rạng Đông,Mầm non
Thành phố Hồ Chí Minh,Phường Bình Phú,Trường Mầm non Rạng Đông 11A,Mầm non
Thành phố Hồ Chí Minh,Phường Bình Phú,Trường Tiểu học Phù Đổng,
Thành phố Hồ Chí Minh,Phường Bình Phú,Trường Tiểu học Nguyễn Văn Luông,Tiểu học
Thành phố Hồ Chí Minh,Phường Bình Phú,Trường Tiểu học Phú Định,Tiểu học
Thành phố Hồ Chí Minh,Phường Bình Phú,Trường Trung học cơ sở Lam Sơn,THCS
Thành phố Hồ Chí Minh,Phường Bình Phú,Trường Trung học cơ sở Nguyễn Thái Bình,THCS
Thành phố Hồ Chí Minh,Phường Bình Phú,Trường Trung học cơ sở Nguyễn Văn Luông,THCS
Thành phố Hồ Chí Minh,Phường Bình Phú,Trường Trung học cơ sở Phú Định,THCS
Thành phố Hồ Chí Minh,Phường Bình Phú,Trường Trung học phổ thông Bình Phú,THPT
Thành phố Hồ Chí Minh,Phường Bình Phú,Trường Trung học phổ thông Nguyễn Tất Thành,THPT
Thành phố Hồ Chí Minh,Phường Bình Quới,Trường Tiểu Học Thanh Đa,Tiểu học
Thành phố Hồ Chí Minh,Phường Bình Quới,Trường Tiểu học Bình Quới Tây,Tiểu học
Thành phố Hồ Chí Minh,Phường Bình Quới,Trường Trung học cơ sở Bình Quới Tây,THCS
Thành phố Hồ Chí Minh,Phường Bình Quới,Trường Trung học cơ sở Cù Chính Lan,THCS
Thành phố Hồ Chí Minh,Phường Bình Quới,Trường Trung học cơ sở Thanh Đa,THCS
Thành phố Hồ Chí Minh,Phường Bình Thạnh,Trường Tiểu Học Chu Văn An,Tiểu học
Thành phố Hồ Chí Minh,Phường Bình Thạnh,Trường Tiểu học Bình Hòa,Tiểu học
Thành phố Hồ Chí Minh,Phường Bình Thạnh,Trường Tiểu học Nguyễn Đình Chiểu,Tiểu học
Thành phố Hồ Chí Minh,Phường Bình Thạnh,Trường Tiểu học Tầm Vu,Tiểu học
Thành phố Hồ Chí Minh,Phường Bình Thạnh,Trường Trung học cơ sở Lê Văn Tám,THCS
Thành phố Hồ Chí Minh,Phường Bình Thạnh,Trường Trung học cơ sở Rạng Đông,THCS
Thành phố Hồ Chí Minh,Phường Bình Thạnh,Trường Trung học phổ thông Thanh Đa,THPT
Thành phố Hồ Chí Minh,Phường Bình Thới,Hệ Thống Trường Việt Mỹ,
Thành phố Hồ Chí Minh,Phường Bình Thới,Mầm non 10,Mầm non
Thành phố Hồ Chí Minh,Phường Bình Thới,Trường Mầm non Tuổi Hồng,Mầm non
Thành phố Hồ Chí Minh,Phường Bình Thới,Trường Tiểu học Hàn Hải Nguyên,Tiểu học
Thành phố Hồ Chí Minh,Phường Bình Thới,Trường Tiểu học Lạc Long Quân,Tiểu học
Thành phố Hồ Chí Minh,Phường Bình Thới,Trường Tiểu học Nguyễn Bá Ngọc,Tiểu học
Thành phố Hồ Chí Minh,Phường Bình Thới,Trường Tiểu học Phùng Hưng,Tiểu học
Thành phố Hồ Chí Minh,Phường Bình Thới,Trường Trung học cơ sở Chu Văn An,THCS
Thành phố Hồ Chí Minh,Phường Bình Thới,Trường Trung học cơ sở Nguyễn Văn Phú,THCS
Thành phố Hồ Chí Minh,Phường Bình Thới,Trường Trung học phổ thông Nguyễn Hiền,THPT
Thành phố Hồ Chí Minh,Phường Bình Thới,Trường Trung học phổ thông Trần Quốc Tuấn,THPT
Thành phố Hồ Chí Minh,Phường Bình Tiên,Trường Mầm non Chìa Khóa Vàng,Mầm non
Thành phố Hồ Chí Minh,Phường Bình Tiên,Trường Mầm non Rạng Đông 1,Mầm non
Thành phố Hồ Chí Minh,Phường Bình Tiên,Trường Mầm non Rạng Đông 3,Mầm non
Thành phố Hồ Chí Minh,Phường Bình Tiên,Trường Mầm non Rạng Đông 7,Mầm non
Thành phố Hồ Chí Minh,Phường Bình Tiên,Trường Mầm non Rạng Đông 8,Mầm non
Thành phố Hồ Chí Minh,Phường Bình Tiên,Trường Mầm non Rạng đông 4,Mầm non
Thành phố Hồ Chí Minh,Phường Bình Tiên,Trường Tiểu học Hùng Vương,Tiểu học
Thành phố Hồ Chí Minh,Phường Bình Tiên,Trường Tiểu học Kim Đồng,Tiểu học
Thành phố Hồ Chí Minh,Phường Bình Tiên,Trường Tiểu học Nguyễn Huệ,Tiểu học
Thành phố Hồ Chí Minh,Phường Bình Tiên,Trường Tiểu học Nhật Tảo,Tiểu học
Thành phố Hồ Chí Minh,Phường Bình Tiên,Trường Tiểu học Phạm Văn Chí,Tiểu học
Thành phố Hồ Chí Minh,Phường Bình Tiên,Trường Tiểu học Phạm Văn Chí - Cơ sở 2,Tiểu học
Thành phố Hồ Chí Minh,Phường Bình Tiên,Trường Tiểu học Vĩnh Xuyên,Tiểu học
Thành phố Hồ Chí Minh,Phường Bình Tiên,Trường Trung học cơ sở Bình Tây,THCS
Thành phố Hồ Chí Minh,Phường Bình Tiên,Trường Trung học cơ sở Phạm Đình Hổ,THCS
Thành phố Hồ Chí Minh,Phường Bình Tiên,Trường Trung học cơ sở Văn Thân,THCS
Thành phố Hồ Chí Minh,Phường Bình Tiên,Trường Trung học phổ thông Phạm Phú Thứ,THPT
Thành phố Hồ Chí Minh,Phường Bình Trưng,Trường Mầm Non Bình Trưng Đông,Mầm non
Thành phố Hồ Chí Minh,Phường Bình Trưng,Trường Mầm non Rạch Chiếc,Mầm non
Thành phố Hồ Chí Minh,Phường Bình Trưng,Trường Quốc tế The American School,
Thành phố Hồ Chí Minh,Phường Bình Trưng,Trường Tiểu học An Phú,Tiểu học
Thành phố Hồ Chí Minh,Phường Bình Trưng,Trường Tiểu học Bình Trưng Đông,Tiểu học
Thành phố Hồ Chí Minh,Phường Bình Trưng,Trường Tiểu học Nguyễn Hiền,Tiểu học
Thành phố Hồ Chí Minh,Phường Bình Trưng,Trường Trung học cơ sở Giồng Ông Tố,THCS
Thành phố Hồ Chí Minh,Phường Bình Trưng,Trường Trung học cơ sở Nguyễn Văn Trỗi,THCS
Thành phố Hồ Chí Minh,Phường Bình Trưng,Trường Trung học cơ sở Trần Quốc Toản,THCS
Thành phố Hồ Chí Minh,Phường Bình Trưng,Trường Trung học phổ thông Giồng Ông Tố,THPT
Thành phố Hồ Chí Minh,Phường Bình Trưng,Trường Trung học phổ thông Thủ Thiêm,THPT
Thành phố Hồ Chí Minh,Phường Bình Trưng,Trường tiểu học Giồng Ông Tố,Tiểu học
Thành phố Hồ Chí Minh,Phường Bình Trưng,Trường tiểu học Nguyễn Văn Trỗi,Tiểu học
Thành phố Hồ Chí Minh,Phường Bình Trị Đông,Trường Mầm non Bình Trị Đông,Mầm non
Thành phố Hồ Chí Minh,Phường Bình Trị Đông,Trường Mầm non Cẩm Tú,Mầm non
Thành phố Hồ Chí Minh,Phường Bình Trị Đông,Trường Tiểu học Bình Trị 1,Tiểu học
Thành phố Hồ Chí Minh,Phường Bình Trị Đông,Trường Tiểu học Bình Trị Đông,Tiểu học
Thành phố Hồ Chí Minh,Phường Bình Trị Đông,Trường Tiểu học Nguyễn Công Trứ,Tiểu học
Thành phố Hồ Chí Minh,Phường Bình Trị Đông,Trường Trung học cơ sở Bình Trị Đông,THCS
Thành phố Hồ Chí Minh,Phường Bình Trị Đông,Trường Trung học cơ sở Bình Trị Đông A,THCS
Thành phố Hồ Chí Minh,Phường Bình Trị Đông,Trường Trung học cơ sở Lý Thường Kiệt,THCS
Thành phố Hồ Chí Minh,Phường Bình Trị Đông,Trường Trung học phổ thông Nguyễn Hữu Cảnh,THPT
Thành phố Hồ Chí Minh,Phường Bình Trị Đông,Trường Trung học phổ thông Trần Nhân Tông,THPT
Thành phố Hồ Chí Minh,Phường Bình Tân,Trường Chuyên biệt Bình Tân,
Thành phố Hồ Chí Minh,Phường Bình Tân,Trường Mầm non Hoa Phượng,Mầm non
Thành phố Hồ Chí Minh,Phường Bình Tân,Trường Tiểu học Hoàng Văn Thụ,Tiểu học
Thành phố Hồ Chí Minh,Phường Bình Tân,Trường Tiểu học Ngô Quyền,Tiểu học
Thành phố Hồ Chí Minh,Phường Bình Tân,Trường Tiểu học Trí Tuệ Việt,Tiểu học
Thành phố Hồ Chí Minh,Phường Bình Tân,Trường Tiểu học Trần Cao Vân,Tiểu học
Thành phố Hồ Chí Minh,Phường Bình Tân,Trường Tiểu học Trần Văn Ơn,Tiểu học
Thành phố Hồ Chí Minh,Phường Bình Tân,Trường Tiểu học Tân Tạo,Tiểu học
Thành phố Hồ Chí Minh,Phường Bình Tân,Trường Trung học cơ sở Bình Hưng Hoà,THCS
Thành phố Hồ Chí Minh,Phường Bình Tân,Trường Trung học cơ sở Huỳnh Văn Nghệ,THCS
Thành phố Hồ Chí Minh,Phường Bình Tân,Trường Trung học cơ sở Hồ Văn Long,THCS
Thành phố Hồ Chí Minh,Phường Bình Tân,Trường Trung học cơ sở Tân Tạo,THCS
Thành phố Hồ Chí Minh,Phường Bình Tân,Trường Trung học cơ sở&Trung học phổ thông Việt Anh,THCS
Thành phố Hồ Chí Minh,Phường Bình Tân,Trường Trung học phổ thông Bình Tân,THPT
Thành phố Hồ Chí Minh,Phường Bình Tân,Trường Trung học phổ thông Vĩnh Lộc,THPT
Thành phố Hồ Chí Minh,Phường Bình Tây,Trường Mầm non Rạng Đông 6,Mầm non
Thành phố Hồ Chí Minh,Phường Bình Tây,Trường Tiểu học Bình Tiên,Tiểu học
Thành phố Hồ Chí Minh,Phường Bình Tây,Trường Tiểu học Chi Lăng,Tiểu học
Thành phố Hồ Chí Minh,Phường Bình Tây,Trường Tiểu học Châu Văn Liêm,Tiểu học
Thành phố Hồ Chí Minh,Phường Bình Tây,Trường Tiểu học Lê Văn Tám,Tiểu học
Thành phố Hồ Chí Minh,Phường Bình Tây,Trường Tiểu học Nguyễn Thiện Thuật,Tiểu học
Thành phố Hồ Chí Minh,Phường Bình Tây,Trường Tiểu học Võ Văn Tần,Tiểu học
Thành phố Hồ Chí Minh,Phường Bình Tây,Trường Trung học cơ sở Hoàng Lê Kha,THCS
Thành phố Hồ Chí Minh,Phường Bình Tây,Trường Trung học cơ sở Hậu Giang,THCS
Thành phố Hồ Chí Minh,Phường Bình Tây,Trường Trung học cơ sở Nguyễn Đức Cảnh,THCS
Thành phố Hồ Chí Minh,Phường Bình Tây,Trường Trung học cơ sở&Trung học phổ thông Phan Bội Châu Thành phố Hồ Chí Minh,THCS
Thành phố Hồ Chí Minh,Phường Bình Đông,Nhà trẻ 19 tháng 5,Mầm non
Thành phố Hồ Chí Minh,Phường Bình Đông,Trường Trung học cơ sở Sương Nguyệt Ánh,THCS
Thành phố Hồ Chí Minh,Phường Bình Đông,Trường Mầm Non Hoàng Lam,Mầm non
Thành phố Hồ Chí Minh,Phường Bình Đông,Trường Mầm non Hoàng Mai III,Mầm non
Thành phố Hồ Chí Minh,Phường Bình Đông,"Trường Mầm non Pathway Tuệ Đức - Cơ sở Bông Sao, Quận 8",Mầm non
Thành phố Hồ Chí Minh,Phường Bình Đông,Trường Tiểu học An Phong,Tiểu học
Thành phố Hồ Chí Minh,Phường Bình Đông,Trường Tiểu học Bông Sao,Tiểu học
Thành phố Hồ Chí Minh,Phường Bình Đông,Trường Tiểu học Bùi Minh Trực,Tiểu học
Thành phố Hồ Chí Minh,Phường Bình Đông,Trường Tiểu học Hoàng Minh Đạo,Tiểu học
Thành phố Hồ Chí Minh,Phường Bình Đông,Trường Tiểu học Nguyễn Trung Ngạn,Tiểu học
Thành phố Hồ Chí Minh,Phường Bình Đông,Trường Trung học cơ sở Bình An,THCS
Thành phố Hồ Chí Minh,Phường Bình Đông,Trường Trung học cơ sở Phú Lợi,THCS
Thành phố Hồ Chí Minh,Phường Bình Đông,Trường Trung học phổ thông Nguyễn Văn Linh,THPT
Thành phố Hồ Chí Minh,Phường Bình Đông,Trường Trung học phổ thông Tạ Quang Bửu,THPT
Thành phố Hồ Chí Minh,Phường Bảy Hiền,Trươờng Tiểu học Lê Thị Hồng Gấm,Tiểu học
Thành phố Hồ Chí Minh,Phường Bảy Hiền,Trường Mầm non 10,Mầm non
Thành phố Hồ Chí Minh,Phường Bảy Hiền,Trường Mầm non 11,Mầm non
Thành phố Hồ Chí Minh,Phường Bảy Hiền,Trường Mầm non 12,Mầm non
Thành phố Hồ Chí Minh,Phường Bảy Hiền,Trường Mầm non Phú Hòa,Mầm non
Thành phố Hồ Chí Minh,Phường Bảy Hiền,Trường Quốc tế Á Châu,
Thành phố Hồ Chí Minh,Phường Bảy Hiền,"Trường Tiểu hoc, Trung học cơ sở & Trung học phổ thông Thanh Bình",THCS
Thành phố Hồ Chí Minh,Phường Bảy Hiền,Trường Tiểu học Cách Mạng Tháng Tám CS1,Tiểu học
Thành phố Hồ Chí Minh,Phường Bảy Hiền,Trường Tiểu học Lạc Long Quân,Tiểu học
Thành phố Hồ Chí Minh,Phường Bảy Hiền,Trường Tiểu học Nguyễn Khuyến,Tiểu học
Thành phố Hồ Chí Minh,Phường Bảy Hiền,Trường Tiểu học Nguyễn Văn Trỗi,Tiểu học
Thành phố Hồ Chí Minh,Phường Bảy Hiền,Trường Tiểu học Phú Thọ Hòa,Tiểu học
Thành phố Hồ Chí Minh,Phường Bảy Hiền,Trường Tiểu học Trần Quốc Tuấn,Tiểu học
Thành phố Hồ Chí Minh,Phường Bảy Hiền,Trường Trung học cơ sở & Trung học phổ thông Bác Ái,THCS
Thành phố Hồ Chí Minh,Phường Bảy Hiền,Trường Trung học cơ sở & Trung học phổ thông Thái Bình,THCS
Thành phố Hồ Chí Minh,Phường Bảy Hiền,Trường Trung học cơ sở Ngô Quyền,THCS
Thành phố Hồ Chí Minh,Phường Bảy Hiền,Trường Trung học cơ sở Trường Chinh,THCS
Thành phố Hồ Chí Minh,Phường Bảy Hiền,Trường Trung học cơ sở Võ Văn Tần - CS1,THCS
Thành phố Hồ Chí Minh,Phường Bảy Hiền,Trường Trung học cơ sở Võ Văn Tần - CS2,THCS
Thành phố Hồ Chí Minh,Phường Bến Cát,Trường Tiểu học Trần Quốc Tuấn,Tiểu học
Thành phố Hồ Chí Minh,Phường Bến Cát,Trường Trung Học Phổ Thông Bến Cát,THPT
Thành phố Hồ Chí Minh,Phường Bến Cát,Trường Trung Tiểu học Phù Đổng,Tiểu học
Thành phố Hồ Chí Minh,Phường Bến Cát,Trường Trung học cơ sở Lê Quý Đôn,THCS
Thành phố Hồ Chí Minh,Phường Bến Cát,Trường Trung học cơ sở Mỹ Phước,THCS
Thành phố Hồ Chí Minh,Phường Bến Thành,Trường BDVH 218 Lý Tự Trọng,
Thành phố Hồ Chí Minh,Phường Bến Thành,Trường Mầm non Bến Thành,Mầm non
Thành phố Hồ Chí Minh,Phường Bến Thành,Trường Mầm non Tuổi Thơ,Mầm non
Thành phố Hồ Chí Minh,Phường Bến Thành,Trường Tiểu học Khai Minh,Tiểu học
Thành phố Hồ Chí Minh,Phường Bến Thành,Trường Tiểu học Kết Đoàn,Tiểu học
Thành phố Hồ Chí Minh,Phường Bến Thành,Trường Tiểu học Lê Ngọc Hân,Tiểu học
Thành phố Hồ Chí Minh,Phường Bến Thành,Trường Tiểu học Nguyễn Huệ,Tiểu học
Thành phố Hồ Chí Minh,Phường Bến Thành,Trường Tiểu học Nguyễn Thái Bình,Tiểu học
Thành phố Hồ Chí Minh,Phường Bến Thành,Trường Tiểu học Nguyễn Thái Học,Tiểu học
Thành phố Hồ Chí Minh,Phường Bến Thành,Trường Trung học cơ sở Nguyễn Du,THCS
Thành phố Hồ Chí Minh,Phường Bến Thành,Trường Trung học cơ sở Đồng Khởi,THCS
Thành phố Hồ Chí Minh,Phường Bến Thành,Trường Trung học phổ thông Bùi Thị Xuân,THPT
Thành phố Hồ Chí Minh,Phường Bến Thành,Trường Trung học phổ thông Ernst Thälmann,THPT
Thành phố Hồ Chí Minh,Phường Chánh Hiệp,Trường Mầm non Chánh Mỹ,Mầm non
Thành phố Hồ Chí Minh,Phường Chánh Hiệp,Trường Trung Tiểu học Marie Curie,Tiểu học
Thành phố Hồ Chí Minh,Phường Chánh Hiệp,Trường Trung học cơ sở Định Hoà,THCS
Thành phố Hồ Chí Minh,Phường Chánh Hiệp,Trường Trung học phổ thông Bình Phú,THPT
Thành phố Hồ Chí Minh,Phường Chánh Hưng,Nhà trẻ Hoa Mai,Mầm non
Thành phố Hồ Chí Minh,Phường Chánh Hưng,Trường Mầm Non Mặt Trời 1,Mầm non
Thành phố Hồ Chí Minh,Phường Chánh Hưng,Trường Mầm Non Việt Nhi,Mầm non
Thành phố Hồ Chí Minh,Phường Chánh Hưng,Trường Mầm non Bình Minh,Mầm non
Thành phố Hồ Chí Minh,Phường Chánh Hưng,Trường Tiểu Học Rạch Ông,Tiểu học
Thành phố Hồ Chí Minh,Phường Chánh Hưng,Trường Tiểu Học Âu Dương Lân,Tiểu học
Thành phố Hồ Chí Minh,Phường Chánh Hưng,Trường Tiểu học Hưng Phú A,Tiểu học
Thành phố Hồ Chí Minh,Phường Chánh Hưng,Trường Tiểu học Inspire - Khai Nguyên - Cơ sở Quận 8,Tiểu học
Thành phố Hồ Chí Minh,Phường Chánh Hưng,Trường Tiểu học Thái Hưng,Tiểu học
Thành phố Hồ Chí Minh,Phường Chánh Hưng,Trường Tiểu học Thái Hưng (cơ sở 2),Tiểu học
Thành phố Hồ Chí Minh,Phường Chánh Hưng,Trường Tiểu học Trần Danh Lâm,Tiểu học
Thành phố Hồ Chí Minh,Phường Chánh Hưng,Trường Tiểu học Vàm Cỏ Đông,Tiểu học
Thành phố Hồ Chí Minh,Phường Chánh Hưng,Trường Tiểu học Đinh Công Tráng,Tiểu học
Thành phố Hồ Chí Minh,Phường Chánh Hưng,Trường Trung học cơ sở Chánh Hưng,THCS
Thành phố Hồ Chí Minh,Phường Chánh Hưng,Trường Trung học cơ sở Dương Bá Trạc,THCS
Thành phố Hồ Chí Minh,Phường Chánh Hưng,Trường Trung học cơ sở Inspire - Khai Nguyên - Cơ sở Quận 8,THCS
Thành phố Hồ Chí Minh,Phường Chánh Hưng,Trường Trung học cơ sở Khánh Bình,THCS
Thành phố Hồ Chí Minh,Phường Chánh Hưng,Trường Trung học cơ sở Lý Thánh Tông,THCS
Thành phố Hồ Chí Minh,Phường Chánh Hưng,Trường Trung học cơ sở Trần Danh Ninh,THCS
Thành phố Hồ Chí Minh,Phường Chánh Hưng,Trường Trung học phổ thông Lương Văn Can,THPT
Thành phố Hồ Chí Minh,Phường Chánh Hưng,Trường mầm non Vườn Hồng,Mầm non
Thành phố Hồ Chí Minh,Phường Chánh Hưng,Trường mẫu giáo Vàng Anh,Mầm non
Thành phố Hồ Chí Minh,Phường Chánh Hưng,Trường tiểu học Nguyễn Trực,Tiểu học
Thành phố Hồ Chí Minh,Phường Chợ Lớn,Lớp Mẫu giáo Thiên Phúc,Mầm non
Thành phố Hồ Chí Minh,Phường Chợ Lớn,Trường Mầm non 11 (Cơ sở 2),Mầm non
Thành phố Hồ Chí Minh,Phường Chợ Lớn,Trường Mầm non 12 (Cơ sở 2),Mầm non
Thành phố Hồ Chí Minh,Phường Chợ Lớn,Trường Mầm non 14B,Mầm non
Thành phố Hồ Chí Minh,Phường Chợ Lớn,Trường Mầm non Hoạ Mi 2,Mầm non
Thành phố Hồ Chí Minh,Phường Chợ Lớn,Trường Mầm non Tuổi Thơ,Mầm non
Thành phố Hồ Chí Minh,Phường Chợ Lớn,Trường Tiểu học Chính Nghĩa,Tiểu học
Thành phố Hồ Chí Minh,Phường Chợ Lớn,Trường Tiểu học Hùng Vương,Tiểu học
Thành phố Hồ Chí Minh,Phường Chợ Lớn,Trường Tiểu học Lê Đình Chinh,Tiểu học
Thành phố Hồ Chí Minh,Phường Chợ Lớn,Trường Tiểu học Lý Cảnh Hớn,Tiểu học
Thành phố Hồ Chí Minh,Phường Chợ Lớn,Trường Tiểu học Minh Đạo,Tiểu học
Thành phố Hồ Chí Minh,Phường Chợ Lớn,Trường Tiểu học Minh Đạo (Cơ sở 2),Tiểu học
Thành phố Hồ Chí Minh,Phường Chợ Lớn,Trường Tiểu học Nguyễn Viết Xuân,Tiểu học
Thành phố Hồ Chí Minh,Phường Chợ Lớn,Trường Tiểu học Nguyễn Đức Cảnh,Tiểu học
Thành phố Hồ Chí Minh,Phường Chợ Lớn,Trường Trung học Cơ sở Mạch Kiếm Hùng (Điểm học tạm),THCS
Thành phố Hồ Chí Minh,Phường Chợ Lớn,Trường Trung học Phổ thông Trần Hữu Trang,THPT
Thành phố Hồ Chí Minh,Phường Chợ Lớn,Trường Trung học cơ sở Hồng Bàng,THCS
Thành phố Hồ Chí Minh,Phường Chợ Lớn,Trường Trung học cơ sở Mạch Kiếm Hùng,THCS
Thành phố Hồ Chí Minh,Phường Chợ Lớn,Trường Trung học cơ sở Trần Bội Cơ,THCS
Thành phố Hồ Chí Minh,Phường Chợ Lớn,Trường Trung học phổ thông Hùng Vương,THPT
Thành phố Hồ Chí Minh,Phường Chợ Quán,Trường Mầm Non Vàng Anh,Mầm non
Thành phố Hồ Chí Minh,Phường Chợ Quán,Trường Mầm non Vành Khuyên,Mầm non
Thành phố Hồ Chí Minh,Phường Chợ Quán,Trường Tiểu học Bàu Sen,Tiểu học
Thành phố Hồ Chí Minh,Phường Chợ Quán,Trường Tiểu học Hàm Tử,Tiểu học
Thành phố Hồ Chí Minh,Phường Chợ Quán,Trường Tiểu học Trần Bình Trọng - Khu A,Tiểu học
Thành phố Hồ Chí Minh,Phường Chợ Quán,Trường Tiểu học Trần Bình Trọng - Khu B,Tiểu học
Thành phố Hồ Chí Minh,Phường Chợ Quán,Trường Trung học Thực hành Sài Gòn,
Thành phố Hồ Chí Minh,Phường Chợ Quán,Trường Trung học cơ sở Ba Đình,THCS
Thành phố Hồ Chí Minh,Phường Chợ Quán,Trường Trung học phổ thông Chuyên Lê Hồng Phong,THPT
Thành phố Hồ Chí Minh,Phường Cát Lái,Sakura Montessori School,Mầm non
Thành phố Hồ Chí Minh,Phường Cát Lái,Trường CĐ nghề Thủ Thiêm (cơ sở 2),
Thành phố Hồ Chí Minh,Phường Cát Lái,Trường Mầm Non Hoa Sen,Mầm non
Thành phố Hồ Chí Minh,Phường Cát Lái,Trường Mầm non Cát Lái,Mầm non
Thành phố Hồ Chí Minh,Phường Cát Lái,"Trường Tiểu học - Trung học cơ sở Pathway Tuệ Đức - Cơ sở Nguyễn Thị Định, Thành phố Thủ Đức",Liên cấp
Thành phố Hồ Chí Minh,Phường Cát Lái,Trường Tiểu học Lương Thế Vinh,Tiểu học
Thành phố Hồ Chí Minh,Phường Cát Lái,Trường Trung học cơ sở Lương Định Của,THCS
Thành phố Hồ Chí Minh,Phường Cát Lái,Trường Trung học cơ sở Nguyễn Thị Định,THCS
Thành phố Hồ Chí Minh,Phường Cát Lái,Trường Trung học cơ sở Thạnh Mỹ Lợi,THCS
Thành phố Hồ Chí Minh,Phường Cát Lái,Trường tiểu học Thạnh Mỹ Lợi,Tiểu học
Thành phố Hồ Chí Minh,Phường Cầu Kiệu,Trường Tiểu Học Đông Ba,Tiểu học
Thành phố Hồ Chí Minh,Phường Cầu Kiệu,Trường Tiểu học Cầu Kiệu,Tiểu học
Thành phố Hồ Chí Minh,Phường Cầu Kiệu,Trường Tiểu học Trung Nhất,Tiểu học
Thành phố Hồ Chí Minh,Phường Cầu Kiệu,Trường Trung học cơ sở Châu Văn Liêm,THCS
Thành phố Hồ Chí Minh,Phường Cầu Kiệu,Trường Trung học cơ sở Cầu Kiệu,THCS
Thành phố Hồ Chí Minh,Phường Cầu Ông Lãnh,Trường Quốc Tế American,
Thành phố Hồ Chí Minh,Phường Cầu Ông Lãnh,Trường Tiểu học Chương Dương,Tiểu học
Thành phố Hồ Chí Minh,Phường Cầu Ông Lãnh,Trường Tiểu học Lương Thế Vinh,Tiểu học
Thành phố Hồ Chí Minh,Phường Cầu Ông Lãnh,Trường Tiểu học Phan Văn Trị,Tiểu học
Thành phố Hồ Chí Minh,Phường Cầu Ông Lãnh,Trường Tiểu học Trần Hưng Đạo,Tiểu học
Thành phố Hồ Chí Minh,Phường Cầu Ông Lãnh,Trường Trung học cơ sở Chu Văn An,THCS
Thành phố Hồ Chí Minh,Phường Cầu Ông Lãnh,Trường Trung học cơ sở Minh Đức,THCS
Thành phố Hồ Chí Minh,Phường Cầu Ông Lãnh,Trường Trung học phổ thông Lương Thế Vinh,THPT
Thành phố Hồ Chí Minh,Phường Diên Hồng,Trường Mầm non Măng Non II,Mầm non
Thành phố Hồ Chí Minh,Phường Diên Hồng,Trường Mầm non Phường 5,Mầm non
Thành phố Hồ Chí Minh,Phường Diên Hồng,Trường Mầm non Phường 6,Mầm non
Thành phố Hồ Chí Minh,Phường Diên Hồng,Trường Mầm non Phường 8,Mầm non
Thành phố Hồ Chí Minh,Phường Diên Hồng,Trường Mầm non Vạn An,Mầm non
Thành phố Hồ Chí Minh,Phường Diên Hồng,Trường Quốc tế Việt Úc,
Thành phố Hồ Chí Minh,Phường Diên Hồng,Trường Tiểu Học Dương Minh Châu,Tiểu học
Thành phố Hồ Chí Minh,Phường Diên Hồng,Trường Tiểu học Lê Đình Chinh,Tiểu học
Thành phố Hồ Chí Minh,Phường Diên Hồng,Trường Tiểu học Nguyễn Chí Thanh,Tiểu học
Thành phố Hồ Chí Minh,Phường Diên Hồng,Trường Tiểu học Trần Văn Kiểu,Tiểu học
Thành phố Hồ Chí Minh,Phường Diên Hồng,Trường Tiểu học Võ Trường Toản,Tiểu học
Thành phố Hồ Chí Minh,Phường Diên Hồng,Trường Trung học cơ sở Hoàng Văn Thụ,THCS
Thành phố Hồ Chí Minh,Phường Diên Hồng,Trường Trung học cơ sở Nguyễn Tri Phương,THCS
Thành phố Hồ Chí Minh,Phường Diên Hồng,Trường Trung học cơ sở Nguyễn Văn Tố,THCS
Thành phố Hồ Chí Minh,Phường Diên Hồng,Trường Trung học cơ sở và Trung học phổ thông Diên Hồng,THCS
Thành phố Hồ Chí Minh,Phường Diên Hồng,Trường Trung học cơ sở&Trung học phổ thông Diên Hồng,THCS
Thành phố Hồ Chí Minh,Phường Dĩ An,Mầm non Bông Sen,Mầm non
Thành phố Hồ Chí Minh,Phường Dĩ An,Mầm non Mimosa 2,Mầm non
Thành phố Hồ Chí Minh,Phường Dĩ An,Mầm non Sơn Ca,Mầm non
Thành phố Hồ Chí Minh,Phường Dĩ An,Mầm non Võ Thị Sáu,Mầm non
Thành phố Hồ Chí Minh,Phường Dĩ An,Phú Đông Lotus Kindergarten,Mầm non
Thành phố Hồ Chí Minh,Phường Dĩ An,Tiểu Học Tân Đông Hiệp B,Tiểu học
Thành phố Hồ Chí Minh,Phường Dĩ An,Tiểu học Nhị Đồng,Tiểu học
Thành phố Hồ Chí Minh,Phường Dĩ An,Trường Mầm Non Minions,Mầm non
Thành phố Hồ Chí Minh,Phường Dĩ An,Trường Mầm non Hoa Hồng 6,Mầm non
Thành phố Hồ Chí Minh,Phường Dĩ An,Trường Mẫu Giáo Hoa Hồng 1,Mầm non
Thành phố Hồ Chí Minh,Phường Dĩ An,Trường Mẫu Giáo Thống Nhất,Mầm non
Thành phố Hồ Chí Minh,Phường Dĩ An,Trường Tiểu học An Bình,Tiểu học
Thành phố Hồ Chí Minh,Phường Dĩ An,Trường Tiểu học An Bình B,Tiểu học
Thành phố Hồ Chí Minh,Phường Dĩ An,Trường Tiểu học Dĩ An A,Tiểu học
Thành phố Hồ Chí Minh,Phường Dĩ An,Trường Tiểu học Dĩ An B,Tiểu học
Thành phố Hồ Chí Minh,Phường Dĩ An,Trường Tiểu học Dĩ An C,Tiểu học
Thành phố Hồ Chí Minh,Phường Dĩ An,Trường Tiểu học Lê Quý Đôn,Tiểu học
Thành phố Hồ Chí Minh,Phường Dĩ An,Trường Tiểu học Lý Thường Kiệt,Tiểu học
Thành phố Hồ Chí Minh,Phường Dĩ An,Trường Tiểu học Trung học Phan Chu Trinh,Liên cấp
Thành phố Hồ Chí Minh,Phường Dĩ An,Trường Tiểu học Trung học cơ sở Trung học phổ thông Phan Chu Trinh,Liên cấp
Thành phố Hồ Chí Minh,Phường Dĩ An,Trường Trung - Tiểu Học Việt Anh 2,Tiểu học
Thành phố Hồ Chí Minh,Phường Dĩ An,Trường Trung học cơ sở An Bình,THCS
Thành phố Hồ Chí Minh,Phường Dĩ An,Trường Trung học cơ sở Dĩ An,THCS
Thành phố Hồ Chí Minh,Phường Dĩ An,Trường Trung học cơ sở Tân Đông Hiệp,THCS
Thành phố Hồ Chí Minh,Phường Dĩ An,Trường Trung học cơ sở Võ Trường Toản,THCS
Thành phố Hồ Chí Minh,Phường Dĩ An,Trường Trung học cơ sở Đông Chiêu,THCS
Thành phố Hồ Chí Minh,Phường Dĩ An,Trường Trung học phổ thông Dĩ An,THPT
Thành phố Hồ Chí Minh,Phường Dĩ An,Trường Trung học phổ thông Nguyễn An Ninh,THPT
Thành phố Hồ Chí Minh,Phường Dĩ An,Trường mầm non Bác Học T.edison 2,Mầm non
Thành phố Hồ Chí Minh,Phường Gia Định,Trường Tiểu Học Dân Lập Quốc Tế Việt Úc,Tiểu học
Thành phố Hồ Chí Minh,Phường Gia Định,Trường Tiểu Học Hồng Hà,Tiểu học
Thành phố Hồ Chí Minh,Phường Gia Định,Trường Trung học cơ sở Hà Huy Tập,THCS
Thành phố Hồ Chí Minh,Phường Gia Định,Trường Trung học cơ sở Lam Sơn,THCS
Thành phố Hồ Chí Minh,Phường Gia Định,Trường Trung học cơ sở Trương Công Định,THCS
Thành phố Hồ Chí Minh,Phường Gia Định,Trường Trung học cơ sở Điện Biên,THCS
Thành phố Hồ Chí Minh,Phường Gia Định,Trường Trung học phổ thông Hoàng Hoa Thám,THPT
Thành phố Hồ Chí Minh,Phường Gia Định,Trường Trung học phổ thông Võ Thị Sáu,THPT
Thành phố Hồ Chí Minh,Phường Gò Vấp,Trường Tiểu học Kim Đồng,Tiểu học
Thành phố Hồ Chí Minh,Phường Gò Vấp,Trường Trung học cơ sở - Trung học phổ thông Bán Trú Nội Trú Hồng Hà - Cơ Sở 4,THCS
Thành phố Hồ Chí Minh,Phường Gò Vấp,Trường Trung học cơ sở&Trung học phổ thông Hồng Hà,THCS
Thành phố Hồ Chí Minh,Phường Hiệp Bình,Tiểu học Hiệp Bình Phước,Tiểu học
Thành phố Hồ Chí Minh,Phường Hiệp Bình,Trường Mầm non Hiệp Bình Phước,Mầm non
Thành phố Hồ Chí Minh,Phường Hiệp Bình,Trường Mầm non Hoa Hồng,Mầm non
Thành phố Hồ Chí Minh,Phường Hiệp Bình,Trường Mầm non Hugo House,Mầm non
Thành phố Hồ Chí Minh,Phường Hiệp Bình,Trường Song ngữ Quốc tế EMASI,
Thành phố Hồ Chí Minh,Phường Hiệp Bình,Trường Tiểu học Bình Quới,Tiểu học
Thành phố Hồ Chí Minh,Phường Hiệp Bình,Trường Tiểu học Bình Triệu,Tiểu học
Thành phố Hồ Chí Minh,Phường Hiệp Bình,Trường Tiểu học Hiệp Bình Chánh,Tiểu học
Thành phố Hồ Chí Minh,Phường Hiệp Bình,Trường Tiểu học Linh,Tiểu học
Thành phố Hồ Chí Minh,Phường Hiệp Bình,Trường Tiểu học Đào Sơn Tây,Tiểu học
Thành phố Hồ Chí Minh,Phường Hiệp Bình,Trường Tiểu học Đặng Thị Rành,Tiểu học
Thành phố Hồ Chí Minh,Phường Hiệp Bình,Trường Tiểu học Đặng Văn Bất,Tiểu học
Thành phố Hồ Chí Minh,Phường Hiệp Bình,Trường Trung học Tư thục Nguyễn Khuyến (Cơ sở 4),
Thành phố Hồ Chí Minh,Phường Hiệp Bình,Trường Trung học cơ sở Hiệp Bình,THCS
Thành phố Hồ Chí Minh,Phường Hiệp Bình,Trường Trung học cơ sở Linh Đông,THCS
Thành phố Hồ Chí Minh,Phường Hiệp Bình,Trường Trung học cơ sở Ngô Chí Quốc,THCS
Thành phố Hồ Chí Minh,Phường Hiệp Bình,Trường Trung học phổ thông Hiệp Bình,THPT
Thành phố Hồ Chí Minh,Phường Hiệp Bình,Trường Trung học phổ thông Tư thục Bách Việt,THPT
Thành phố Hồ Chí Minh,Phường Hòa Bình,Trường Tiểu Học Quốc Tế APU,Tiểu học
Thành phố Hồ Chí Minh,Phường Hòa Bình,Trường Tiểu học Hòa Bình,Tiểu học
Thành phố Hồ Chí Minh,Phường Hòa Bình,Trường Tiểu học Trần Văn Ơn,Tiểu học
Thành phố Hồ Chí Minh,Phường Hòa Bình,Trường Tiểu học Đại Thành,Tiểu học
Thành phố Hồ Chí Minh,Phường Hòa Bình,Trường Trung học cơ sở Lê Quý Đôn,THCS
Thành phố Hồ Chí Minh,Phường Hòa Bình,Trường Trung học cơ sở Nguyễn Huệ,THCS
Thành phố Hồ Chí Minh,Phường Hòa Bình,Trường Trung học cơ sở Phạm Ngọc Thạch,THCS
Thành phố Hồ Chí Minh,Phường Hòa Bình,Trường Trung học phổ thông Trần Quang Khải,THPT
Thành phố Hồ Chí Minh,Phường Hòa Bình,Trường Trung học phổ thông Tư thục Trương Vĩnh Ký,THPT
Thành phố Hồ Chí Minh,Phường Hòa Hưng,Trường Mầm Non Măng Non,Mầm non
Thành phố Hồ Chí Minh,Phường Hòa Hưng,Trường Mầm non Măng Non 1,Mầm non
Thành phố Hồ Chí Minh,Phường Hòa Hưng,Trường Quân sự Thành Phố Hồ Chí Minh,
Thành phố Hồ Chí Minh,Phường Hòa Hưng,Trường Quốc Tế Á Châu,
Thành phố Hồ Chí Minh,Phường Hòa Hưng,Trường Tiểu Học Triệu Thị Trinh,Tiểu học
Thành phố Hồ Chí Minh,Phường Hòa Hưng,Trường Tiểu học Bắc Hải,Tiểu học
Thành phố Hồ Chí Minh,Phường Hòa Hưng,Trường Tiểu học Lê Thị Riêng,Tiểu học
Thành phố Hồ Chí Minh,Phường Hòa Hưng,Trường Tiểu học Thiên Hộ Dương,Tiểu học
Thành phố Hồ Chí Minh,Phường Hòa Hưng,Trường Tiểu học Tô Hiến Thành,Tiểu học
Thành phố Hồ Chí Minh,Phường Hòa Hưng,Trường Trung học cơ sở Cách Mạng Tháng Tám,THCS
Thành phố Hồ Chí Minh,Phường Hòa Hưng,Trường Trung học cơ sở Hòa Hưng,THCS
Thành phố Hồ Chí Minh,Phường Hòa Hưng,Trường Trung học cơ sở Lạc Hồng,THCS
Thành phố Hồ Chí Minh,Phường Hòa Hưng,Trường Trung học cơ sở Lạc Hồng B,THCS
Thành phố Hồ Chí Minh,Phường Hòa Hưng,Trường Trung học cơ sở Trần Phú,THCS
Thành phố Hồ Chí Minh,Phường Hòa Hưng,Trường Trung học cơ sở&Trung học phổ thông Duy Tân,THCS
Thành phố Hồ Chí Minh,Phường Hòa Hưng,Trường Trung học phổ thông Nguyễn Du,THPT
Thành phố Hồ Chí Minh,Phường Hòa Hưng,Trường Trung học phổ thông Nguyễn Khuyến,THPT
Thành phố Hồ Chí Minh,Phường Hòa Hưng,Trường Trung học phổ thông Vạn Hạnh,THPT
Thành phố Hồ Chí Minh,Phường Hòa Lợi,Trường Tiểu học Tân Định,Tiểu học
Thành phố Hồ Chí Minh,Phường Hạnh Thông,Mẫu Giáo Hoa lan,Mầm non
Thành phố Hồ Chí Minh,Phường Hạnh Thông,Trường Mầm non Hồng Nhung,Mầm non
Thành phố Hồ Chí Minh,Phường Hạnh Thông,Trường Tiểu Học Lê Lợi,Tiểu học
Thành phố Hồ Chí Minh,Phường Hạnh Thông,Trường Tiểu Học Trần Quốc Toản,Tiểu học
Thành phố Hồ Chí Minh,Phường Hạnh Thông,Trường Tiểu học Hanh Thông,Tiểu học
Thành phố Hồ Chí Minh,Phường Hạnh Thông,Trường Tiểu học Trần Văn Ơn,Tiểu học
Thành phố Hồ Chí Minh,Phường Hạnh Thông,Trường Trung Học Phổ Thông Phan Văn Trị,THPT
Thành phố Hồ Chí Minh,Phường Hạnh Thông,Trường Trung học cơ sở GÒ VẤP 2,THCS
Thành phố Hồ Chí Minh,Phường Hạnh Thông,Trường Trung học cơ sở Gò Vấp,THCS
Thành phố Hồ Chí Minh,Phường Hạnh Thông,Trường Trung học cơ sở Nguyễn Văn Trỗi,THCS
Thành phố Hồ Chí Minh,Phường Hạnh Thông,Trường Trung học cơ sở Nguyễn Văn Trỗi - cơ sở 2,THCS
Thành phố Hồ Chí Minh,Phường Hạnh Thông,Trường Trung học cơ sở Phan Văn Trị,THCS
Thành phố Hồ Chí Minh,Phường Hạnh Thông,Trường Trung học cơ sở TRƯỜNG SƠN,THCS
Thành phố Hồ Chí Minh,Phường Hạnh Thông,Trường Trung học phổ thông Gò Vấp,THPT
Thành phố Hồ Chí Minh,Phường Hạnh Thông,Trường tiểu học Nguyễn Thượng Hiền,Tiểu học
Thành phố Hồ Chí Minh,Phường Khánh Hội,Trường PT Dân Lập Văn Hiến,
Thành phố Hồ Chí Minh,Phường Khánh Hội,Trường Tiểu học Bán trú Đống Đa,Tiểu học
Thành phố Hồ Chí Minh,Phường Khánh Hội,Trường Tiểu học Lý Nhơn,Tiểu học
Thành phố Hồ Chí Minh,Phường Khánh Hội,Trường Tiểu học Nguyễn Văn Trỗi,Tiểu học
Thành phố Hồ Chí Minh,Phường Khánh Hội,Trường Trung học cơ sở Chi Lăng,THCS
Thành phố Hồ Chí Minh,Phường Khánh Hội,Trường Trung học cơ sở Vân Đồn,THCS
Thành phố Hồ Chí Minh,Phường Linh Xuân,Mầm non Thỏ Ngọc,Mầm non
Thành phố Hồ Chí Minh,Phường Linh Xuân,Trường Mầm Non Vầng Dương,Mầm non
Thành phố Hồ Chí Minh,Phường Linh Xuân,Trường Mầm non Sao Sáng,Mầm non
Thành phố Hồ Chí Minh,Phường Linh Xuân,Trường Tiểu Học Nguyễn Văn Lịch,Tiểu học
Thành phố Hồ Chí Minh,Phường Linh Xuân,Trường Tiểu học Hoàng Diệu,Tiểu học
Thành phố Hồ Chí Minh,Phường Linh Xuân,Trường Tiểu học Linh Tây,Tiểu học
Thành phố Hồ Chí Minh,Phường Linh Xuân,Trường Tiểu học Nguyễn Văn Triết,Tiểu học
Thành phố Hồ Chí Minh,Phường Linh Xuân,Trường Tiểu học Xuân Hiệp - cơ sở 2,Tiểu học
Thành phố Hồ Chí Minh,Phường Linh Xuân,Trường Tiểu học Xuân Hiệp - cơ sở 3,Tiểu học
Thành phố Hồ Chí Minh,Phường Linh Xuân,Trường Tiểu học Xuân Hiệp - cơ sở chính,Tiểu học
Thành phố Hồ Chí Minh,Phường Linh Xuân,Trường Tiểu học Đỗ Tấn Phong,Tiểu học
Thành phố Hồ Chí Minh,Phường Linh Xuân,Trường Trung học cơ sở Linh Trung,THCS
Thành phố Hồ Chí Minh,Phường Linh Xuân,Trường Trung học cơ sở Nguyễn Văn Bá,THCS
Thành phố Hồ Chí Minh,Phường Linh Xuân,Trường Trung học cơ sở Trương Văn Ngư,THCS
Thành phố Hồ Chí Minh,Phường Linh Xuân,Trường Trung học cơ sở Xuân Trường,THCS
Thành phố Hồ Chí Minh,Phường Linh Xuân,Trường Trung học phổ thông Linh Trung,THPT
Thành phố Hồ Chí Minh,Phường Linh Xuân,Trường Trung học phổ thông Đào Sơn Tây,THPT
Thành phố Hồ Chí Minh,Phường Linh Xuân,Trường mầm non Linh Tây,Mầm non
Thành phố Hồ Chí Minh,Phường Linh Xuân,Trường mầm non Sao Mai,Mầm non
Thành phố Hồ Chí Minh,Phường Long Bình,Hoa Hồng,Mầm non
Thành phố Hồ Chí Minh,Phường Long Bình,Trường Mầm non Happy Preschool,Mầm non
Thành phố Hồ Chí Minh,Phường Long Bình,Trường Mầm non Long Bình,Mầm non
Thành phố Hồ Chí Minh,Phường Long Bình,Trường Mầm non Long Sơn,Mầm non
Thành phố Hồ Chí Minh,Phường Long Bình,Trường Mầm non VinSchool,Mầm non
Thành phố Hồ Chí Minh,Phường Long Bình,Trường Tiểu học Long Bình,Tiểu học
Thành phố Hồ Chí Minh,Phường Long Bình,Trường Tiểu học Long Thạnh Mỹ,Tiểu học
Thành phố Hồ Chí Minh,Phường Long Bình,Trường Tiểu học Nguyễn Khuyến,Tiểu học
Thành phố Hồ Chí Minh,Phường Long Bình,Trường Tiểu học Nguyễn Minh Quang,Tiểu học
Thành phố Hồ Chí Minh,Phường Long Bình,Trường Tiểu học Tạ Uyên,Tiểu học
Thành phố Hồ Chí Minh,Phường Long Bình,Trường Trung học cơ sở Hưng Bình,THCS
Thành phố Hồ Chí Minh,Phường Long Bình,Trường Trung học cơ sở Long Bình,THCS
Thành phố Hồ Chí Minh,Phường Long Bình,Trường Trung học phổ thông Nguyễn Huệ,THPT
Thành phố Hồ Chí Minh,Phường Long Bình,Trường Trung học phổ thông Nguyễn Văn Tăng,THPT
Thành phố Hồ Chí Minh,Phường Long Bình,Trường liên cấp Vin School Cơ sở 2,Liên cấp
Thành phố Hồ Chí Minh,Phường Long Bình,Trường liên cấp VinSchool,Liên cấp
Thành phố Hồ Chí Minh,Phường Long Bình,Trường mầm non Long Thạnh Mỹ,Mầm non
Thành phố Hồ Chí Minh,Phường Long Hương,Trường Mầm non Tân Hưng,Mầm non
Thành phố Hồ Chí Minh,Phường Long Hương,Trường Mẫu giáo Long Hương,Mầm non
Thành phố Hồ Chí Minh,Phường Long Hương,Trường Tiểu học Kim Dinh,Tiểu học
Thành phố Hồ Chí Minh,Phường Long Hương,Trường Tiểu học Long Hương,Tiểu học
Thành phố Hồ Chí Minh,Phường Long Hương,Trường Tiểu học Phan Bội Châu,Tiểu học
Thành phố Hồ Chí Minh,Phường Long Hương,Trường Tiểu học Trần Văn Quan,Tiểu học
Thành phố Hồ Chí Minh,Phường Long Hương,Trường Trung học cơ sở Nguyễn Trãi,THCS
Thành phố Hồ Chí Minh,Phường Long Hương,Trường Trung học cơ sở Trần Đại Nghĩa,THCS
Thành phố Hồ Chí Minh,Phường Long Hương,Trường Trung học cơ sở Tân Hưng,THCS
Thành phố Hồ Chí Minh,Phường Long Phước,Trường Mầm non Tam Đa,Mầm non
Thành phố Hồ Chí Minh,Phường Long Trường,Trung Học Cơ Sở Phú Hữu,THCS
Thành phố Hồ Chí Minh,Phường Long Trường,Trường Mầm Non Long Trường,Mầm non
Thành phố Hồ Chí Minh,Phường Long Trường,Trường Tiểu Học Phước Thạnh,Tiểu học
Thành phố Hồ Chí Minh,Phường Long Trường,Trường Tiểu học Phú Hữu,Tiểu học
Thành phố Hồ Chí Minh,Phường Long Trường,Trường Trung học cơ sở Long Trường,THCS
Thành phố Hồ Chí Minh,Phường Long Trường,Trường Trung học cơ sở Phú Hữu,THCS
Thành phố Hồ Chí Minh,Phường Long Trường,Trường Trung học phổ thông Long Trường,THPT
Thành phố Hồ Chí Minh,Phường Lái Thiêu,Trường Mầm Non Hoa Cúc 5,Mầm non
Thành phố Hồ Chí Minh,Phường Lái Thiêu,Trường Tiểu Học Vĩnh Phú,Tiểu học
Thành phố Hồ Chí Minh,Phường Lái Thiêu,Trường Tiểu học Bình Nhâm,Tiểu học
Thành phố Hồ Chí Minh,Phường Lái Thiêu,Trường Tiểu học Lái Thiêu,Tiểu học
Thành phố Hồ Chí Minh,Phường Lái Thiêu,Trường Tiểu học Phan Chu Trinh,Tiểu học
Thành phố Hồ Chí Minh,Phường Lái Thiêu,Trường Tiểu học Phú Long,Tiểu học
Thành phố Hồ Chí Minh,Phường Lái Thiêu,Trường Tiểu học Trần Quốc Toản,Tiểu học
Thành phố Hồ Chí Minh,Phường Lái Thiêu,Trường Trung học cơ sở Châu Văn Liêm,THCS
Thành phố Hồ Chí Minh,Phường Lái Thiêu,Trường Trung học cơ sở Nguyễn Văn Tiết,THCS
Thành phố Hồ Chí Minh,Phường Lái Thiêu,Trường Trung học cơ sở Phú Long,THCS
Thành phố Hồ Chí Minh,Phường Lái Thiêu,Trường Trung học phổ thông Nguyễn Trãi,THPT
Thành phố Hồ Chí Minh,Phường Minh Phụng,Mầm non 1,Mầm non
Thành phố Hồ Chí Minh,Phường Minh Phụng,Trường Tiểu học Hưng Việt,Tiểu học
Thành phố Hồ Chí Minh,Phường Minh Phụng,Trường Tiểu học Lê Đình Chinh,Tiểu học
Thành phố Hồ Chí Minh,Phường Minh Phụng,Trường Tiểu học Nguyễn Thi,Tiểu học
Thành phố Hồ Chí Minh,Phường Minh Phụng,Trường Tiểu học Đề Thám,Tiểu học
Thành phố Hồ Chí Minh,Phường Minh Phụng,Trường Trung học cơ sở Hậu Giang,THCS
Thành phố Hồ Chí Minh,Phường Minh Phụng,Trường Trung học cơ sở Lê Anh Xuân,THCS
Thành phố Hồ Chí Minh,Phường Minh Phụng,Trường Trung học cơ sở Nguyễn Minh Hoàng,THCS
Thành phố Hồ Chí Minh,Phường Minh Phụng,Trường Trung học phổ thông Nam Kỳ Khởi Nghĩa,THPT
Thành phố Hồ Chí Minh,Phường Nhiêu Lộc,Trường Mầm Non Tomoe House,Mầm non
Thành phố Hồ Chí Minh,Phường Nhiêu Lộc,Trường Mầm non 12,Mầm non
Thành phố Hồ Chí Minh,Phường Nhiêu Lộc,Trường Tiểu Học Trương Minh Giang,Tiểu học
Thành phố Hồ Chí Minh,Phường Nhiêu Lộc,Trường Tiểu học Kỳ Đồng,Tiểu học
Thành phố Hồ Chí Minh,Phường Nhiêu Lộc,Trường Tiểu học Trương Quyền,Tiểu học
Thành phố Hồ Chí Minh,Phường Nhiêu Lộc,Trường Tiểu học Trần Quang Diệu,Tiểu học
Thành phố Hồ Chí Minh,Phường Nhiêu Lộc,Trường Tiểu học Trần Văn Đang,Tiểu học
Thành phố Hồ Chí Minh,Phường Nhiêu Lộc,Trường Trung học cơ sở Lương Thế Vinh,THCS
Thành phố Hồ Chí Minh,Phường Nhiêu Lộc,Trường Trung học cơ sở Đoàn Thị Điểm,THCS
Thành phố Hồ Chí Minh,Phường Phú An,Trường Trung học cơ sở Phú An,THCS
Thành phố Hồ Chí Minh,Phường Phú An,Trường Trung học phổ thông Tây Nam,THPT
Thành phố Hồ Chí Minh,Phường Phú Lâm,Trường Tiểu học Him Lam,Tiểu học
Thành phố Hồ Chí Minh,Phường Phú Lâm,Trường Tiểu học Lam Sơn,Tiểu học
Thành phố Hồ Chí Minh,Phường Phú Lâm,Trường Tiểu học Phú Lâm,Tiểu học
Thành phố Hồ Chí Minh,Phường Phú Lâm,Trường Tiểu học Đặng Nguyên Cẩn,Tiểu học
Thành phố Hồ Chí Minh,Phường Phú Lâm,Trường Trung học cơ sở Đoàn Kết,THCS
Thành phố Hồ Chí Minh,Phường Phú Lâm,Trường Trung học cơ sở&Trung học phổ thông Dân Lập Đào Duy Anh,THCS
Thành phố Hồ Chí Minh,Phường Phú Lâm,Trường Trung học phổ thông Mạc Đĩnh Chi,THPT
Thành phố Hồ Chí Minh,Phường Phú Lâm,Trường Trung học phổ thông Phú Lâm,THPT
Thành phố Hồ Chí Minh,Phường Phú Lâm,Trường Trung học phổ thông Quốc Trí,THPT
Thành phố Hồ Chí Minh,Phường Phú Lâm,Trường Trung học phổ thông tư thục Phú Lâm,THPT
Thành phố Hồ Chí Minh,Phường Phú Lợi,Trường Mầm non Sen Hồng,Mầm non
Thành phố Hồ Chí Minh,Phường Phú Lợi,Trường PTTH Nguyễn Đình Chiểu,
Thành phố Hồ Chí Minh,Phường Phú Lợi,Trường Tiểu Học Hiệp Thành,Tiểu học
Thành phố Hồ Chí Minh,Phường Phú Lợi,Trường Tiểu học Phú Hòa,Tiểu học
Thành phố Hồ Chí Minh,Phường Phú Lợi,Trường Tiểu học Phú Hòa 2,Tiểu học
Thành phố Hồ Chí Minh,Phường Phú Lợi,Trường Tiểu học Phú Lợi,Tiểu học
Thành phố Hồ Chí Minh,Phường Phú Lợi,Trường Trung - Tiểu học Petrus Ký,Tiểu học
Thành phố Hồ Chí Minh,Phường Phú Lợi,Trường Trung học cơ sở Nguyễn Viết Xuân,THCS
Thành phố Hồ Chí Minh,Phường Phú Lợi,Trường Trung học cơ sở Phú Hòa,THCS
Thành phố Hồ Chí Minh,Phường Phú Lợi,Trường Trung học phổ thông Nguyễn Đình Chiểu,THPT
Thành phố Hồ Chí Minh,Phường Phú Lợi,Trường tiểu học Phú Lợi 2,Tiểu học
Thành phố Hồ Chí Minh,Phường Phú Lợi,Trường ĐH Mở (CN Bình Dương),
Thành phố Hồ Chí Minh,Phường Phú Mỹ,Trường Mầm Non Lan Anh iSchool,Mầm non
Thành phố Hồ Chí Minh,Phường Phú Mỹ,Trường Mầm non Lan Anh,Mầm non
Thành phố Hồ Chí Minh,Phường Phú Mỹ,Trường Mầm non Phú Mỹ,Mầm non
Thành phố Hồ Chí Minh,Phường Phú Mỹ,Trường Mầm non Sao Việt,Mầm non
Thành phố Hồ Chí Minh,Phường Phú Mỹ,Trường Mẫu giáo Mỹ Xuân,Mầm non
Thành phố Hồ Chí Minh,Phường Phú Mỹ,Trường Nuôi dạy trẻ Khiếm thị Hữu nghị,
Thành phố Hồ Chí Minh,Phường Phú Mỹ,Trường Tiểu học Lê Lợi,Tiểu học
Thành phố Hồ Chí Minh,Phường Phú Mỹ,Trường Tiểu học Mỹ Xuân,Tiểu học
Thành phố Hồ Chí Minh,Phường Phú Mỹ,Trường Tiểu học Mỹ Xuân 2,Tiểu học
Thành phố Hồ Chí Minh,Phường Phú Mỹ,Trường Tiểu học Nguyễn Huệ,Tiểu học
Thành phố Hồ Chí Minh,Phường Phú Mỹ,Trường Tiểu học Nguyễn Văn Trỗi,Tiểu học
Thành phố Hồ Chí Minh,Phường Phú Mỹ,Trường Tiểu học Phú Mỹ,Tiểu học
Thành phố Hồ Chí Minh,Phường Phú Mỹ,Trường Tiểu học Quang Trung,Tiểu học
Thành phố Hồ Chí Minh,Phường Phú Mỹ,Trường Trung học cơ sở Phan Bội Châu,THCS
Thành phố Hồ Chí Minh,Phường Phú Mỹ,Trường Trung học cơ sở Phan Chu Trinh,THCS
Thành phố Hồ Chí Minh,Phường Phú Mỹ,Trường Trung học cơ sở Phú Mỹ,THCS
Thành phố Hồ Chí Minh,Phường Phú Mỹ,Trường Trung học cơ sở Võ Văn Kiệt,THCS
Thành phố Hồ Chí Minh,Phường Phú Mỹ,Trường Trung học phổ thông Phú Mỹ,THPT
Thành phố Hồ Chí Minh,Phường Phú Nhuận,Trường Tiểu Học Chí Linh,Tiểu học
Thành phố Hồ Chí Minh,Phường Phú Nhuận,Trường Tiểu Học Vạn Tường,Tiểu học
Thành phố Hồ Chí Minh,Phường Phú Nhuận,Trường Tiểu học Phạm Ngọc Thạch,Tiểu học
Thành phố Hồ Chí Minh,Phường Phú Nhuận,Trường Tiểu học Đặng Văn Ngữ,Tiểu học
Thành phố Hồ Chí Minh,Phường Phú Nhuận,Trường Trung học cơ sở Ngô Tất Tố,THCS
Thành phố Hồ Chí Minh,Phường Phú Nhuận,Trường Trung học cơ sở Đào Duy Anh,THCS
Thành phố Hồ Chí Minh,Phường Phú Nhuận,Trường Trung học cơ sở&Trung học phổ thông Đăng Khoa,THCS
Thành phố Hồ Chí Minh,Phường Phú Nhuận,Trường Trung học phổ thông Hàn Thuyên,THPT
Thành phố Hồ Chí Minh,Phường Phú Nhuận,Trường Trung học phổ thông Quốc Tế TIS,THPT
Thành phố Hồ Chí Minh,Phường Phú Nhuận,Trường tiểu học Nguyễn Đình Chính,Tiểu học
Thành phố Hồ Chí Minh,Phường Phú Thuận,Trường Mầm non Hoa Hồng,Mầm non
Thành phố Hồ Chí Minh,Phường Phú Thuận,Trường Tiểu học Lê Anh Xuân,Tiểu học
Thành phố Hồ Chí Minh,Phường Phú Thuận,Trường Tiểu học Phú Thuận,Tiểu học
Thành phố Hồ Chí Minh,Phường Phú Thạnh,Trường Mầm non Hoàng Anh,Mầm non
Thành phố Hồ Chí Minh,Phường Phú Thạnh,Trường Mầm non Thiên Lý,Mầm non
Thành phố Hồ Chí Minh,Phường Phú Thạnh,Trường Tiểu Học Phan Chu Trinh,Tiểu học
Thành phố Hồ Chí Minh,Phường Phú Thạnh,Trường Tiểu học Duy Tân,Tiểu học
Thành phố Hồ Chí Minh,Phường Phú Thạnh,Trường Tiểu học Hiệp Tân,Tiểu học
Thành phố Hồ Chí Minh,Phường Phú Thạnh,Trường Tiểu học Võ Thị Sáu,Tiểu học
Thành phố Hồ Chí Minh,Phường Phú Thạnh,Trường Tiểu học Âu Cơ,Tiểu học
Thành phố Hồ Chí Minh,Phường Phú Thạnh,Trường Trung học cơ sở Tân Thới Hòa,THCS
Thành phố Hồ Chí Minh,Phường Phú Thạnh,Trường Trung học cơ sở Đồng Khởi,THCS
Thành phố Hồ Chí Minh,Phường Phú Thạnh,Trường Trung học phổ thông Quốc Văn Sài Gòn,THPT
Thành phố Hồ Chí Minh,Phường Phú Thạnh,Trường Trung học phổ thông Trần Cao Vân,THPT
Thành phố Hồ Chí Minh,Phường Phú Thọ,Trường Tiểu học Nguyễn Thị Nhỏ,Tiểu học
Thành phố Hồ Chí Minh,Phường Phú Thọ,Trường Tiểu học Phú Thọ,Tiểu học
Thành phố Hồ Chí Minh,Phường Phú Thọ,Trường Tiểu học Quyết Thắng,Tiểu học
Thành phố Hồ Chí Minh,Phường Phú Thọ,Trường Tiểu học Trưng Trắc,Tiểu học
Thành phố Hồ Chí Minh,Phường Phú Thọ,Trường Trung học cơ sở - Trung học phổ thông Dân Lập Đào Duy Anh Cơ Sở 2,THCS
Thành phố Hồ Chí Minh,Phường Phú Thọ,Trường Trung học cơ sở Lữ Gia,THCS
Thành phố Hồ Chí Minh,Phường Phú Thọ,Trường Trung học cơ sở Phú Thọ,THCS
Thành phố Hồ Chí Minh,Phường Phú Thọ,Trường Trung học phổ thông Hai Bà Trưng,THPT
Thành phố Hồ Chí Minh,Phường Phú Thọ Hòa,Trường Giáo dục thường xuyên quận Tân Phú,
Thành phố Hồ Chí Minh,Phường Phú Thọ Hòa,Trường Mầm non Nhiêu Lộc A,Mầm non
Thành phố Hồ Chí Minh,Phường Phú Thọ Hòa,Trường Mầm non Rạng Đông,Mầm non
Thành phố Hồ Chí Minh,Phường Phú Thọ Hòa,Trường Mầm non Vàng Anh,Mầm non
Thành phố Hồ Chí Minh,Phường Phú Thọ Hòa,Trường Tiểu học Lê Văn Tám,Tiểu học
Thành phố Hồ Chí Minh,Phường Phú Thọ Hòa,Trường Tiểu học Tân Hương,Tiểu học
Thành phố Hồ Chí Minh,Phường Phú Thọ Hòa,Trường Tiểu học Tân Thới,Tiểu học
Thành phố Hồ Chí Minh,Phường Phú Thọ Hòa,Trường Tiểu học Tô Vĩnh Diện,Tiểu học
Thành phố Hồ Chí Minh,Phường Phú Thọ Hòa,Trường Trung học cơ sở Lê Anh Xuân,THCS
Thành phố Hồ Chí Minh,Phường Phú Thọ Hòa,Trường Trung học cơ sở Nguyễn Huệ,THCS
Thành phố Hồ Chí Minh,Phường Phú Thọ Hòa,Trường Trung học cơ sở Phan Bội Châu,THCS
Thành phố Hồ Chí Minh,Phường Phú Thọ Hòa,Trường Trung học cơ sở Võ Thành Trang,THCS
Thành phố Hồ Chí Minh,Phường Phú Thọ Hòa,Trường Trung học phổ thông Trần Phú,THPT
Thành phố Hồ Chí Minh,Phường Phú Định,Trường Mầm non Hoa Phượng,Mầm non
Thành phố Hồ Chí Minh,Phường Phú Định,Trường Mầm non Sơn Ca,Mầm non
Thành phố Hồ Chí Minh,Phường Phú Định,Trường Tiểu học Hồng Đức,Tiểu học
Thành phố Hồ Chí Minh,Phường Phú Định,Trường Tiểu học Lý Thái Tổ,Tiểu học
Thành phố Hồ Chí Minh,Phường Phú Định,Trường Tiểu học Lưu Hữu Phước,Tiểu học
Thành phố Hồ Chí Minh,Phường Phú Định,Trường Tiểu học Nguyễn Công Trứ,Tiểu học
Thành phố Hồ Chí Minh,Phường Phú Định,Trường Tiểu học Nguyễn Nhược Thị,Tiểu học
Thành phố Hồ Chí Minh,Phường Phú Định,Trường Tiểu học Trần Nguyên Hãn,Tiểu học
Thành phố Hồ Chí Minh,Phường Phú Định,Trường Tiểu học Tuy Lý Vương,Tiểu học
Thành phố Hồ Chí Minh,Phường Phú Định,Trường Trung Học Phổ Thông Nguyễn Thị Định,THPT
Thành phố Hồ Chí Minh,Phường Phú Định,Trường Trung học cơ sở Bình Đông,THCS
Thành phố Hồ Chí Minh,Phường Phú Định,Trường Trung học cơ sở Tùng Thiện Vương,THCS
Thành phố Hồ Chí Minh,Phường Phú Định,Trường Trung học phổ thông Chuyên năng khiếu TDTT Nguyễn Thị Định,THPT
Thành phố Hồ Chí Minh,Phường Phú Định,Trường Trung học phổ thông Ngô Gia Tự,THPT
Thành phố Hồ Chí Minh,Phường Phú Định,Trường Trung học phổ thông Võ Văn Kiệt,THPT
Thành phố Hồ Chí Minh,Phường Phước Long,"Trường Mầm Non Pathway Tuệ Đức - Cơ sở Fuji Nam Long, Thành phố Thủ Đức",Mầm non
Thành phố Hồ Chí Minh,Phường Phước Long,Trường Mẫu giáo Phước Bình,Mầm non
Thành phố Hồ Chí Minh,Phường Phước Long,Trường Tiểu Học Phước Bình,Tiểu học
Thành phố Hồ Chí Minh,Phường Phước Long,Trường Tiểu học Nguyễn Văn Bá,Tiểu học
Thành phố Hồ Chí Minh,Phường Phước Long,Trường Tiểu học Phước Long A,Tiểu học
Thành phố Hồ Chí Minh,Phường Phước Long,Trường Trung học cơ sở & Trung học phổ thông Hồng Đức,THCS
Thành phố Hồ Chí Minh,Phường Phước Long,"Trường Trung học cơ sở - Trung học phổ thông Pathway Tuệ Đức - Cơ sở Đỗ Xuân Hợp, Thủ Đức",THCS
Thành phố Hồ Chí Minh,Phường Phước Long,Trường Trung học cơ sở Phước Bình,THCS
Thành phố Hồ Chí Minh,Phường Phước Long,Trường Trung học cơ sở Đặng Tấn Tài,THCS
Thành phố Hồ Chí Minh,Phường Phước Long,Trường Trung học phổ thông Ngô Thời Nhiệm,THPT
Thành phố Hồ Chí Minh,Phường Phước Long,Trường Trung học phổ thông Phước Long,THPT
Thành phố Hồ Chí Minh,Phường Phước Long,Trường Tư thục Ngô Thời Nhiệm,
Thành phố Hồ Chí Minh,Phường Phước Thắng,Trường Mầm Non Hoa Mai,Mầm non
Thành phố Hồ Chí Minh,Phường Phước Thắng,Trường Mầm non 2 tháng 9,Mầm non
Thành phố Hồ Chí Minh,Phường Phước Thắng,Trường Mầm non 30-4,Mầm non
Thành phố Hồ Chí Minh,Phường Phước Thắng,Trường Mầm non Bình Dương,Mầm non
Thành phố Hồ Chí Minh,Phường Phước Thắng,Trường Mầm non Cỏ May,Mầm non
Thành phố Hồ Chí Minh,Phường Phước Thắng,Trường Mầm non Hoa Mai Cơ sở 2,Mầm non
Thành phố Hồ Chí Minh,Phường Phước Thắng,Trường Mầm non Phước An,Mầm non
Thành phố Hồ Chí Minh,Phường Phước Thắng,Trường Mầm non Phước Thắng,Mầm non
Thành phố Hồ Chí Minh,Phường Phước Thắng,Trường Tiểu học Hải Nam,Tiểu học
Thành phố Hồ Chí Minh,Phường Phước Thắng,Trường Tiểu học Nguyễn Bỉnh Khiêm,Tiểu học
Thành phố Hồ Chí Minh,Phường Phước Thắng,Trường Tiểu học Phước An,Tiểu học
Thành phố Hồ Chí Minh,Phường Phước Thắng,Trường Tiểu học Phước Thắng,Tiểu học
Thành phố Hồ Chí Minh,Phường Phước Thắng,Trường Tiểu học Võ Nguyên Giáp,Tiểu học
Thành phố Hồ Chí Minh,Phường Phước Thắng,Trường Trung học cơ sở Lương Thế Vinh,THCS
Thành phố Hồ Chí Minh,Phường Phước Thắng,Trường Trung học cơ sở Nguyễn Gia Thiều,THCS
Thành phố Hồ Chí Minh,Phường Phước Thắng,Trường Trung học cơ sở Phước Thắng,THCS
Thành phố Hồ Chí Minh,Phường Phước Thắng,Trường Trung học phổ thông Nguyễn Khuyến BRVT,THPT
Thành phố Hồ Chí Minh,Phường Phước Thắng,Trường Trung học phổ thông chuyên Lê Quý Đôn,THPT
Thành phố Hồ Chí Minh,Phường Sài Gòn,Truờng Mẫu Giáo Sapa,Mầm non
Thành phố Hồ Chí Minh,Phường Sài Gòn,Trường Mầm non 30-4,Mầm non
Thành phố Hồ Chí Minh,Phường Sài Gòn,Trường Mầm non Hoa Lư,Mầm non
Thành phố Hồ Chí Minh,Phường Sài Gòn,Trường Mầm non Lê Thị Riêng,Mầm non
Thành phố Hồ Chí Minh,Phường Sài Gòn,Trường Mầm non Lê Thị Riêng (điểm 2),Mầm non
Thành phố Hồ Chí Minh,Phường Sài Gòn,Trường Tiểu học Hoà Bình,Tiểu học
Thành phố Hồ Chí Minh,Phường Sài Gòn,Trường Tiểu học Nguyễn Bỉnh Khiêm,Tiểu học
Thành phố Hồ Chí Minh,Phường Sài Gòn,Trường Trung học cơ sở Võ Trường Toản,THCS
Thành phố Hồ Chí Minh,Phường Sài Gòn,Trường Trung học cơ sở và Trung học phổ thông Trần Đại Nghĩa,THCS
Thành phố Hồ Chí Minh,Phường Sài Gòn,Trường Trung học phổ thông Trưng Vương,THPT
Thành phố Hồ Chí Minh,Phường Sài Gòn,Vinschool Golden River,
Thành phố Hồ Chí Minh,Phường Tam Bình,Nhà trẻ Bình Chiểu,Mầm non
Thành phố Hồ Chí Minh,Phường Tam Bình,Trường Tiểu học Bình Chiểu,Tiểu học
Thành phố Hồ Chí Minh,Phường Tam Bình,Trường Tiểu học Nguyễn Văn Tây,Tiểu học
Thành phố Hồ Chí Minh,Phường Tam Bình,Trường Tiểu học Tam Bình,Tiểu học
Thành phố Hồ Chí Minh,Phường Tam Bình,Trường Tiểu học Thái Văn Lung,Tiểu học
Thành phố Hồ Chí Minh,Phường Tam Bình,Trường Tiểu học Trương Văn Hải,Tiểu học
Thành phố Hồ Chí Minh,Phường Tam Bình,Trường Tiểu học Trần Văn Vân,Tiểu học
Thành phố Hồ Chí Minh,Phường Tam Bình,Trường Trung học cơ sở Bình Chiểu,THCS
Thành phố Hồ Chí Minh,Phường Tam Bình,Trường Trung học cơ sở Tam Bình,THCS
Thành phố Hồ Chí Minh,Phường Tam Bình,Trường Trung học cơ sở Thái Văn Lung,THCS
Thành phố Hồ Chí Minh,Phường Tam Bình,Trường Trung học phổ thông Bình Chiểu,THPT
Thành phố Hồ Chí Minh,Phường Tam Bình,Trường Trung học phổ thông Tam Phú,THPT
Thành phố Hồ Chí Minh,Phường Tam Bình,Trường mầm non Tam Phú,Mầm non
Thành phố Hồ Chí Minh,Phường Tam Long,Trường Mầm non Hoà Long,Mầm non
Thành phố Hồ Chí Minh,Phường Tam Long,Trường Mầm non Long Phước,Mầm non
Thành phố Hồ Chí Minh,Phường Tam Long,Trường Mầm non Long Tâm,Mầm non
Thành phố Hồ Chí Minh,Phường Tam Long,Trường Mầm non Long Xuyên,Mầm non
Thành phố Hồ Chí Minh,Phường Tam Long,Trường Nuôi dạy trẻ Khuyết tật,
Thành phố Hồ Chí Minh,Phường Tam Long,Trường Tiểu học Hòa Long,Tiểu học
Thành phố Hồ Chí Minh,Phường Tam Long,Trường Tiểu học Long Phước,Tiểu học
Thành phố Hồ Chí Minh,Phường Tam Long,Trường Tiểu học Lê Lợi,Tiểu học
Thành phố Hồ Chí Minh,Phường Tam Long,Trường Tiểu học Nguyễn Minh Khanh,Tiểu học
Thành phố Hồ Chí Minh,Phường Tam Long,Trường Trung học cơ sở Dương Văn Mạnh,THCS
Thành phố Hồ Chí Minh,Phường Tam Long,Trường Trung học cơ sở Nguyễn Quang Cường,THCS
Thành phố Hồ Chí Minh,Phường Tam Long,Trường Trung học cơ sở Nguyễn Thanh Đằng,THCS
Thành phố Hồ Chí Minh,Phường Tam Long,Trường Trung học phổ thông Nguyễn Bỉnh Khiêm,THPT
Thành phố Hồ Chí Minh,Phường Tam Thắng,Trường Mầm non Hoa Phượng Đỏ,Mầm non
Thành phố Hồ Chí Minh,Phường Tam Thắng,Trường Mầm non Hương Sen,Mầm non
Thành phố Hồ Chí Minh,Phường Tam Thắng,Trường Mầm non Phường 8,Mầm non
Thành phố Hồ Chí Minh,Phường Tam Thắng,Trường Quốc tế Singapore,
Thành phố Hồ Chí Minh,Phường Tam Thắng,Trường Tiểu học - Trung học cơ sở - Trung học phổ thông Khai Nguyên - Vũng Tàu,Liên cấp
Thành phố Hồ Chí Minh,Phường Tam Thắng,Trường Tiểu học Lê Lợi,Tiểu học
Thành phố Hồ Chí Minh,Phường Tam Thắng,Trường Tiểu học Lý Tự Trọng,Tiểu học
Thành phố Hồ Chí Minh,Phường Tam Thắng,Trường Tiểu học Nguyễn Viết Xuân,Tiểu học
Thành phố Hồ Chí Minh,Phường Tam Thắng,Trường Tiểu học Quang Trung,Tiểu học
Thành phố Hồ Chí Minh,Phường Tam Thắng,Trường Tiểu học Song ngữ Vũng Tàu,Tiểu học
Thành phố Hồ Chí Minh,Phường Tam Thắng,Trường Tiểu học Trưng Vương,Tiểu học
Thành phố Hồ Chí Minh,Phường Tam Thắng,Trường Tiểu học Trương Công Định,Tiểu học
Thành phố Hồ Chí Minh,Phường Tam Thắng,Trường Trung học cơ sở Nguyễn An Ninh,THCS
Thành phố Hồ Chí Minh,Phường Tam Thắng,Trường Trung học cơ sở Nguyễn Văn Linh,THCS
Thành phố Hồ Chí Minh,Phường Tam Thắng,Trường Trung học cơ sở Trần Phú,THCS
Thành phố Hồ Chí Minh,Phường Tam Thắng,Trường Trung học cơ sở Võ Trường Toản,THCS
Thành phố Hồ Chí Minh,Phường Tam Thắng,Trường Trung học phổ thông Dân lập Lê Hồng Phong,THPT
Thành phố Hồ Chí Minh,Phường Tam Thắng,Trường Trung học phổ thông Trần Nguyên Hãn,THPT
Thành phố Hồ Chí Minh,Phường Tam Thắng,Trường Trung học phổ thông Vũng Tàu,THPT
Thành phố Hồ Chí Minh,Phường Tam Thắng,Trường Vietsovpetro,
Thành phố Hồ Chí Minh,Phường Thuận An,Trường Tiểu học Hưng Định,Tiểu học
Thành phố Hồ Chí Minh,Phường Thuận An,Trường Tiểu học Lý Tự Trọng,Tiểu học
Thành phố Hồ Chí Minh,Phường Thuận An,Trường Tiểu học Lương Thế Vinh,Tiểu học
Thành phố Hồ Chí Minh,Phường Thuận An,Trường Trung học cơ sở Lý Tự Trọng,THCS
Thành phố Hồ Chí Minh,Phường Thuận An,Trường Trung học cơ sở Nguyễn Trung Trực,THCS
Thành phố Hồ Chí Minh,Phường Thuận An,Trường Trung học cơ sở Trịnh Hoài Đức,THCS
Thành phố Hồ Chí Minh,Phường Thuận An,Trường Trung học phổ thông Trịnh Hoài Đức,THPT
Thành phố Hồ Chí Minh,Phường Thuận Giao,Trường Mầm Non Hài Mỹ,Mầm non
Thành phố Hồ Chí Minh,Phường Thuận Giao,Trường Tiểu Học Thuận Giao,Tiểu học
Thành phố Hồ Chí Minh,Phường Thuận Giao,Trường Tiểu học Bán trú Bình Chuẩn,Tiểu học
Thành phố Hồ Chí Minh,Phường Thuận Giao,Trường Tiểu học Bình Chuẩn,Tiểu học
Thành phố Hồ Chí Minh,Phường Thuận Giao,Trường Tiểu học Bình Quới,Tiểu học
Thành phố Hồ Chí Minh,Phường Thuận Giao,Trường Tiểu học Đức Trí,Tiểu học
Thành phố Hồ Chí Minh,Phường Thuận Giao,Trường Trung học cơ sở & Trung học phổ thông Đức Trí,THCS
Thành phố Hồ Chí Minh,Phường Thuận Giao,Trường Trung học phổ thông Trần Văn Ơn,THPT
Thành phố Hồ Chí Minh,Phường Thông Tây Hội,Trường Mầm Non Mèo Kitty,Mầm non
Thành phố Hồ Chí Minh,Phường Thông Tây Hội,Trường Mầm non Hương Sen,Mầm non
Thành phố Hồ Chí Minh,Phường Thông Tây Hội,Trường Mầm non Hạnh Thông Tây,Mầm non
Thành phố Hồ Chí Minh,Phường Thông Tây Hội,Trường Tiểu Học Bán Trú - Nội Trú Nhật Tân,Tiểu học
Thành phố Hồ Chí Minh,Phường Thông Tây Hội,Trường Tiểu học An Hội,Tiểu học
Thành phố Hồ Chí Minh,Phường Thông Tây Hội,Trường Tiểu học Chi Lăng,Tiểu học
Thành phố Hồ Chí Minh,Phường Thông Tây Hội,Trường Tiểu học Lương Thế Vinh,Tiểu học
Thành phố Hồ Chí Minh,Phường Thông Tây Hội,Trường Tiểu học Nguyễn Thị Minh Khai,Tiểu học
Thành phố Hồ Chí Minh,Phường Thông Tây Hội,Trường Trung học cơ sở Nguyễn Du,THCS
Thành phố Hồ Chí Minh,Phường Thông Tây Hội,Trường Trung học cơ sở Phạm Văn Chiêu,THCS
Thành phố Hồ Chí Minh,Phường Thông Tây Hội,Trường Trung học cơ sở Thông Tây Hội,THCS
Thành phố Hồ Chí Minh,Phường Thông Tây Hội,Trường Trung học cơ sở Thông Tây Hội (cơ sở 2),THCS
Thành phố Hồ Chí Minh,Phường Thông Tây Hội,Trường Trung học phổ thông Nguyễn Công Trứ,THPT
Thành phố Hồ Chí Minh,Phường Thông Tây Hội,Trường Trung học phổ thông PHÙNG HƯNG,THPT
Thành phố Hồ Chí Minh,Phường Thạnh Mỹ Tây,International School Saigon Pearl,
Thành phố Hồ Chí Minh,Phường Thạnh Mỹ Tây,Trường Mầm Non Tây Úc,Mầm non
Thành phố Hồ Chí Minh,Phường Thạnh Mỹ Tây,Trường Tiểu Học Phù Đổng,Tiểu học
Thành phố Hồ Chí Minh,Phường Thạnh Mỹ Tây,Trường Tiểu học Cửu Long,Tiểu học
Thành phố Hồ Chí Minh,Phường Thạnh Mỹ Tây,Trường Tiểu học Thạnh Mỹ Tây,Tiểu học
Thành phố Hồ Chí Minh,Phường Thạnh Mỹ Tây,Trường Tiểu học Đống Đa,Tiểu học
Thành phố Hồ Chí Minh,Phường Thạnh Mỹ Tây,Trường Trung học cơ sở Cửu Long,THCS
Thành phố Hồ Chí Minh,Phường Thạnh Mỹ Tây,Trường Trung học cơ sở Phú Mỹ,THCS
Thành phố Hồ Chí Minh,Phường Thạnh Mỹ Tây,Trường Trung học cơ sở Đống Đa,THCS
Thành phố Hồ Chí Minh,Phường Thạnh Mỹ Tây,Trường Trung học phổ thông Gia Định,THPT
Thành phố Hồ Chí Minh,Phường Thới An,Trường Mầm Non Bé Xuka,Mầm non
Thành phố Hồ Chí Minh,Phường Thới An,"Trường Mầm non Pathway Tuệ Đức - Cơ sở Lê Thị Riêng, Quận 12",Mầm non
Thành phố Hồ Chí Minh,Phường Thới An,Trường Tiểu học Kim Đồng,Tiểu học
Thành phố Hồ Chí Minh,Phường Thới An,Trường Tiểu học Trần Quốc Toản,Tiểu học
Thành phố Hồ Chí Minh,Phường Thới An,Trường Trung Học Cơ Sở Lương Thế Vinh,THCS
Thành phố Hồ Chí Minh,Phường Thới An,Trường Trung học cơ sở Nguyễn Trung Trực,THCS
Thành phố Hồ Chí Minh,Phường Thới An,Trường Trung học cơ sở Tô Ngọc Vân,THCS
Thành phố Hồ Chí Minh,Phường Thới Hòa,Trường Tiểu Học Duy Tân,Tiểu học
Thành phố Hồ Chí Minh,Phường Thủ Dầu Một,Trường Mầm non Hoa Hướng Dương,Mầm non
Thành phố Hồ Chí Minh,Phường Thủ Dầu Một,Trường Mầm non Lê Thị Riêng,Mầm non
Thành phố Hồ Chí Minh,Phường Thủ Dầu Một,Trường Mầm non Tuổi Xanh,Mầm non
Thành phố Hồ Chí Minh,Phường Thủ Dầu Một,Trường Mẫu giáo Măng Non,Mầm non
Thành phố Hồ Chí Minh,Phường Thủ Dầu Một,Trường Tiểu học Bán trú Lê Hồng Phong,Tiểu học
Thành phố Hồ Chí Minh,Phường Thủ Dầu Một,Trường Tiểu học Chánh Mỹ,Tiểu học
Thành phố Hồ Chí Minh,Phường Thủ Dầu Một,Trường Tiểu học Chánh Nghĩa,Tiểu học
Thành phố Hồ Chí Minh,Phường Thủ Dầu Một,Trường Tiểu học Hiệp Thành 2,Tiểu học
Thành phố Hồ Chí Minh,Phường Thủ Dầu Một,Trường Tiểu học Nguyễn Du,Tiểu học
Thành phố Hồ Chí Minh,Phường Thủ Dầu Một,Trường Tiểu học Nguyễn Trãi,Tiểu học
Thành phố Hồ Chí Minh,Phường Thủ Dầu Một,Trường Tiểu học Trần Phú,Tiểu học
Thành phố Hồ Chí Minh,Phường Thủ Dầu Một,Trường Trung học cơ sở Chu Văn An,THCS
Thành phố Hồ Chí Minh,Phường Thủ Dầu Một,Trường Trung học cơ sở Chánh Nghĩa,THCS
Thành phố Hồ Chí Minh,Phường Thủ Dầu Một,Trường Trung học cơ sở Nguyễn Thị Minh Khai,THCS
Thành phố Hồ Chí Minh,Phường Thủ Dầu Một,Trường Trung học cơ sở Nguyễn Văn Cừ,THCS
Thành phố Hồ Chí Minh,Phường Thủ Dầu Một,Trường Trung học phổ thông Phú Cường,THPT
Thành phố Hồ Chí Minh,Phường Thủ Dầu Một,Trường Trung học phổ thông Võ Mình Đức,THPT
Thành phố Hồ Chí Minh,Phường Thủ Dầu Một,Trường Trung học phổ thông chuyên Hùng Vương,THPT
Thành phố Hồ Chí Minh,Phường Thủ Dầu Một,Trường tiểu học - Trung học cơ sở Pétrus Ký,Liên cấp
Thành phố Hồ Chí Minh,Phường Thủ Đức,Mầm non Vành Khuyên,Mầm non
Thành phố Hồ Chí Minh,Phường Thủ Đức,Trường Mầm Non Bình Thọ,Mầm non
Thành phố Hồ Chí Minh,Phường Thủ Đức,Trường Mầm non Linh Chiểu,Mầm non
Thành phố Hồ Chí Minh,Phường Thủ Đức,"Trường Mầm non Pathway Tuệ Đức - Cơ sở Đoàn Kết, Thành phố Thủ Đức",Mầm non
Thành phố Hồ Chí Minh,Phường Thủ Đức,Trường Mầm non Thanh Tâm,Mầm non
Thành phố Hồ Chí Minh,Phường Thủ Đức,Trường Tiểu Học Từ Đức - Cơ sở 1,Tiểu học
Thành phố Hồ Chí Minh,Phường Thủ Đức,Trường Tiểu học Linh Chiểu,Tiểu học
Thành phố Hồ Chí Minh,Phường Thủ Đức,Trường Tiểu học Lương Thế Vinh,Tiểu học
Thành phố Hồ Chí Minh,Phường Thủ Đức,Trường Tiểu học Nguyễn Trung Trực,Tiểu học
Thành phố Hồ Chí Minh,Phường Thủ Đức,Trường Tiểu học Nguyễn Văn Banh,Tiểu học
Thành phố Hồ Chí Minh,Phường Thủ Đức,Trường Tiểu học Từ Đức - Cơ sở 2,Tiểu học
Thành phố Hồ Chí Minh,Phường Thủ Đức,Trường Trung học cơ sở Bình Thọ,THCS
Thành phố Hồ Chí Minh,Phường Thủ Đức,Trường Trung học cơ sở Lê Quý Đôn,THCS
Thành phố Hồ Chí Minh,Phường Thủ Đức,Trường Trung học cơ sở Lê Văn Việt,THCS
Thành phố Hồ Chí Minh,Phường Thủ Đức,Trường Trung học cơ sở Trương Văn Ngư,THCS
Thành phố Hồ Chí Minh,Phường Thủ Đức,Trường Trung học cơ sở Trường Thọ,THCS
Thành phố Hồ Chí Minh,Phường Thủ Đức,Trường Trung học phổ thông An Dương Vương,THPT
Thành phố Hồ Chí Minh,Phường Thủ Đức,Trường Trung học phổ thông Nguyễn Hữu Huân,THPT
Thành phố Hồ Chí Minh,Phường Thủ Đức,Trường Trung học phổ thông Thủ Đức,THPT
Thành phố Hồ Chí Minh,Phường Thủ Đức,Trường mầm non Hoa Mặt Trời,Mầm non
Thành phố Hồ Chí Minh,Phường Trung Mỹ Tây,Trường Mầm Non Tư Thục Quang Trung,Mầm non
Thành phố Hồ Chí Minh,Phường Trung Mỹ Tây,Trường THCS Nguyễn An Ninh,THCS
Thành phố Hồ Chí Minh,Phường Trung Mỹ Tây,Trường Tiểu học Quang Trung,Tiểu học
Thành phố Hồ Chí Minh,Phường Trung Mỹ Tây,Trường Tiểu học Trần Quang Cơ,Tiểu học
Thành phố Hồ Chí Minh,Phường Trung Mỹ Tây,Trường Trung học cơ sở Nguyễn An Ninh,THCS
Thành phố Hồ Chí Minh,Phường Trung Mỹ Tây,Trường Trung học cơ sở Trần Quang Khải,THCS
Thành phố Hồ Chí Minh,Phường Tân Bình,Mầm non Bàu Cát,Mầm non
Thành phố Hồ Chí Minh,Phường Tân Bình,Trường Mầm non 13,Mầm non
Thành phố Hồ Chí Minh,Phường Tân Bình,Trường Mầm non song ngữ ICA,Mầm non
Thành phố Hồ Chí Minh,Phường Tân Bình,Trường Tiểu học - Trung học cơ sở Khai Nguyên - Cơ sở Quận Tân Bình,Liên cấp
Thành phố Hồ Chí Minh,Phường Tân Bình,Trường Tiểu học Sơn Cang,Tiểu học
Thành phố Hồ Chí Minh,Phường Tân Bình,Trường Tiểu học Thân Nhân Trung,Tiểu học
Thành phố Hồ Chí Minh,Phường Tân Bình,Trường Tiểu học Trần Quốc Toản,Tiểu học
Thành phố Hồ Chí Minh,Phường Tân Bình,Trường Tiểu học Yên Thế,Tiểu học
Thành phố Hồ Chí Minh,Phường Tân Bình,Trường Trung học cơ sở Hoàng Hoa Thám,THCS
Thành phố Hồ Chí Minh,Phường Tân Bình,Trường Trung học cơ sở&Trung học phổ thông Nguyễn Khuyến Cơ Sở 2,THCS
Thành phố Hồ Chí Minh,Phường Tân Bình,Trường Trung học cơ sở&Trung học phổ thông Nguyễn Khuyến Cơ Sở 3A,THCS
Thành phố Hồ Chí Minh,Phường Tân Bình,Trường Trung học cơ sở-Trung học phổ thông Nguyễn Khuyến (cơ sở 3B),THCS
Thành phố Hồ Chí Minh,Phường Tân Bình,Trường Trung học phổ thông Nguyễn Chí Thanh,THPT
Thành phố Hồ Chí Minh,Phường Tân Bình,Trường Trung học phổ thông Việt Thanh,THPT
Thành phố Hồ Chí Minh,Phường Tân Bình,Trường esuhai,
Thành phố Hồ Chí Minh,Phường Tân Hòa,Trường Mầm non Sơn Ca,Mầm non
Thành phố Hồ Chí Minh,Phường Tân Hòa,Trường Tiểu Học Chi Lăng,Tiểu học
Thành phố Hồ Chí Minh,Phường Tân Hòa,Trường Tiểu Học Ngọc Hồi,Tiểu học
Thành phố Hồ Chí Minh,Phường Tân Hòa,Trường Tiểu Học Đức Trí,Tiểu học
Thành phố Hồ Chí Minh,Phường Tân Hòa,Trường Tiểu học Hùng Vương,Tiểu học
Thành phố Hồ Chí Minh,Phường Tân Hòa,Trường Tiểu học Trần Văn Ơn,Tiểu học
Thành phố Hồ Chí Minh,Phường Tân Hòa,Trường Trung học cơ sở Lý Thường Kiệt,THCS
Thành phố Hồ Chí Minh,Phường Tân Hòa,Trường Trung học cơ sở Mạc Đĩnh Chi,THCS
Thành phố Hồ Chí Minh,Phường Tân Hòa,Trường Trung học cơ sở Nguyễn Gia Thiều,THCS
Thành phố Hồ Chí Minh,Phường Tân Hòa,Trường Trung học cơ sở Phạm Ngọc Thạch,THCS
Thành phố Hồ Chí Minh,Phường Tân Hòa,Trường Trung học cơ sở Trần Văn Đang,THCS
Thành phố Hồ Chí Minh,Phường Tân Hòa,Trường Trung học phổ thông Nguyễn Thái Bình,THPT
Thành phố Hồ Chí Minh,Phường Tân Hòa,Trường tiểu học Đống Đa,Tiểu học
Thành phố Hồ Chí Minh,Phường Tân Hưng,Trường Mầm Non Mặt Trời Bé Con,Mầm non
Thành phố Hồ Chí Minh,Phường Tân Hưng,Trường Mầm non Chuyện Nhỏ,Mầm non
Thành phố Hồ Chí Minh,Phường Tân Hưng,Trường Mầm non Ngôi Sao Tuổi Thơ - Tiểu học - Trung học cơ sở - Trung học phổ thông Hoàng Gia,Liên cấp
Thành phố Hồ Chí Minh,Phường Tân Hưng,Trường Mầm non Tân Phong,Mầm non
Thành phố Hồ Chí Minh,Phường Tân Hưng,Trường Quốc tế Việt Nam - Phần Lan,
Thành phố Hồ Chí Minh,Phường Tân Hưng,Trường Quốc tế Việt Úc (VAS) - Cơ sở Sunrise,
Thành phố Hồ Chí Minh,Phường Tân Hưng,Trường Tiểu Học Đinh Bộ Lĩnh,Tiểu học
Thành phố Hồ Chí Minh,Phường Tân Hưng,Trường Tiểu học - Trung học cơ sở - Trung học phổ thông Sao Việt,Liên cấp
Thành phố Hồ Chí Minh,Phường Tân Hưng,Trường Tiểu học Lương Thế Vinh,Tiểu học
Thành phố Hồ Chí Minh,Phường Tân Hưng,Trường Tiểu học Vỗ Thị Sáu,Tiểu học
Thành phố Hồ Chí Minh,Phường Tân Hưng,Trường Trung học cơ sở Nguyễn Hữu Thọ,THCS
Thành phố Hồ Chí Minh,Phường Tân Hưng,Trường Trung học cơ sở Nguyễn Thị Thập,THCS
Thành phố Hồ Chí Minh,Phường Tân Hưng,Trường Trung học cơ sở Trung học phổ thông Đinh Thiện Lý,THCS
Thành phố Hồ Chí Minh,Phường Tân Hưng,Trường Trung học phổ thông Lê Thánh Tôn,THPT
Thành phố Hồ Chí Minh,Phường Tân Hưng,Trường Trung học phổ thông Tân Phong,THPT
Thành phố Hồ Chí Minh,Phường Tân Hưng,Trường tiểu học Tân Quy,Tiểu học
Thành phố Hồ Chí Minh,Phường Tân Hưng,Trường Đinh Thiện Lý,
Thành phố Hồ Chí Minh,Phường Tân Hải,Trường Tiểu học Chu Hải,Tiểu học
Thành phố Hồ Chí Minh,Phường Tân Hải,Trường Tiểu học Trần Quốc Toản,Tiểu học
Thành phố Hồ Chí Minh,Phường Tân Hải,Trường Tiểu học Tân Hòa,Tiểu học
Thành phố Hồ Chí Minh,Phường Tân Hải,Trường Trung học cơ sở Hùng Vương,THCS
Thành phố Hồ Chí Minh,Phường Tân Hải,Trường Trung học cơ sở Lê Hồng Phong,THCS
Thành phố Hồ Chí Minh,Phường Tân Hải,Trường Trung học phổ thông Trần Hưng Đạo,THPT
Thành phố Hồ Chí Minh,Phường Tân Hải,Trường dạy lái Hải Vân,
Thành phố Hồ Chí Minh,Phường Tân Hải,hoa mặt trời,Mầm non
Thành phố Hồ Chí Minh,Phường Tân Khánh,Trường Mầm non Thạnh Phước,Mầm non
Thành phố Hồ Chí Minh,Phường Tân Khánh,Trường Tiểu Học Thạnh Phước,Tiểu học
Thành phố Hồ Chí Minh,Phường Tân Khánh,Trường Tiểu học Tân Phước Khánh A,Tiểu học
Thành phố Hồ Chí Minh,Phường Tân Khánh,Trường Tiểu học Tân Vĩnh Hiệp A,Tiểu học
Thành phố Hồ Chí Minh,Phường Tân Khánh,Trường Trung học cơ sở Nguyễn Quốc Phú,THCS
Thành phố Hồ Chí Minh,Phường Tân Khánh,Trường Trung học cơ sở Thái Hoà,THCS
Thành phố Hồ Chí Minh,Phường Tân Khánh,Trường Trung học cơ sở Tân Phước Khánh,THCS
Thành phố Hồ Chí Minh,Phường Tân Khánh,Trường Trung học phổ thông Thái Hoà,THPT
Thành phố Hồ Chí Minh,Phường Tân Khánh,Trường Trung học phổ thông Tân Phước Khánh,THPT
Thành phố Hồ Chí Minh,Phường Tân Mỹ,Trường BC Nam Sài Gòn,
Thành phố Hồ Chí Minh,Phường Tân Mỹ,Trường Hàn Quốc HCMC Korean School,
Thành phố Hồ Chí Minh,Phường Tân Mỹ,Trường Mầm Non Hoàng Anh,Mầm non
Thành phố Hồ Chí Minh,Phường Tân Mỹ,Trường Mầm non Bông Hoa Nhỏ,Mầm non
Thành phố Hồ Chí Minh,Phường Tân Mỹ,Trường Mầm non Canada- Việt Nam,Mầm non
Thành phố Hồ Chí Minh,Phường Tân Mỹ,Trường Mầm non Nam Sài Gòn,Mầm non
Thành phố Hồ Chí Minh,Phường Tân Mỹ,Trường Mầm non Phú Mỹ,Mầm non
Thành phố Hồ Chí Minh,Phường Tân Mỹ,Trường Nhật Bản Thành phố Hồ Chí Minh,
Thành phố Hồ Chí Minh,Phường Tân Mỹ,Trường Quốc tế Canada,
Thành phố Hồ Chí Minh,Phường Tân Mỹ,Trường Quốc tế Hàn Quốc,
Thành phố Hồ Chí Minh,Phường Tân Mỹ,Trường Quốc tế Việt Úc - Cơ sở Riverside,
Thành phố Hồ Chí Minh,Phường Tân Mỹ,Trường Quốc tế Đài Loan,
Thành phố Hồ Chí Minh,Phường Tân Mỹ,Trường Tiểu Học Lê Văn Tám,Tiểu học
Thành phố Hồ Chí Minh,Phường Tân Mỹ,Trường Tiểu học Phú Mỹ,Tiểu học
Thành phố Hồ Chí Minh,Phường Tân Mỹ,Trường Tiểu học Phạm Hữu Lầu,Tiểu học
Thành phố Hồ Chí Minh,Phường Tân Mỹ,Trường Tiểu học Đinh Bộ Lĩnh,Tiểu học
Thành phố Hồ Chí Minh,Phường Tân Mỹ,Trường Trung học cơ sở Hoàng Quốc Việt,THCS
Thành phố Hồ Chí Minh,Phường Tân Mỹ,Trường Trung học cơ sở Phạm Hữu Lầu,THCS
Thành phố Hồ Chí Minh,Phường Tân Mỹ,Trường Trung học phổ thông Nam Sài Gòn,THPT
Thành phố Hồ Chí Minh,Phường Tân Mỹ,Trường Trung học phổ thông Ngô Quyền,THPT
Thành phố Hồ Chí Minh,Phường Tân Mỹ,Trường Đinh Thiện Lý,
Thành phố Hồ Chí Minh,Phường Tân Phú,Trường Mầm non Hướng Dương,Mầm non
Thành phố Hồ Chí Minh,Phường Tân Phú,Trường Tiểu học Huỳnh Văn Chính,Tiểu học
Thành phố Hồ Chí Minh,Phường Tân Phú,Trường Tiểu học Hồ Văn Cường,Tiểu học
Thành phố Hồ Chí Minh,Phường Tân Phú,Trường Tiểu học Tân Hóa,Tiểu học
Thành phố Hồ Chí Minh,Phường Tân Phú,Trường Tiểu học-Trung học cơ sở Hồng Ngọc,Liên cấp
Thành phố Hồ Chí Minh,Phường Tân Phú,Trường Trung học cơ sở - Trung học phổ thông Tân Phú,THCS
Thành phố Hồ Chí Minh,Phường Tân Phú,Trường Trung học cơ sở Hoàng Diệu,THCS
Thành phố Hồ Chí Minh,Phường Tân Phú,Trường Trung học cơ sở Nguyễn Trãi,THCS
Thành phố Hồ Chí Minh,Phường Tân Phú,Trường Trung học cơ sở Thoại Ngọc Hầu,THCS
Thành phố Hồ Chí Minh,Phường Tân Phú,Trường Trung học cơ sở-Trung học phổ thông Hoà Bình,THCS
Thành phố Hồ Chí Minh,Phường Tân Phú,Trường Trung học phổ thông Nhân Việt,THPT
Thành phố Hồ Chí Minh,Phường Tân Phú,Trường Trung học phổ thông Trí Đức,THPT
Thành phố Hồ Chí Minh,Phường Tân Phước,Trường Mầm non Phước Lộc B,Mầm non
Thành phố Hồ Chí Minh,Phường Tân Phước,Trường Tiểu học Lý Thường Kiệt,Tiểu học
Thành phố Hồ Chí Minh,Phường Tân Phước,Trường Tiểu học Nguyễn Thị Minh Khai,Tiểu học
Thành phố Hồ Chí Minh,Phường Tân Phước,Trường Tiểu học Nguyễn Thị Định,Tiểu học
Thành phố Hồ Chí Minh,Phường Tân Phước,Trường Trung học cơ sở Phước Hòa,THCS
Thành phố Hồ Chí Minh,Phường Tân Phước,Trường Trung học cơ sở Tân Phước,THCS
Thành phố Hồ Chí Minh,Phường Tân Sơn,Trường Tiểu Học Nguyễn Văn Kip,Tiểu học
Thành phố Hồ Chí Minh,Phường Tân Sơn,Trường Tiểu học Phan Huy Ích,Tiểu học
Thành phố Hồ Chí Minh,Phường Tân Sơn,Trường Trung học cơ sở & Trung học phổ thông Nguyễn Khuyến,THCS
Thành phố Hồ Chí Minh,Phường Tân Sơn,"Trường Trung học cơ sở - Trung học phổ thông Pathway Tuệ Đức - Cơ sở Nguyễn Sỹ Sách, Quận Tân Bình",THCS
Thành phố Hồ Chí Minh,Phường Tân Sơn Hòa,MI MON,Mầm non
Thành phố Hồ Chí Minh,Phường Tân Sơn Hòa,Trường Tiểu Học & Trung học phổ thông Thái Bình Dương,Liên cấp
Thành phố Hồ Chí Minh,Phường Tân Sơn Hòa,Trường Tiểu học Bình Giã,Tiểu học
Thành phố Hồ Chí Minh,Phường Tân Sơn Hòa,Trường Tiểu học Lê Văn Sỹ,Tiểu học
Thành phố Hồ Chí Minh,Phường Tân Sơn Hòa,Trường Tiểu học Nguyễn Thanh Tuyền,Tiểu học
Thành phố Hồ Chí Minh,Phường Tân Sơn Hòa,Trường Trung học cơ sở - Trung học phổ thông Việt Anh,THCS
Thành phố Hồ Chí Minh,Phường Tân Sơn Hòa,Trường Trung học cơ sở Ngô Sĩ Liên,THCS
Thành phố Hồ Chí Minh,Phường Tân Sơn Hòa,Trường Trung học phổ thông Hồng Hà,THPT
Thành phố Hồ Chí Minh,Phường Tân Sơn Nhì,Trường Chuyên biệt Bình Minh - CS2,
Thành phố Hồ Chí Minh,Phường Tân Sơn Nhì,Trường Mầm non Hoa Lan,Mầm non
Thành phố Hồ Chí Minh,Phường Tân Sơn Nhì,Trường THPT Thành Nhân Cơ sở 1,THPT
Thành phố Hồ Chí Minh,Phường Tân Sơn Nhì,Trường THPT Thành Nhân Cơ sở 2,THPT
Thành phố Hồ Chí Minh,Phường Tân Sơn Nhì,Trường Tiểu học - Trung học cơ sở - Trung học phổ thông Lê Thánh Tông,Liên cấp
Thành phố Hồ Chí Minh,Phường Tân Sơn Nhì,Trường Tiểu học Tân Sơn Nhì,Tiểu học
Thành phố Hồ Chí Minh,Phường Tân Sơn Nhì,Trường Tiểu học chuyên biệt Bình Minh,Tiểu học
Thành phố Hồ Chí Minh,Phường Tân Sơn Nhì,Trường Tiểu học Đinh Bộ Lĩnh,Tiểu học
Thành phố Hồ Chí Minh,Phường Tân Sơn Nhì,Trường Trung học cơ sở & Trung học phổ thông Nhân Văn,THCS
Thành phố Hồ Chí Minh,Phường Tân Sơn Nhì,Trường Trung học cơ sở Trần Quang Khải,THCS
Thành phố Hồ Chí Minh,Phường Tân Sơn Nhì,Trường Trung học cơ sở Tôn Thất Tùng,THCS
Thành phố Hồ Chí Minh,Phường Tân Sơn Nhì,Trường Trung học cơ sở Đặng Trần Côn,THCS
Thành phố Hồ Chí Minh,Phường Tân Sơn Nhì,Trường Trung học cơ sở&Trung học phổ thông Khai Minh,THCS
Thành phố Hồ Chí Minh,Phường Tân Sơn Nhì,Trường Trung học phổ thông Lê Trọng Tấn,THPT
Thành phố Hồ Chí Minh,Phường Tân Sơn Nhì,Trường Trung học phổ thông Nhân Văn,THPT
Thành phố Hồ Chí Minh,Phường Tân Sơn Nhì,Trường Trung học phổ thông Thành Nhân Cơ sở 1,THPT
Thành phố Hồ Chí Minh,Phường Tân Sơn Nhì,Trường Trung học phổ thông Tân Bình,THPT
Thành phố Hồ Chí Minh,Phường Tân Sơn Nhì,Trường Trung học phổ thông Vĩnh Viễn,THPT
Thành phố Hồ Chí Minh,Phường Tân Sơn Nhì,Trường tiểu học Đoàn Thị Điểm,Tiểu học
Thành phố Hồ Chí Minh,Phường Tân Sơn Nhất,Trường Mầm Non Tuổi Xanh,Mầm non
Thành phố Hồ Chí Minh,Phường Tân Sơn Nhất,Trường Mầm non Tân Sơn Nhất,Mầm non
Thành phố Hồ Chí Minh,Phường Tân Sơn Nhất,Trường Tiểu Học Bình Giã,Tiểu học
Thành phố Hồ Chí Minh,Phường Tân Sơn Nhất,Trường Tiểu học Bành Văn Trân,Tiểu học
Thành phố Hồ Chí Minh,Phường Tân Sơn Nhất,Trường Tiểu học Hoàng Văn Thụ,Tiểu học
Thành phố Hồ Chí Minh,Phường Tân Sơn Nhất,Trường Tiểu học Tân Sơn Nhất,Tiểu học
Thành phố Hồ Chí Minh,Phường Tân Sơn Nhất,Trường Trung học cơ sở Tân Bình,THCS
Thành phố Hồ Chí Minh,Phường Tân Sơn Nhất,Trường Trung học cơ sở Âu Lạc,THCS
Thành phố Hồ Chí Minh,Phường Tân Sơn Nhất,Trường Trung học phổ thông Nguyễn Thượng Hiền,THPT
Thành phố Hồ Chí Minh,Phường Tân Sơn Nhất,Trường Trung học phổ thông&Trung học cơ sở Tư thục Trương Vĩnh Ký,THCS
Thành phố Hồ Chí Minh,Phường Tân Thuận,"Trường Mầm non - Tiểu học - Trung học cơ sở Pathway Tuệ Đức - Cơ sở Eco Green, Quận 7",Liên cấp
Thành phố Hồ Chí Minh,Phường Tân Thuận,Trường Quốc Tế Renaissance,
Thành phố Hồ Chí Minh,Phường Tân Thuận,Trường Song Ngữ Quốc Tế EMASI Nam Long,
Thành phố Hồ Chí Minh,Phường Tân Thuận,Trường Tiểu học Kim Đồng,Tiểu học
Thành phố Hồ Chí Minh,Phường Tân Thuận,Trường Tiểu học Nguyễn Thị Định,Tiểu học
Thành phố Hồ Chí Minh,Phường Tân Thuận,Trường Tiểu học Đặng Thùy Trâm,Tiểu học
Thành phố Hồ Chí Minh,Phường Tân Thuận,Trường Trung học cơ sở Huỳnh Tấn Phát,THCS
Thành phố Hồ Chí Minh,Phường Tân Thuận,Trường Trung học cơ sở Nguyễn Hiền,THCS
Thành phố Hồ Chí Minh,Phường Tân Thành,Everest English School,
Thành phố Hồ Chí Minh,Phường Tân Thành,Trường Mầm non,Mầm non
Thành phố Hồ Chí Minh,Phường Tân Thành,Trường Mầm non Hắc Dịch,Mầm non
Thành phố Hồ Chí Minh,Phường Tân Thành,Trường Tiểu học Nguyễn Công Trứ,Tiểu học
Thành phố Hồ Chí Minh,Phường Tân Thành,Trường Tiểu học Nguyễn Du,Tiểu học
Thành phố Hồ Chí Minh,Phường Tân Thành,Trường Tiểu học Phan Đình Phùng,Tiểu học
Thành phố Hồ Chí Minh,Phường Tân Thành,Trường Trung học cơ sở Chu Văn An,THCS
Thành phố Hồ Chí Minh,Phường Tân Thành,Trường Trung học cơ sở Hắc Dịch,THCS
Thành phố Hồ Chí Minh,Phường Tân Thành,Trường Trung học phổ thông Hắc Dịch,THPT
Thành phố Hồ Chí Minh,Phường Tân Thới Hiệp,Mầm non Sơn Ca 6,Mầm non
Thành phố Hồ Chí Minh,Phường Tân Thới Hiệp,Trường Mầm non Hoa Đào,Mầm non
Thành phố Hồ Chí Minh,Phường Tân Thới Hiệp,Trường Mầm non Họa Mi 2,Mầm non
Thành phố Hồ Chí Minh,Phường Tân Thới Hiệp,Trường Mẫu Giáo Ánh Mặt Trời,Mầm non
Thành phố Hồ Chí Minh,Phường Tân Thới Hiệp,Trường Tiểu học Lê Văn Thọ,Tiểu học
Thành phố Hồ Chí Minh,Phường Tân Thới Hiệp,Trường Tiểu học Nguyễn Thái Bình,Tiểu học
Thành phố Hồ Chí Minh,Phường Tân Thới Hiệp,Trường Tiểu học Nguyễn Trãi,Tiểu học
Thành phố Hồ Chí Minh,Phường Tân Thới Hiệp,Trường Tiểu học Võ Thị Sáu,Tiểu học
Thành phố Hồ Chí Minh,Phường Tân Thới Hiệp,Trường Trung học Phổ thông Việt Âu,THPT
Thành phố Hồ Chí Minh,Phường Tân Thới Hiệp,Trường Trung học cơ sở Nguyễn Chí Thanh,THCS
Thành phố Hồ Chí Minh,Phường Tân Thới Hiệp,Trường Trung học cơ sở Nguyễn Hiền,THCS
Thành phố Hồ Chí Minh,Phường Tân Thới Hiệp,Trường Trung học cơ sở Tân Thới Hiệp,THCS
Thành phố Hồ Chí Minh,Phường Tân Thới Hiệp,Trường Trung học phổ thông Võ Trường Toản,THPT
Thành phố Hồ Chí Minh,Phường Tân Tạo,Trường Mầm Non Tuổi Thần Tiên,Mầm non
Thành phố Hồ Chí Minh,Phường Tân Tạo,Trường Mầm non Mai Vàng,Mầm non
Thành phố Hồ Chí Minh,Phường Tân Tạo,Trường Mầm non Tân Tạo A,Mầm non
Thành phố Hồ Chí Minh,Phường Tân Tạo,Trường Tiểu học Bình Tân,Tiểu học
Thành phố Hồ Chí Minh,Phường Tân Tạo,Trường Tiểu học Tân Tạo A,Tiểu học
Thành phố Hồ Chí Minh,Phường Tân Tạo,Trường Trung học cơ sở Tân Tạo A,THCS
Thành phố Hồ Chí Minh,Phường Tân Tạo,Trường mầm non Mặt Trời Nhỏ,Mầm non
Thành phố Hồ Chí Minh,Phường Tân Uyên,Trường Mầm non Huỳnh Thị Chấu,Mầm non
Thành phố Hồ Chí Minh,Phường Tân Uyên,Trường Mầm non Tân Mỹ,Mầm non
Thành phố Hồ Chí Minh,Phường Tân Uyên,Trường Tiểu học Huỳnh Thị Châu,Tiểu học
Thành phố Hồ Chí Minh,Phường Tân Uyên,Trường Trung học cơ sở Tân Mỹ,THCS
Thành phố Hồ Chí Minh,Phường Tân Uyên,Trường Trung học cơ sở lê thị trung,THCS
Thành phố Hồ Chí Minh,Phường Tân Uyên,Trường Trung học phổ thông Huỳnh Văn Nghệ,THPT
Thành phố Hồ Chí Minh,Phường Tân Đông Hiệp,Truường Tiểu học Tân Đông Hiệp,Tiểu học
Thành phố Hồ Chí Minh,Phường Tân Đông Hiệp,Trường Tiểu học Tân Bình,Tiểu học
Thành phố Hồ Chí Minh,Phường Tân Đông Hiệp,Trường Tiểu học Đông An (Cơ sở Tân An),Tiểu học
Thành phố Hồ Chí Minh,Phường Tân Đông Hiệp,Trường Trung học phổ thông Nguyễn Thị Minh Khai,THPT
Thành phố Hồ Chí Minh,Phường Tân Định,Trường Mầm non Bé Ngoan,Mầm non
Thành phố Hồ Chí Minh,Phường Tân Định,Trường Mầm non Hoa Quỳnh,Mầm non
Thành phố Hồ Chí Minh,Phường Tân Định,Trường Mầm non Tân Định,Mầm non
Thành phố Hồ Chí Minh,Phường Tân Định,Trường Tiểu học Trần Khánh Dư,Tiểu học
Thành phố Hồ Chí Minh,Phường Tân Định,Trường Tiểu học Trần Quang Khải (cơ sở 1),Tiểu học
Thành phố Hồ Chí Minh,Phường Tân Định,Trường Tiểu học Trần Quang Khải (cơ sở 2),Tiểu học
Thành phố Hồ Chí Minh,Phường Tân Định,Trường Tiểu học Đinh Tiên Hoàng,Tiểu học
Thành phố Hồ Chí Minh,Phường Tân Định,Trường Tiểu học Đuốc Sống,Tiểu học
Thành phố Hồ Chí Minh,Phường Tân Định,Trường Trung học cơ sở Huỳnh Khương Ninh,THCS
Thành phố Hồ Chí Minh,Phường Tân Định,Trường Trung học cơ sở Trần Văn Ơn,THCS
Thành phố Hồ Chí Minh,Phường Tân Định,Trường Trung học cơ sở Văn Lang,THCS
Thành phố Hồ Chí Minh,Phường Tân Định,Trường Trung học phổ thông Năng Khiếu Thể Dục Thể Thao,THPT
Thành phố Hồ Chí Minh,Phường Tây Nam,An Tây Primary School,Tiểu học
Thành phố Hồ Chí Minh,Phường Tây Nam,THọc-Phổ Thông Thanh Tuyền-DT744- Chợ- Thanh Tuyền-TT.Dầu Tiếng-Bình Dương-,THPT
Thành phố Hồ Chí Minh,Phường Tây Nam,THọc-Tiểu Học Bến Súc-DT744- Chợ- Thanh Tuyền-TT.Dầu Tiếng-Bình Dương-,Tiểu học
Thành phố Hồ Chí Minh,Phường Tây Nam,THọc-Tiểu Học Hố Cạn-DT74- Hồ Cạn- An Lập- Dầu Tiếng-Bình Dương,Tiểu học
Thành phố Hồ Chí Minh,Phường Tây Nam,Trường Mầm non Bến Súc,Mầm non
Thành phố Hồ Chí Minh,Phường Tây Nam,Trường Tiểu học Bến Súc,Tiểu học
Thành phố Hồ Chí Minh,Phường Tây Nam,Trường Trung học phổ thông Thanh Tuyền,THPT
Thành phố Hồ Chí Minh,Phường Tây Thạnh,Trường Tiểu học Lê Lai,Tiểu học
Thành phố Hồ Chí Minh,Phường Tây Thạnh,Trường Trung học cơ sở Lê Lợi,THCS
Thành phố Hồ Chí Minh,Phường Tây Thạnh,Trường Trung học phổ thông Dân Lập Trí Đức 1,THPT
Thành phố Hồ Chí Minh,Phường Tây Thạnh,Trường Trung học phổ thông Hồng Đức,THPT
Thành phố Hồ Chí Minh,Phường Tây Thạnh,Trường Trung học phổ thông Nam Việt,THPT
Thành phố Hồ Chí Minh,Phường Tây Thạnh,Trường Trung học phổ thông Tây Thạnh,THPT
Thành phố Hồ Chí Minh,Phường Tây Thạnh,Trường Trung học phổ thông Tư Thục Đinh Tiên Hoàng,THPT
Thành phố Hồ Chí Minh,Phường Tăng Nhơn Phú,Mầm Non Tuổi Ngọc,Mầm non
Thành phố Hồ Chí Minh,Phường Tăng Nhơn Phú,Mầm non Hiệp Phú,Mầm non
Thành phố Hồ Chí Minh,Phường Tăng Nhơn Phú,Tiểu học Hiệp Phú,Tiểu học
Thành phố Hồ Chí Minh,Phường Tăng Nhơn Phú,Trường Mầm non Tân Phú,Mầm non
Thành phố Hồ Chí Minh,Phường Tăng Nhơn Phú,Trường Tiểu học Hiệp Phú - Cơ Sở 2,Tiểu học
Thành phố Hồ Chí Minh,Phường Tăng Nhơn Phú,Trường Tiểu học Inspire - Khai Nguyên - Cơ sở Tú Xương - Thành phố Thủ Đức,Tiểu học
Thành phố Hồ Chí Minh,Phường Tăng Nhơn Phú,Trường Tiểu học Lê Văn Việt,Tiểu học
Thành phố Hồ Chí Minh,Phường Tăng Nhơn Phú,Trường Tiểu học Phong Phú,Tiểu học
Thành phố Hồ Chí Minh,Phường Tăng Nhơn Phú,Trường Tiểu học Tân Phú,Tiểu học
Thành phố Hồ Chí Minh,Phường Tăng Nhơn Phú,Trường Tiểu học Đinh Tiên Hoàng,Tiểu học
Thành phố Hồ Chí Minh,Phường Tăng Nhơn Phú,Trường Trung học cơ sở - Trung học phổ thông Hoa Sen,THCS
Thành phố Hồ Chí Minh,Phường Tăng Nhơn Phú,Trường Trung học cơ sở Hiệp Phú,THCS
Thành phố Hồ Chí Minh,Phường Tăng Nhơn Phú,Trường Trung học cơ sở Hoa Lư,THCS
Thành phố Hồ Chí Minh,Phường Tăng Nhơn Phú,Trường Trung học cơ sở Khai Nguyên - Cơ sở Man Thiện - Thành phố Thủ Đức,THCS
Thành phố Hồ Chí Minh,Phường Tăng Nhơn Phú,Trường Trung học cơ sở Trần Quốc Toản,THCS
Thành phố Hồ Chí Minh,Phường Tăng Nhơn Phú,Trường Trung học cơ sở Tân Phú,THCS
Thành phố Hồ Chí Minh,Phường Tăng Nhơn Phú,Trường Trung học cơ sở-Trung học phổ thông Hoa Sen,THCS
Thành phố Hồ Chí Minh,Phường Tăng Nhơn Phú,Trường Trung học phổ thông Dương Văn Thì,THPT
Thành phố Hồ Chí Minh,Phường Vĩnh Hội,Trường Mầm non Nguyễn Tất Thành,Mầm non
Thành phố Hồ Chí Minh,Phường Vĩnh Hội,Trường Mầm non Việt Mỹ Quận 4,Mầm non
Thành phố Hồ Chí Minh,Phường Vĩnh Hội,Trường Tiểu học Nguyễn Huệ 1,Tiểu học
Thành phố Hồ Chí Minh,Phường Vĩnh Hội,Trường Tiểu học Nguyễn Huệ 3,Tiểu học
Thành phố Hồ Chí Minh,Phường Vĩnh Hội,Trường Tiểu học Vĩnh Hội,Tiểu học
Thành phố Hồ Chí Minh,Phường Vĩnh Hội,Trường Tiểu học Đoàn Thị Điểm,Tiểu học
Thành phố Hồ Chí Minh,Phường Vĩnh Hội,Trường Tiểu học Đặng Trần Côn,Tiểu học
Thành phố Hồ Chí Minh,Phường Vĩnh Hội,Trường Trung học cơ sở Nguyễn Huệ,THCS
Thành phố Hồ Chí Minh,Phường Vĩnh Hội,Trường Trung học cơ sở Quang Trung,THCS
Thành phố Hồ Chí Minh,Phường Vĩnh Tân,Trường Trung học phổ thông Tân Bình,THPT
Thành phố Hồ Chí Minh,Phường Vũng Tàu,An An,Mầm non
Thành phố Hồ Chí Minh,Phường Vũng Tàu,Little Rainbow Preschool,Mầm non
Thành phố Hồ Chí Minh,Phường Vũng Tàu,Phước An,Mầm non
Thành phố Hồ Chí Minh,Phường Vũng Tàu,Trường Mầm non 19/5,Mầm non
Thành phố Hồ Chí Minh,Phường Vũng Tàu,Trường Mầm non 20-10,Mầm non
Thành phố Hồ Chí Minh,Phường Vũng Tàu,Trường Mầm non Châu Thành,Mầm non
Thành phố Hồ Chí Minh,Phường Vũng Tàu,Trường Mầm non Nắng Hồng,Mầm non
Thành phố Hồ Chí Minh,Phường Vũng Tàu,Trường Mầm non Sao Mai,Mầm non
Thành phố Hồ Chí Minh,Phường Vũng Tàu,Trường Mầm non Sen Hồng,Mầm non
Thành phố Hồ Chí Minh,Phường Vũng Tàu,Trường Mầm non Thắng Nhì,Mầm non
Thành phố Hồ Chí Minh,Phường Vũng Tàu,Trường Mầm non phường 6 - Cơ sở Hoa Lan,Mầm non
Thành phố Hồ Chí Minh,Phường Vũng Tàu,Trường Mẫu giáo Phường 3,Mầm non
Thành phố Hồ Chí Minh,Phường Vũng Tàu,Trường Mẫu giáo Thanh Tâm,Mầm non
Thành phố Hồ Chí Minh,Phường Vũng Tàu,Trường Tiểu học Bàu Sen,Tiểu học
Thành phố Hồ Chí Minh,Phường Vũng Tàu,Trường Tiểu học Bùi Thị Xuân,Tiểu học
Thành phố Hồ Chí Minh,Phường Vũng Tàu,Trường Tiểu học Hoà Bình,Tiểu học
Thành phố Hồ Chí Minh,Phường Vũng Tàu,Trường Tiểu học Hạ Long,Tiểu học
Thành phố Hồ Chí Minh,Phường Vũng Tàu,Trường Tiểu học Nguyễn Thái Học,Tiểu học
Thành phố Hồ Chí Minh,Phường Vũng Tàu,Trường Tiểu học Sao Mai,Tiểu học
Thành phố Hồ Chí Minh,Phường Vũng Tàu,Trường Tiểu học Thắng Nhì,Tiểu học
Thành phố Hồ Chí Minh,Phường Vũng Tàu,Trường Tiểu học Thắng Tam,Tiểu học
Thành phố Hồ Chí Minh,Phường Vũng Tàu,Trường Tiểu học Đoàn Kết,Tiểu học
Thành phố Hồ Chí Minh,Phường Vũng Tàu,Trường Trung học Cơ sở Thắng Nhì,THCS
Thành phố Hồ Chí Minh,Phường Vũng Tàu,Trường Trung học cơ sở Châu Thành,THCS
Thành phố Hồ Chí Minh,Phường Vũng Tàu,Trường Trung học cơ sở Duy Tân,THCS
Thành phố Hồ Chí Minh,Phường Vũng Tàu,Trường Trung học cơ sở Huỳnh Khương Ninh,THCS
Thành phố Hồ Chí Minh,Phường Vũng Tàu,Trường Trung học cơ sở Võ Văn Kiệt,THCS
Thành phố Hồ Chí Minh,Phường Vũng Tàu,Trường Trung học cơ sở Vũng Tàu,THCS
Thành phố Hồ Chí Minh,Phường Vũng Tàu,Trường Trung học phổ thông Đinh Tiên Hoàng,THPT
Thành phố Hồ Chí Minh,Phường Vũng Tàu,Trường mầm non Mẫu Tâm,Mầm non
Thành phố Hồ Chí Minh,Phường Vũng Tàu,Trường mầm non Ánh Dương,Mầm non
Thành phố Hồ Chí Minh,Phường Vườn Lài,Trường Mầm non Măng non III,Mầm non
Thành phố Hồ Chí Minh,Phường Vườn Lài,Trường Mầm non Phường 1,Mầm non
Thành phố Hồ Chí Minh,Phường Vườn Lài,Trường Mầm non Phường 2,Mầm non
Thành phố Hồ Chí Minh,Phường Vườn Lài,Trường Mầm non Phường 3,Mầm non
Thành phố Hồ Chí Minh,Phường Vườn Lài,Trường Phổ thông Đặc biệt Nguyễn Đình Chiểu,THPT
Thành phố Hồ Chí Minh,Phường Vườn Lài,Trường Tiểu học Hồ Thị Kỷ,Tiểu học
Thành phố Hồ Chí Minh,Phường Vườn Lài,Trường Tiểu học Nhật Tảo,Tiểu học
Thành phố Hồ Chí Minh,Phường Vườn Lài,Trường Tiểu học Trương Định,Tiểu học
Thành phố Hồ Chí Minh,Phường Vườn Lài,Trường Tiểu học Trần Nhân Tôn,Tiểu học
Thành phố Hồ Chí Minh,Phường Vườn Lài,Trường Tiểu học Trần Quang Cơ,Tiểu học
Thành phố Hồ Chí Minh,Phường Vườn Lài,Trường Tiểu học Điện Biên,Tiểu học
Thành phố Hồ Chí Minh,Phường Vườn Lài,Trường Trung học cơ sở Hoàng Văn Thụ,THCS
Thành phố Hồ Chí Minh,Phường Vườn Lài,Trường Trung học cơ sở và Trung học phổ thông Sương Nguyệt Anh,THCS
Thành phố Hồ Chí Minh,Phường Vườn Lài,Trường Trung học phổ thông Hoà Bình,THPT
Thành phố Hồ Chí Minh,Phường Vườn Lài,Trường Trung học phổ thông Nguyễn An Ninh,THPT
Thành phố Hồ Chí Minh,Phường Xuân Hòa,Phân hiệu Trung học phổ thông Lê Thị Hồng Gấm,THPT
Thành phố Hồ Chí Minh,Phường Xuân Hòa,Renaissance International School SaiGon RISS,
Thành phố Hồ Chí Minh,Phường Xuân Hòa,Trường Mầm non Hoa Mai,Mầm non
Thành phố Hồ Chí Minh,Phường Xuân Hòa,"Trường Mầm non Pathway Tuệ Đức - Cơ sở Nguyễn Đình Chiểu, Quận 3",Mầm non
Thành phố Hồ Chí Minh,Phường Xuân Hòa,Trường Mầm non Thành phố,Mầm non
Thành phố Hồ Chí Minh,Phường Xuân Hòa,Trường Mầm non Xuân Hòa,Mầm non
Thành phố Hồ Chí Minh,Phường Xuân Hòa,Trường Tiểu học Nguyễn Thanh Tuyền,Tiểu học
Thành phố Hồ Chí Minh,Phường Xuân Hòa,Trường Tiểu học Nguyễn Thái Sơn,Tiểu học
Thành phố Hồ Chí Minh,Phường Xuân Hòa,Trường Tiểu học Trần Quốc Thảo,Tiểu học
Thành phố Hồ Chí Minh,Phường Xuân Hòa,Trường Trung học cơ sở Colette,THCS
Thành phố Hồ Chí Minh,Phường Xuân Hòa,Trường Trung học cơ sở Colette (Phân hiệu),THCS
Thành phố Hồ Chí Minh,Phường Xuân Hòa,Trường Trung học cơ sở Hai Bà Trưng,THCS
Thành phố Hồ Chí Minh,Phường Xuân Hòa,Trường Trung học cơ sở Lê Quý Đôn,THCS
Thành phố Hồ Chí Minh,Phường Xuân Hòa,Trường Trung học phố thông Nguyễn Thị Minh Khai,
Thành phố Hồ Chí Minh,Phường Xuân Hòa,Trường Trung học phổ thông Lê Quý Đôn,THPT
Thành phố Hồ Chí Minh,Phường Xuân Hòa,Trường Trung học phổ thông Marie Curie,THPT
Thành phố Hồ Chí Minh,Phường Xuân Hòa,Trường Trung học phổ thông Nguyễn Thị Diệu,THPT
Thành phố Hồ Chí Minh,Phường Xóm Chiếu,Trường Mầm Non Sao Mai 3,Mầm non
Thành phố Hồ Chí Minh,Phường Xóm Chiếu,Trường Mầm non Ban Mai,Mầm non
Thành phố Hồ Chí Minh,Phường Xóm Chiếu,Trường Mầm non Sao Mai 12,Mầm non
Thành phố Hồ Chí Minh,Phường Xóm Chiếu,Trường Tiểu Học 1 Tháng 6,Tiểu học
Thành phố Hồ Chí Minh,Phường Xóm Chiếu,Trường Tiểu học Bạch Đằng,Tiểu học
Thành phố Hồ Chí Minh,Phường Xóm Chiếu,Trường Tiểu học Bến Cảng,Tiểu học
Thành phố Hồ Chí Minh,Phường Xóm Chiếu,Trường Tiểu học Nguyễn Thái Bình,Tiểu học
Thành phố Hồ Chí Minh,Phường Xóm Chiếu,Trường Tiểu học Tăng Bạt Hổ B,Tiểu học
Thành phố Hồ Chí Minh,Phường Xóm Chiếu,Trường Tiểu học Xóm Chiếu,Tiểu học
Thành phố Hồ Chí Minh,Phường Xóm Chiếu,Trường Trung học cơ sở Khánh Hội,THCS
Thành phố Hồ Chí Minh,Phường Xóm Chiếu,Trường Trung học cơ sở Tăng Bạt Hổ,THCS
Thành phố Hồ Chí Minh,Phường Xóm Chiếu,Trường Trung học cơ sở Vân Đồn,THCS
Thành phố Hồ Chí Minh,Phường Xóm Chiếu,Trường Trung học phổ thông Nguyễn Hữu Thọ,THPT
Thành phố Hồ Chí Minh,Phường Xóm Chiếu,Trường Trung học phổ thông Nguyễn Trãi,THPT
Thành phố Hồ Chí Minh,Phường Đông Hòa,Tiểu học Đông Hòa C,Tiểu học
Thành phố Hồ Chí Minh,Phường Đông Hòa,Trường Mầm non Đông Hòa 3,Mầm non
Thành phố Hồ Chí Minh,Phường Đông Hòa,Trường Phổ thông Năng Khiếu - cơ sở 2,THPT
Thành phố Hồ Chí Minh,Phường Đông Hòa,Trường Tiểu học Bình An,Tiểu học
Thành phố Hồ Chí Minh,Phường Đông Hòa,Trường Tiểu học Kim Đồng,Tiểu học
Thành phố Hồ Chí Minh,Phường Đông Hòa,Trường Tiểu học Nguyễn Bỉnh Khiêm,Tiểu học
Thành phố Hồ Chí Minh,Phường Đông Hòa,Trường Tiểu học Nguyễn Khuyến,Tiểu học
Thành phố Hồ Chí Minh,Phường Đông Hòa,Trường Tiểu học Đoàn Thị Điểm,Tiểu học
Thành phố Hồ Chí Minh,Phường Đông Hòa,Trường Tiểu học Đông Hòa,Tiểu học
Thành phố Hồ Chí Minh,Phường Đông Hòa,Trường Trung học cơ sở Bình An,THCS
Thành phố Hồ Chí Minh,Phường Đông Hòa,Trường Trung học cơ sở Bình Thắng,THCS
Thành phố Hồ Chí Minh,Phường Đông Hòa,Trường Trung học cơ sở Bình Thắng B,THCS
Thành phố Hồ Chí Minh,Phường Đông Hòa,Trường Trung học cơ sở Đông Hòa,THCS
Thành phố Hồ Chí Minh,Phường Đông Hòa,Trường Trung học phổ thông Bình An,THPT
Thành phố Hồ Chí Minh,Phường Đông Hòa,Viện nghiên cứu Công nghệ Sinh học và Môi trường,
Thành phố Hồ Chí Minh,Phường Đông Hưng Thuận,"Trường Mầm non - Tiểu học Pathway Tuệ Đức - Cơ sở Tân Thới Nhất 17, Quận 12",Mầm non
Thành phố Hồ Chí Minh,Phường Đông Hưng Thuận,Trường Tiểu Học Nguyễn Du,Tiểu học
Thành phố Hồ Chí Minh,Phường Đông Hưng Thuận,Trường Tiểu Học Nguyễn Khuyến,Tiểu học
Thành phố Hồ Chí Minh,Phường Đông Hưng Thuận,"Trường Tiểu Học Trung học cơ sở&Trung học phổ thông Tuệ Đức - Cơ sở Tân Thới Nhất 17, Quận 12",Liên cấp
Thành phố Hồ Chí Minh,Phường Đông Hưng Thuận,Trường Tiểu học Lý Tự Trọng,Tiểu học
Thành phố Hồ Chí Minh,Phường Đông Hưng Thuận,Trường Tiểu học Nguyễn An Khương,Tiểu học
Thành phố Hồ Chí Minh,Phường Đông Hưng Thuận,Trường Tiểu học Nguyễn Thị Định,Tiểu học
Thành phố Hồ Chí Minh,Phường Đông Hưng Thuận,"Trường Tiểu học Pathway Tuệ Đức - Cơ sở Tân Thới Nhất 6, Quận 12",Tiểu học
Thành phố Hồ Chí Minh,Phường Đông Hưng Thuận,Trường Tiểu học Trương Định,Tiểu học
Thành phố Hồ Chí Minh,Phường Đông Hưng Thuận,Trường Trung học cơ sở Hà Huy Tập,THCS
Thành phố Hồ Chí Minh,Phường Đông Hưng Thuận,Trường Trung học cơ sở Nguyễn Vĩnh Nghiệp,THCS
Thành phố Hồ Chí Minh,Phường Đông Hưng Thuận,Trường Trung học cơ sở Nguyễn Ảnh Thủ,THCS
Thành phố Hồ Chí Minh,Phường Đông Hưng Thuận,Trường Trung học cơ sở Phan Bội Châu,THCS
Thành phố Hồ Chí Minh,Phường Đông Hưng Thuận,Trường Trung học cơ sở&Trung học phổ thông Hoa Lư,THCS
Thành phố Hồ Chí Minh,Phường Đông Hưng Thuận,Trường Trung học cơ sở&Trung học phổ thông Mỹ Việt,THCS
Thành phố Hồ Chí Minh,Phường Đông Hưng Thuận,Trường Trung học cơ sở&Trung học phổ thông Nam Việt,THCS
Thành phố Hồ Chí Minh,Phường Đông Hưng Thuận,Trường Trung học cơ sở-Trung học phổ thông Bắc Sơn,THCS
Thành phố Hồ Chí Minh,Phường Đông Hưng Thuận,Trường Trung học phổ thông Trường Chinh,THPT
Thành phố Hồ Chí Minh,Phường Đức Nhuận,Hoàn Mỹ,Mầm non
Thành phố Hồ Chí Minh,Phường Đức Nhuận,Mẫu giáo Hương Sen,Mầm non
Thành phố Hồ Chí Minh,Phường Đức Nhuận,Trường Mầm Non,Mầm non
Thành phố Hồ Chí Minh,Phường Đức Nhuận,Trường Quốc Tế Việt Úc VAS,
Thành phố Hồ Chí Minh,Phường Đức Nhuận,Trường THCS & THPT Đức Trí - Cơ sở 2,Liên cấp
Thành phố Hồ Chí Minh,Phường Đức Nhuận,Trường Tiểu Học Hồ Văn Huê,Tiểu học
Thành phố Hồ Chí Minh,Phường Đức Nhuận,Trường Tiểu học Cao Bá Quát,Tiểu học
Thành phố Hồ Chí Minh,Phường Đức Nhuận,Trường Tiểu học Cổ Loa,Tiểu học
Thành phố Hồ Chí Minh,Phường Đức Nhuận,Trường Trung học cơ sở Độc Lập,THCS
Thành phố Hồ Chí Minh,Phường Đức Nhuận,Trường Trung học phổ thông Phú Nhuận,THPT
Thành phố Hồ Chí Minh,Xã An Long,THọc-Phổ Thông Tây Sơn - -Tân Long- phú giáo-Bình dương,THPT
Thành phố Hồ Chí Minh,Xã An Long,THọc-Tiểu Học An Linh - -An Linh-Phú Giáo-Bình Dương,Tiểu học
Thành phố Hồ Chí Minh,Xã An Long,THọc-Tiểu Học Tân Long - -Tân Long- phú giáo-Bình dương,Tiểu học
Thành phố Hồ Chí Minh,Xã An Long,THọc-Trung Học Cơ Sở Bùi Thị Xuân - -Tân Long- phú giáo-Bình dương,THCS
Thành phố Hồ Chí Minh,Xã An Long,Trường Mầm non Tân Long,Mầm non
Thành phố Hồ Chí Minh,Xã An Long,Trường TH - THCS An Linh,Liên cấp
Thành phố Hồ Chí Minh,Xã An Long,Trường TH-THCS An Linh,Liên cấp
Thành phố Hồ Chí Minh,Xã An Long,Trường Tiểu học Tân Long,Tiểu học
Thành phố Hồ Chí Minh,Xã An Long,Trường Trung học cơ sở Bùi Thị Xuân,THCS
Thành phố Hồ Chí Minh,Xã An Long,Trường Trung học phổ thông Tây Sơn,THPT
Thành phố Hồ Chí Minh,Xã An Nhơn Tây,Trường Trung học phổ thông An Nhơn Tây,THPT
Thành phố Hồ Chí Minh,Xã An Thới Đông,Trường Mầm Non Doi Lầu,Mầm non
Thành phố Hồ Chí Minh,Xã An Thới Đông,Trường Tiểu học An Thới Đông,Tiểu học
Thành phố Hồ Chí Minh,Xã An Thới Đông,Trường Tiểu học Lý Nhơn,Tiểu học
Thành phố Hồ Chí Minh,Xã An Thới Đông,Trường Trung học cơ sở An Thới Đông,THCS
Thành phố Hồ Chí Minh,Xã An Thới Đông,Trường Trung học cơ sở Lý Nhơn,THCS
Thành phố Hồ Chí Minh,Xã Bà Điểm,Trường Tiểu học Ngã ba Giồng,Tiểu học
Thành phố Hồ Chí Minh,Xã Bà Điểm,Trường Tiểu học Tây Bắc Lân,Tiểu học
Thành phố Hồ Chí Minh,Xã Bà Điểm,Trường Tiểu học Xuân Thới Thượng,Tiểu học
Thành phố Hồ Chí Minh,Xã Bà Điểm,Trường Trung học cơ sở Bùi Văn Thủ,THCS
Thành phố Hồ Chí Minh,Xã Bà Điểm,Trường Trung học cơ sở Hà Huy Tập,THCS
Thành phố Hồ Chí Minh,Xã Bà Điểm,Trường Trung học cơ sở Nguyễn Văn Bứa,THCS
Thành phố Hồ Chí Minh,Xã Bà Điểm,Trường Trung học cơ sở Phan Công Hớn,THCS
Thành phố Hồ Chí Minh,Xã Bà Điểm,Trường Trung học cơ sở Xuân Thới Thượng,THCS
Thành phố Hồ Chí Minh,Xã Bà Điểm,Trường Trung học phổ thông Bà Điểm,THPT
Thành phố Hồ Chí Minh,Xã Bà Điểm,Trường Trung học phổ thông Nguyễn Hữu Cầu,THPT
Thành phố Hồ Chí Minh,Xã Bà Điểm,Trường Trung học phổ thông Nguyễn Văn Cừ,THPT
Thành phố Hồ Chí Minh,Xã Bà Điểm,Trường Trung học phổ thông Nguyễn hữu cầu (mới),THPT
Thành phố Hồ Chí Minh,Xã Bàu Bàng,Trường Mầm non Ánh Dương,Mầm non
Thành phố Hồ Chí Minh,Xã Bàu Bàng,Trường Trung học Cơ sở Lai Uyên,THCS
Thành phố Hồ Chí Minh,Xã Bàu Bàng,Trường Trung học phổ thông Bàu Bàng,THPT
Thành phố Hồ Chí Minh,Xã Bàu Lâm,Trường Mầm non xã Tân Lâm,Mầm non
Thành phố Hồ Chí Minh,Xã Bàu Lâm,Trường Tiểu học Bàu Lâm,Tiểu học
Thành phố Hồ Chí Minh,Xã Bàu Lâm,Trường Tiểu học Ngô Quyền,Tiểu học
Thành phố Hồ Chí Minh,Xã Bàu Lâm,Trường Tiểu học Thống Nhất,Tiểu học
Thành phố Hồ Chí Minh,Xã Bàu Lâm,Trường Trung học cơ sở Bàu Lâm,THCS
Thành phố Hồ Chí Minh,Xã Bàu Lâm,Trường Trung học cơ sở Tân Lâm,THCS
Thành phố Hồ Chí Minh,Xã Bình Chánh,Trường Mầm non Hoa Hồng,Mầm non
Thành phố Hồ Chí Minh,Xã Bình Chánh,Trường Mầm non Hoa Lan,Mầm non
Thành phố Hồ Chí Minh,Xã Bình Chánh,Trường Mầm non Vàng Anh,Mầm non
Thành phố Hồ Chí Minh,Xã Bình Chánh,Trường Tiểu học An Phú Tây,Tiểu học
Thành phố Hồ Chí Minh,Xã Bình Chánh,Trường Tiểu học Bình Chánh,Tiểu học
Thành phố Hồ Chí Minh,Xã Bình Chánh,Trường Tiểu học Kim Đồng,Tiểu học
Thành phố Hồ Chí Minh,Xã Bình Chánh,Trường Tiểu học Trần Nhân Tôn,Tiểu học
Thành phố Hồ Chí Minh,Xã Bình Chánh,Trường Tiểu học Tân Quý Tây,Tiểu học
Thành phố Hồ Chí Minh,Xã Bình Chánh,Trường Tiểu học Tân Quý Tây 3,Tiểu học
Thành phố Hồ Chí Minh,Xã Bình Chánh,Trường Trung học cơ sở Bình Chánh,THCS
Thành phố Hồ Chí Minh,Xã Bình Chánh,Trường Trung học cơ sở Nguyễn Văn Linh,THCS
Thành phố Hồ Chí Minh,Xã Bình Chánh,Trường Trung học cơ sở Tân Quý Tây,THCS
Thành phố Hồ Chí Minh,Xã Bình Chánh,Trường Trung học phổ thông Bình Chánh,THPT
Thành phố Hồ Chí Minh,Xã Bình Châu,Trường Mầm non Bình Châu,Mầm non
Thành phố Hồ Chí Minh,Xã Bình Châu,Trường Mầm non Ánh Dương,Mầm non
Thành phố Hồ Chí Minh,Xã Bình Châu,Trường Tiểu học Bình Châu,Tiểu học
Thành phố Hồ Chí Minh,Xã Bình Châu,Trường Tiểu học Lê Minh Châu,Tiểu học
Thành phố Hồ Chí Minh,Xã Bình Châu,Trường Tiểu học Nguyễn Thị Định,Tiểu học
Thành phố Hồ Chí Minh,Xã Bình Châu,Trường Tiểu học Thanh Bình,Tiểu học
Thành phố Hồ Chí Minh,Xã Bình Châu,Trường Trung học cơ sở Bình Châu,THCS
Thành phố Hồ Chí Minh,Xã Bình Giã,Trường Mầm non Bình Trung,Mầm non
Thành phố Hồ Chí Minh,Xã Bình Giã,Trường Mầm non Phượng Hồng,Mầm non
Thành phố Hồ Chí Minh,Xã Bình Giã,Trường Tiểu học Bình Giã,Tiểu học
Thành phố Hồ Chí Minh,Xã Bình Giã,Trường Tiểu học Chu Văn An,Tiểu học
Thành phố Hồ Chí Minh,Xã Bình Giã,Trường Tiểu học Huỳnh Thúc Kháng,Tiểu học
Thành phố Hồ Chí Minh,Xã Bình Giã,Trường Tiểu học Quảng Thành,Tiểu học
Thành phố Hồ Chí Minh,Xã Bình Giã,Trường Trung học cơ sở Hà Huy Tập,THCS
Thành phố Hồ Chí Minh,Xã Bình Giã,Trường Trung học cơ sở Nguyễn Trường Tộ,THCS
Thành phố Hồ Chí Minh,Xã Bình Giã,Trường Trung học cơ sở Quảng Thành,THCS
Thành phố Hồ Chí Minh,Xã Bình Hưng,British Vietnamese International School,
Thành phố Hồ Chí Minh,Xã Bình Hưng,High School of North America,THPT
Thành phố Hồ Chí Minh,Xã Bình Hưng,"Trường Mầm non - Tiểu học Pathway Tuệ Đức -Cơ sở Bình Hưng, Bình Chánh",Mầm non
Thành phố Hồ Chí Minh,Xã Bình Hưng,Trường Mầm non Hướng Dương,Mầm non
Thành phố Hồ Chí Minh,Xã Bình Hưng,Trường Mầm non Thủy Tiên 2,Mầm non
Thành phố Hồ Chí Minh,Xã Bình Hưng,Trường Quốc Tế Anh Việt BVIS,
Thành phố Hồ Chí Minh,Xã Bình Hưng,Trường Quốc Tế Singapore,
Thành phố Hồ Chí Minh,Xã Bình Hưng,Trường Quốc tế Bắc Mỹ,
Thành phố Hồ Chí Minh,Xã Bình Hưng,Trường Tiểu Học Nguyễn Bỉnh Khiêm,Tiểu học
Thành phố Hồ Chí Minh,Xã Bình Hưng,Trường Tiểu học Lê Quý Đôn,Tiểu học
Thành phố Hồ Chí Minh,Xã Bình Hưng,Trường Tiểu học Phong Phú,Tiểu học
Thành phố Hồ Chí Minh,Xã Bình Hưng,Trường Tiểu học Phong Phú 2,Tiểu học
Thành phố Hồ Chí Minh,Xã Bình Hưng,Trường Tiểu học Phạm Hùng,Tiểu học
Thành phố Hồ Chí Minh,Xã Bình Hưng,"Trường Tiểu học, Trung học Cơ sở, Trung học Phổ thông Albert Einstein",Liên cấp
Thành phố Hồ Chí Minh,Xã Bình Hưng,Trường Trung học cơ sở Nguyễn Thái Bình,THCS
Thành phố Hồ Chí Minh,Xã Bình Hưng,Trường Trung học cơ sở Phong Phú,THCS
Thành phố Hồ Chí Minh,Xã Bình Hưng,Trường Trung học cơ sở Trung Sơn,THCS
Thành phố Hồ Chí Minh,Xã Bình Hưng,Trường Trung học phổ thông Phong Phú,THPT
Thành phố Hồ Chí Minh,Xã Bình Khánh,Trường Tiểu học An Nghĩa,Tiểu học
Thành phố Hồ Chí Minh,Xã Bình Khánh,Trường Tiểu học Bình Phước,Tiểu học
Thành phố Hồ Chí Minh,Xã Bình Khánh,Trường Trung học cơ sở Bình Khánh,THCS
Thành phố Hồ Chí Minh,Xã Bình Khánh,Trường Trung học phổ thông An Nghĩa,THPT
Thành phố Hồ Chí Minh,Xã Bình Khánh,Trường Trung học phổ thông Bình Khánh,THPT
Thành phố Hồ Chí Minh,Xã Bình Lợi,Trường Mầm non Hoa Sen,Mầm non
Thành phố Hồ Chí Minh,Xã Bình Lợi,Trường Mầm non Sen Hồng,Mầm non
Thành phố Hồ Chí Minh,Xã Bình Lợi,Trường Tiểu học Bình Lợi,Tiểu học
Thành phố Hồ Chí Minh,Xã Bình Lợi,Trường Tiểu học Cầu Xáng,Tiểu học
Thành phố Hồ Chí Minh,Xã Bình Lợi,Trường Tiểu học Lê Minh Xuân 2,Tiểu học
Thành phố Hồ Chí Minh,Xã Bình Lợi,Trường Tiểu học Lê Minh Xuân 3,Tiểu học
Thành phố Hồ Chí Minh,Xã Bình Lợi,Trường Trung học cơ sở Gò Xoài,THCS
Thành phố Hồ Chí Minh,Xã Bình Lợi,Trường Trung học cơ sở Lê Minh Xuân,THCS
Thành phố Hồ Chí Minh,Xã Bình Lợi,Trường Trung học phổ thông Lê Minh Xuân,THPT
Thành phố Hồ Chí Minh,Xã Bình Lợi,Trường Trung học phổ thông Năng Khiếu Thể dục thể thao Bình Chánh,THPT
Thành phố Hồ Chí Minh,Xã Bình Mỹ,Trường Tiểu học Bình Mỹ 2,Tiểu học
Thành phố Hồ Chí Minh,Xã Bình Mỹ,Trường Trung học cơ sở Bình Hoà,THCS
Thành phố Hồ Chí Minh,Xã Bình Mỹ,Trường Trung học cơ sở Bình Hòa - cơ sở 1,THCS
Thành phố Hồ Chí Minh,Xã Bắc Tân Uyên,Trường Tiểu học Tân Thành,Tiểu học
Thành phố Hồ Chí Minh,Xã Bắc Tân Uyên,Trường Tiểu học Tân Định,Tiểu học
Thành phố Hồ Chí Minh,Xã Bắc Tân Uyên,Trường Trung học cơ sở Tân Thành,THCS
Thành phố Hồ Chí Minh,Xã Bắc Tân Uyên,Trường Trung học phổ thông Lê Lợi,THPT
Thành phố Hồ Chí Minh,Xã Châu Pha,Trường Mầm non Tóc Tiên,Mầm non
Thành phố Hồ Chí Minh,Xã Châu Pha,Trường Mẫu giáo Châu Pha,Mầm non
Thành phố Hồ Chí Minh,Xã Châu Pha,Trường Tiểu học Châu Pha A,Tiểu học
Thành phố Hồ Chí Minh,Xã Châu Pha,Trường Tiểu học Châu Pha B,Tiểu học
Thành phố Hồ Chí Minh,Xã Châu Pha,Trường Tiểu học Tóc Tiên,Tiểu học
Thành phố Hồ Chí Minh,Xã Châu Pha,Trường Trung học cơ sở Trương Công Định,THCS
Thành phố Hồ Chí Minh,Xã Châu Pha,Trường Trung học cơ sở Tóc Tiên,THCS
Thành phố Hồ Chí Minh,Xã Châu Đức,Chợ xã Cù Bị,Mầm non
Thành phố Hồ Chí Minh,Xã Châu Đức,Trường Mầm non Bình Minh,Mầm non
Thành phố Hồ Chí Minh,Xã Châu Đức,Trường Mầm non Rạng Đông,Mầm non
Thành phố Hồ Chí Minh,Xã Châu Đức,Trường Tiểu học Lê Quý Đôn,Tiểu học
Thành phố Hồ Chí Minh,Xã Châu Đức,Trường Tiểu học Phan Chu Trinh,Tiểu học
Thành phố Hồ Chí Minh,Xã Châu Đức,Trường Tiểu học Trần Quang Diệu,Tiểu học
Thành phố Hồ Chí Minh,Xã Châu Đức,Trường Tiểu học Trần Quốc Tuấn,Tiểu học
Thành phố Hồ Chí Minh,Xã Châu Đức,Trường Trung học cơ sở Nguyễn Huệ,THCS
Thành phố Hồ Chí Minh,Xã Châu Đức,Trường Trung học cơ sở Trần Đại Nghĩa,THCS
Thành phố Hồ Chí Minh,Xã Châu Đức,Trường Trung học cơ sở Xà Bang,THCS
Thành phố Hồ Chí Minh,Xã Cần Giờ,Trường Chuyên biệt Cần Thạnh,
Thành phố Hồ Chí Minh,Xã Cần Giờ,Trường Mầm non Bình Minh,Mầm non
Thành phố Hồ Chí Minh,Xã Cần Giờ,Trường Mầm non Cần Thạnh,Mầm non
Thành phố Hồ Chí Minh,Xã Cần Giờ,Trường Mầm non Cần Thạnh 2,Mầm non
Thành phố Hồ Chí Minh,Xã Cần Giờ,Trường Tiểu học Cần Thạnh,Tiểu học
Thành phố Hồ Chí Minh,Xã Cần Giờ,Trường Tiểu học Cần Thạnh 2,Tiểu học
Thành phố Hồ Chí Minh,Xã Cần Giờ,Trường Tiểu học Hoà Hiệp,Tiểu học
Thành phố Hồ Chí Minh,Xã Cần Giờ,Trường Tiểu học Long Thạnh,Tiểu học
Thành phố Hồ Chí Minh,Xã Cần Giờ,Trường Tiểu học Đồng Hoà,Tiểu học
Thành phố Hồ Chí Minh,Xã Cần Giờ,Trường Trung học cơ sở Cần Thạnh,THCS
Thành phố Hồ Chí Minh,Xã Cần Giờ,Trường Trung học cơ sở Long Hoà,THCS
Thành phố Hồ Chí Minh,Xã Cần Giờ,Trường Trung học phổ thông Cần Thạnh,THPT
Thành phố Hồ Chí Minh,Xã Củ Chi,Trường Mầm Non Tân Thông Hội 1,Mầm non
Thành phố Hồ Chí Minh,Xã Củ Chi,Trường Mầm non Phước Vĩnh An,Mầm non
Thành phố Hồ Chí Minh,Xã Củ Chi,Trường Mầm non Tân Thông Hội 3,Mầm non
Thành phố Hồ Chí Minh,Xã Củ Chi,Trường Tiểu học Phan Văn Khải,Tiểu học
Thành phố Hồ Chí Minh,Xã Củ Chi,Trường Tiểu học Phước Vĩnh An,Tiểu học
Thành phố Hồ Chí Minh,Xã Củ Chi,Trường Tiểu học Tân Phú Trung,Tiểu học
Thành phố Hồ Chí Minh,Xã Củ Chi,Trường Trung học cơ sở Thị Trấn,THCS
Thành phố Hồ Chí Minh,Xã Củ Chi,Trường Trung học cơ sở Tân Phú Trung,THCS
Thành phố Hồ Chí Minh,Xã Củ Chi,Trường Trung học cơ sở Tân Tiến,THCS
Thành phố Hồ Chí Minh,Xã Củ Chi,Trường Trung học phổ thông Tân Thông Hội,THPT
Thành phố Hồ Chí Minh,Xã Dầu Tiếng,KVC-Chuột Mickey- Đường 13 Tháng 3-KP2-TT.Dầu Tiếng-Bình Dương,Mầm non
Thành phố Hồ Chí Minh,Xã Dầu Tiếng,THọc-Tiểu Học Dầu Tiếng- D6 -KP2-TT.Dầu Tiếng-Bình Dương,Tiểu học
Thành phố Hồ Chí Minh,Xã Dầu Tiếng,THọc-Tiểu Học Ngô Quyền-Độc Lập-KP1-TT.Dầu Tiếng-Bình Dương,Tiểu học
Thành phố Hồ Chí Minh,Xã Dầu Tiếng,THọc-Tiểu Học Định An-Ấp Bình Thới-Định An-Dầu Tiếng,Tiểu học
Thành phố Hồ Chí Minh,Xã Dầu Tiếng,Trường Tiểu học Ngô Quyền,Tiểu học
Thành phố Hồ Chí Minh,Xã Dầu Tiếng,Trường Trung học cơ sở Nguyễn Bỉnh Khiêm,THCS
Thành phố Hồ Chí Minh,Xã Dầu Tiếng,Trường Trung học phổ thông Dầu Tiếng,THPT
Thành phố Hồ Chí Minh,Xã Hiệp Phước,Trường Tiểu Học & Trung học cơ sở Quốc Tế Mỹ AIS,Liên cấp
Thành phố Hồ Chí Minh,Xã Hiệp Phước,Trường Tiểu học Dương Văn Lịch,Tiểu học
Thành phố Hồ Chí Minh,Xã Hiệp Phước,Trường Tiểu học Lê Lợi,Tiểu học
Thành phố Hồ Chí Minh,Xã Hiệp Phước,Trường Tiểu học Nguyễn Văn Tạo,Tiểu học
Thành phố Hồ Chí Minh,Xã Hiệp Phước,Trường Tiểu học Trang Tấn Khương,Tiểu học
Thành phố Hồ Chí Minh,Xã Hiệp Phước,Trường Trung học cơ sở Hai Bà Trưng,THCS
Thành phố Hồ Chí Minh,Xã Hiệp Phước,Trường Trung học cơ sở Hiệp Phước,THCS
Thành phố Hồ Chí Minh,Xã Hiệp Phước,Trường Trung học phổ thông Long Thới,THPT
Thành phố Hồ Chí Minh,Xã Hiệp Phước,Trường mầm non Hướng Dương,Mầm non
Thành phố Hồ Chí Minh,Xã Hòa Hiệp,Trường Mầm non Búp Sen Hồng,Mầm non
Thành phố Hồ Chí Minh,Xã Hòa Hiệp,Trường Tiểu học Hòa Hiệp,Tiểu học
Thành phố Hồ Chí Minh,Xã Hòa Hiệp,Trường Tiểu học Trần Phú,Tiểu học
Thành phố Hồ Chí Minh,Xã Hòa Hiệp,Trường Tiểu học Trần Đại Nghĩa,Tiểu học
Thành phố Hồ Chí Minh,Xã Hòa Hiệp,Trường Trung học cơ sở Hoà Hiệp,THCS
Thành phố Hồ Chí Minh,Xã Hòa Hội,Trường Mầm non Hòa Hưng,Mầm non
Thành phố Hồ Chí Minh,Xã Hòa Hội,Trường Mầm non Đội 2,Mầm non
Thành phố Hồ Chí Minh,Xã Hòa Hội,Trường Mầm non Đội 4,Mầm non
Thành phố Hồ Chí Minh,Xã Hòa Hội,Trường Tiểu Học Kim Đồng,Tiểu học
Thành phố Hồ Chí Minh,Xã Hòa Hội,Trường Tiểu học Hòa Bình,Tiểu học
Thành phố Hồ Chí Minh,Xã Hòa Hội,Trường Tiểu học Hòa Hưng,Tiểu học
Thành phố Hồ Chí Minh,Xã Hòa Hội,Trường Tiểu học Hòa Hội,Tiểu học
Thành phố Hồ Chí Minh,Xã Hòa Hội,Trường Tiểu học Lương Thế Vinh,Tiểu học
Thành phố Hồ Chí Minh,Xã Hòa Hội,Trường Tiểu học Võ Nguyên Giáp,Tiểu học
Thành phố Hồ Chí Minh,Xã Hòa Hội,Trường Trung học cơ sở Hòa Hưng,THCS
Thành phố Hồ Chí Minh,Xã Hòa Hội,Trường Trung học cơ sở Hòa Hội,THCS
Thành phố Hồ Chí Minh,Xã Hòa Hội,Trường Trung học cơ sở Quang Trung,THCS
Thành phố Hồ Chí Minh,Xã Hòa Hội,Trường Trung học phổ thông Hòa Bình,THPT
Thành phố Hồ Chí Minh,Xã Hòa Hội,Trường Trung học phổ thông Hòa Hội,THPT
Thành phố Hồ Chí Minh,Xã Hòa Hội,Trường mầm non Hoa Mai,Mầm non
Thành phố Hồ Chí Minh,Xã Hóc Môn,Trường Mầm non Bé Ngoan,Mầm non
Thành phố Hồ Chí Minh,Xã Hóc Môn,Trường Mầm non Bé Ngoan 1,Mầm non
Thành phố Hồ Chí Minh,Xã Hóc Môn,Trường Tiểu học Nguyễn An Ninh,Tiểu học
Thành phố Hồ Chí Minh,Xã Hóc Môn,Trường Tiểu học Ấp Đình,Tiểu học
Thành phố Hồ Chí Minh,Xã Hóc Môn,Trường Trung học cơ sở Nguyễn An Khương,THCS
Thành phố Hồ Chí Minh,Xã Hóc Môn,Trường Trung học cơ sở Nguyễn Thị Minh Khai,THCS
Thành phố Hồ Chí Minh,Xã Hóc Môn,Trường Trung học cơ sở tô ký,THCS
Thành phố Hồ Chí Minh,Xã Hóc Môn,Trường Trung học phổ thông Hồ Thị Bi,THPT
Thành phố Hồ Chí Minh,Xã Hóc Môn,trường tiểu học Trương Văn Ngài,Tiểu học
Thành phố Hồ Chí Minh,Xã Hưng Long,Tiểu học Quy Đức,Tiểu học
Thành phố Hồ Chí Minh,Xã Hưng Long,Trường Tiểu Học Hưng Long,Tiểu học
Thành phố Hồ Chí Minh,Xã Hưng Long,Trường Tiểu học Nguyễn Văn Trân,Tiểu học
Thành phố Hồ Chí Minh,Xã Hưng Long,Trường Tiểu học Qui Đức,Tiểu học
Thành phố Hồ Chí Minh,Xã Hưng Long,Trường Tiểu học Rạch Già,Tiểu học
Thành phố Hồ Chí Minh,Xã Hưng Long,Trường Trung học cơ sở Hưng Long,THCS
Thành phố Hồ Chí Minh,Xã Hưng Long,Trường Trung học cơ sở Đa Phước,THCS
Thành phố Hồ Chí Minh,Xã Hưng Long,Trường Trung học phổ thông Đa Phước,THPT
Thành phố Hồ Chí Minh,Xã Hưng Long,Trường mầm non Phong Lan,Mầm non
Thành phố Hồ Chí Minh,Xã Hồ Tràm,Trường Mầm non 1 tháng 6,Mầm non
Thành phố Hồ Chí Minh,Xã Hồ Tràm,Trường Mầm non Hoa Sen,Mầm non
Thành phố Hồ Chí Minh,Xã Hồ Tràm,Trường Tiểu học Gò Cát,Tiểu học
Thành phố Hồ Chí Minh,Xã Hồ Tràm,Trường Tiểu học Huỳnh Minh Thạnh,Tiểu học
Thành phố Hồ Chí Minh,Xã Hồ Tràm,Trường Tiểu học Hồ Tràm,Tiểu học
Thành phố Hồ Chí Minh,Xã Hồ Tràm,Trường Tiểu học Phước Bửu,Tiểu học
Thành phố Hồ Chí Minh,Xã Hồ Tràm,Trường Tiểu học Phước Tân,Tiểu học
Thành phố Hồ Chí Minh,Xã Hồ Tràm,Trường Tiểu học Trần Quốc Toản,Tiểu học
Thành phố Hồ Chí Minh,Xã Hồ Tràm,Trường Trung học cơ sở Chu Văn An,THCS
Thành phố Hồ Chí Minh,Xã Hồ Tràm,Trường Trung học cơ sở Phước Bửu,THCS
Thành phố Hồ Chí Minh,Xã Hồ Tràm,Trường Trung học cơ sở Phước Thuận,THCS
Thành phố Hồ Chí Minh,Xã Hồ Tràm,Trường Trung học cơ sở Phước Tân,THCS
Thành phố Hồ Chí Minh,Xã Hồ Tràm,Trường Trung học phổ thông Phước Bửu,THPT
Thành phố Hồ Chí Minh,Xã Hồ Tràm,Trường Trung học phổ thông Xuyên Mộc,THPT
Thành phố Hồ Chí Minh,Xã Hồ Tràm,Trường tiểu học Láng Sim,Tiểu học
Thành phố Hồ Chí Minh,Xã Kim Long,Trường Mầm non Hoa Hồng,Mầm non
Thành phố Hồ Chí Minh,Xã Kim Long,Trường Tiểu học Kim Long,Tiểu học
Thành phố Hồ Chí Minh,Xã Kim Long,Trường Tiểu học Lê Hồng Phong,Tiểu học
Thành phố Hồ Chí Minh,Xã Kim Long,Trường Tiểu học Nguyễn Đình Chiểu,Tiểu học
Thành phố Hồ Chí Minh,Xã Kim Long,Trường Tiểu học Nguyễn Đình Chiểu 1,Tiểu học
Thành phố Hồ Chí Minh,Xã Kim Long,Trường Trung học cơ sở Cao Bá Quát,THCS
Thành phố Hồ Chí Minh,Xã Kim Long,Trường Trung học cơ sở Kim Long,THCS
Thành phố Hồ Chí Minh,Xã Kim Long,Trường Trung học cơ sở Phan Đình Phùng,THCS
Thành phố Hồ Chí Minh,Xã Kim Long,Trường Trung học phổ thông Dân tộc Nội trú tỉnh Bà Rịa-Vũng Tàu,THPT
Thành phố Hồ Chí Minh,Xã Kim Long,Trường Trung học phổ thông Trần Phú,THPT
Thành phố Hồ Chí Minh,Xã Long Hòa,KVC-Tiên Phong-DT749B-Ấp Tiên Phong- Long Hoà- Dầu Tiếng- Bình Dương-0979003011,Mầm non
Thành phố Hồ Chí Minh,Xã Long Hòa,THọc-Phổ Thông Long Hoà-DT749A-Ấp Long Điền- Long Hoà- Dầu Tiếng- Bình Dương-,THPT
Thành phố Hồ Chí Minh,Xã Long Hòa,THọc-Tiểu Học Long Hoà- sau Chợ Long Hoà-Ấp Long Điền- Long Hoà- Dầu Tiếng- Bình Dương-,Tiểu học
Thành phố Hồ Chí Minh,Xã Long Hòa,THọc-Tiểu Học Long Hoà-DT749B-Ấp Thị Tính- Long Hoà- Dầu Tiếng- Bình Dương,Tiểu học
Thành phố Hồ Chí Minh,Xã Long Hòa,THọc-Tiểu Học Long Tân-DT749A-Ấp Long Chiểu- Long Tân- Dầu Tiếng- Bình Dương-,Tiểu học
Thành phố Hồ Chí Minh,Xã Long Hải,Trường Mầm non Hoa Sen,Mầm non
Thành phố Hồ Chí Minh,Xã Long Hải,Trường Mầm non Hoa Sữa,Mầm non
Thành phố Hồ Chí Minh,Xã Long Hải,Trường Mầm non Hoàng Anh,Mầm non
Thành phố Hồ Chí Minh,Xã Long Hải,Trường Mầm non Long Hải B,Mầm non
Thành phố Hồ Chí Minh,Xã Long Hải,Trường Mầm non Sao Việt,Mầm non
Thành phố Hồ Chí Minh,Xã Long Hải,Trường Mầm non Ánh Dương,Mầm non
Thành phố Hồ Chí Minh,Xã Long Hải,Trường Tiểu học Chu Văn An,Tiểu học
Thành phố Hồ Chí Minh,Xã Long Hải,Trường Tiểu học Hoàng Văn Thụ,Tiểu học
Thành phố Hồ Chí Minh,Xã Long Hải,Trường Tiểu học Kim Đồng,Tiểu học
Thành phố Hồ Chí Minh,Xã Long Hải,Trường Tiểu học Lê Hồng Phong,Tiểu học
Thành phố Hồ Chí Minh,Xã Long Hải,Trường Tiểu học Lê Lợi,Tiểu học
Thành phố Hồ Chí Minh,Xã Long Hải,Trường Tiểu học Lý Tự Trọng,Tiểu học
Thành phố Hồ Chí Minh,Xã Long Hải,Trường Tiểu học Lương Thế Vinh,Tiểu học
Thành phố Hồ Chí Minh,Xã Long Hải,Trường Tiểu học Nguyễn Bỉnh Khiêm,Tiểu học
Thành phố Hồ Chí Minh,Xã Long Hải,Trường Tiểu học Nguyễn Thị Minh Khai,Tiểu học
Thành phố Hồ Chí Minh,Xã Long Hải,Trường Tiểu học Phước Tỉnh,Tiểu học
Thành phố Hồ Chí Minh,Xã Long Hải,Trường Tiểu học Phạm Ngũ Lão,Tiểu học
Thành phố Hồ Chí Minh,Xã Long Hải,Trường Tiểu học Trần Quốc Toản,Tiểu học
Thành phố Hồ Chí Minh,Xã Long Hải,Trường Tiểu học Võ Văn Kiệt,Tiểu học
Thành phố Hồ Chí Minh,Xã Long Hải,Trường Trung học cơ sở Hùng Vương,THCS
Thành phố Hồ Chí Minh,Xã Long Hải,Trường Trung học cơ sở Nguyễn Công Trứ,THCS
Thành phố Hồ Chí Minh,Xã Long Hải,Trường Trung học cơ sở Nguyễn Huệ,THCS
Thành phố Hồ Chí Minh,Xã Long Hải,Trường Trung học cơ sở Nguyễn Thị Định,THCS
Thành phố Hồ Chí Minh,Xã Long Hải,Trường Trung học cơ sở Nguyễn Trãi,THCS
Thành phố Hồ Chí Minh,Xã Long Hải,Trường Trung học cơ sở Phạm Hồng Thái,THCS
Thành phố Hồ Chí Minh,Xã Long Hải,Trường Trung học cơ sở Trần Nguyên Hãn,THCS
Thành phố Hồ Chí Minh,Xã Long Hải,Trường Trung học phổ thông Long Hải Phước Tỉnh,THPT
Thành phố Hồ Chí Minh,Xã Long Hải,Trường Trung học phổ thông Minh Đạm,THPT
Thành phố Hồ Chí Minh,Xã Long Sơn,Trường Mầm non Long Sơn 2,Mầm non
Thành phố Hồ Chí Minh,Xã Long Sơn,Trường Mầm non Sao Mai Long Sơn,Mầm non
Thành phố Hồ Chí Minh,Xã Long Sơn,Trường Mầm non Tuổi thơ,Mầm non
Thành phố Hồ Chí Minh,Xã Long Sơn,Trường Tiểu học Long Sơn 1,Tiểu học
Thành phố Hồ Chí Minh,Xã Long Sơn,Trường Tiểu học Long Sơn 2,Tiểu học
Thành phố Hồ Chí Minh,Xã Long Sơn,Trường Tiểu học Long Sơn 2 (cơ sở Gò Găng),Tiểu học
Thành phố Hồ Chí Minh,Xã Long Sơn,Trường Trung học cơ sở Bạch Đằng,THCS
Thành phố Hồ Chí Minh,Xã Long Điền,Mac Dinh Chi Secondary School,THCS
Thành phố Hồ Chí Minh,Xã Long Điền,Trường Mầm non Bình Minh,Mầm non
Thành phố Hồ Chí Minh,Xã Long Điền,Trường Mầm non Hoa Mặt Trời,Mầm non
Thành phố Hồ Chí Minh,Xã Long Điền,Trường Mầm non Long Điền,Mầm non
Thành phố Hồ Chí Minh,Xã Long Điền,Trường Mầm non Nam Côn Sơn,Mầm non
Thành phố Hồ Chí Minh,Xã Long Điền,Trường Mầm non Nắng Mai,Mầm non
Thành phố Hồ Chí Minh,Xã Long Điền,Trường Tiểu học Cao Văn Ngọc,Tiểu học
Thành phố Hồ Chí Minh,Xã Long Điền,Trường Tiểu học Long Liên,Tiểu học
Thành phố Hồ Chí Minh,Xã Long Điền,Trường Tiểu học Long Liên (cơ sở 2),Tiểu học
Thành phố Hồ Chí Minh,Xã Long Điền,Trường Tiểu học Long Điền,Tiểu học
Thành phố Hồ Chí Minh,Xã Long Điền,Trường Tiểu học Tam Phước,Tiểu học
Thành phố Hồ Chí Minh,Xã Long Điền,Trường Tiểu học Đặng Văn Dực,Tiểu học
Thành phố Hồ Chí Minh,Xã Long Điền,Trường Trung học cơ sở Huỳnh Tịnh Của,THCS
Thành phố Hồ Chí Minh,Xã Long Điền,Trường Trung học cơ sở Phạm Hữu Chí,THCS
Thành phố Hồ Chí Minh,Xã Long Điền,Trường Trung học cơ sở Văn Lương,THCS
Thành phố Hồ Chí Minh,Xã Long Điền,Trường Trung học phổ thông Trần Văn Quan,THPT
Thành phố Hồ Chí Minh,Xã Minh Thạnh,THọc-Tiểu Học Minh Thạnh-Tổ 1- Ấp Lò Gạch- Minh Thạnh- Dầu Tiếng- Bình Dương,Tiểu học
Thành phố Hồ Chí Minh,Xã Minh Thạnh,THọc-Tiểu Học Minh Tân-Ấp Tân Thanh- Minh Tân- Dầu Tiếng,Tiểu học
Thành phố Hồ Chí Minh,Xã Minh Thạnh,THọc-Trung Học& Phổ Thông-DH749B-Ấp Hoà Cường-Xã Minh Hoà-Huyện Dầu Tiếng-Bình Dương-02743548578,THPT
Thành phố Hồ Chí Minh,Xã Minh Thạnh,Trường Tiểu học Hoà Lộc,Tiểu học
Thành phố Hồ Chí Minh,Xã Minh Thạnh,Trường Tiểu học Minh Hoà,Tiểu học
Thành phố Hồ Chí Minh,Xã Minh Thạnh,Trường Trung học cơ sở-Trung học phổ thông Minh Hoà,THCS
Thành phố Hồ Chí Minh,Xã Nghĩa Thành,Trường Tiểu học Nghĩa Thành,Tiểu học
Thành phố Hồ Chí Minh,Xã Nghĩa Thành,Trường Tiểu học Sông Cầu,Tiểu học
Thành phố Hồ Chí Minh,Xã Nghĩa Thành,Trường Tiểu học Đinh Tiên Hoàng,Tiểu học
Thành phố Hồ Chí Minh,Xã Nghĩa Thành,Trường Trung học cơ sở Quang Trung,THCS
Thành phố Hồ Chí Minh,Xã Nghĩa Thành,Trường Trung học cơ sở Võ Trường Toản,THCS
Thành phố Hồ Chí Minh,Xã Nghĩa Thành,Trường Trung học phổ thông Ngô Quyền,THPT
Thành phố Hồ Chí Minh,Xã Ngãi Giao,Trường Mầm non Hoa Mai,Mầm non
Thành phố Hồ Chí Minh,Xã Ngãi Giao,Trường Mầm non Hoa Sữa,Mầm non
Thành phố Hồ Chí Minh,Xã Ngãi Giao,Trường Mầm non Sao Mai,Mầm non
Thành phố Hồ Chí Minh,Xã Ngãi Giao,Trường Mầm non Ánh Dương,Mầm non
Thành phố Hồ Chí Minh,Xã Ngãi Giao,Trường Mẫu giáo Bình Ba,Mầm non
Thành phố Hồ Chí Minh,Xã Ngãi Giao,Trường Tiểu học Bình Ba,Tiểu học
Thành phố Hồ Chí Minh,Xã Ngãi Giao,Trường Tiểu học Nguyễn Thị Minh Khai,Tiểu học
Thành phố Hồ Chí Minh,Xã Ngãi Giao,Trường Tiểu học Phú Xuân,Tiểu học
Thành phố Hồ Chí Minh,Xã Ngãi Giao,Trường Tiểu học Suối Nghệ,Tiểu học
Thành phố Hồ Chí Minh,Xã Ngãi Giao,Trường Trung học cơ sở Châu Đức,THCS
Thành phố Hồ Chí Minh,Xã Ngãi Giao,Trường Trung học cơ sở Nguyễn Du,THCS
Thành phố Hồ Chí Minh,Xã Ngãi Giao,Trường Trung học cơ sở Phan Bội Châu,THCS
Thành phố Hồ Chí Minh,Xã Ngãi Giao,Trường Trung học cơ sở Trần Hưng Đạo,THCS
Thành phố Hồ Chí Minh,Xã Ngãi Giao,Trường Trung học phổ thông Nguyễn Du,THPT
Thành phố Hồ Chí Minh,Xã Ngãi Giao,Trường Trung học phổ thông Nguyễn Trãi,THPT
Thành phố Hồ Chí Minh,Xã Nhuận Đức,Trường Trung học cơ sở Phạm Văn Cội,THCS
Thành phố Hồ Chí Minh,Xã Nhuận Đức,Trường Trung học cơ sở Trung Lập Hạ,THCS
Thành phố Hồ Chí Minh,Xã Nhà Bè,Kids World 2 - Trường Mầm non Quốc tế Nhà Bè - Mầm non Song ngữ,Mầm non
Thành phố Hồ Chí Minh,Xã Nhà Bè,The ABC International School,
Thành phố Hồ Chí Minh,Xã Nhà Bè,Trường Mầm non Hoa Lan,Mầm non
Thành phố Hồ Chí Minh,Xã Nhà Bè,Trường Tiểu học Bùi Văn Ba,Tiểu học
Thành phố Hồ Chí Minh,Xã Nhà Bè,Trường Tiểu học Lâm Văn Bền,Tiểu học
Thành phố Hồ Chí Minh,Xã Nhà Bè,Trường Tiểu học Lê Quang Định,Tiểu học
Thành phố Hồ Chí Minh,Xã Nhà Bè,Trường Tiểu học Nguyễn Bình (Cơ sở 1),Tiểu học
Thành phố Hồ Chí Minh,Xã Nhà Bè,Trường Tiểu học Nguyễn Bình (cơ sở 2),Tiểu học
Thành phố Hồ Chí Minh,Xã Nhà Bè,Trường Tiểu học Nguyễn Việt Hồng,Tiểu học
Thành phố Hồ Chí Minh,Xã Nhà Bè,Trường Tiểu học Tạ Uyên,Tiểu học
Thành phố Hồ Chí Minh,Xã Nhà Bè,Trường Trung học cơ sở Lê Thành Công,THCS
Thành phố Hồ Chí Minh,Xã Nhà Bè,Trường Trung học cơ sở Nguyễn Bỉnh Khiêm,THCS
Thành phố Hồ Chí Minh,Xã Nhà Bè,Trường Trung học cơ sở Nguyễn Thị Hương,THCS
Thành phố Hồ Chí Minh,Xã Nhà Bè,Trường Trung học cơ sở Nguyễn Văn Quỳ,THCS
Thành phố Hồ Chí Minh,Xã Nhà Bè,Trường Trung học phổ thông Dương Văn Dương,THPT
Thành phố Hồ Chí Minh,Xã Nhà Bè,Trường Trung học phổ thông Phước Kiển,THPT
Thành phố Hồ Chí Minh,Xã Nhà Bè,Trường mầm non Mạ Non,Mầm non
Thành phố Hồ Chí Minh,Xã Phú Giáo,KVC-Hello kids - - Tam Lập- Phú Giáo-0919791079,Mầm non
Thành phố Hồ Chí Minh,Xã Phú Giáo,Kid Play,Mầm non
Thành phố Hồ Chí Minh,Xã Phú Giáo,THọc-Tiểu Học An Bình 2 - -Dt741 -Ấp An Bình-An Bình-huyện phú giáo,Tiểu học
Thành phố Hồ Chí Minh,Xã Phú Giáo,THọc-Tiểu Học Phước Vĩnh - - Phước Vĩnh- Phú Giáo,Tiểu học
Thành phố Hồ Chí Minh,Xã Phú Giáo,THọc-Tiểu và Trung Học cơ sở Tam Lập - - Tam Lập- Phú Giáo,THCS
Thành phố Hồ Chí Minh,Xã Phú Giáo,Trường Tiểu học Phước Vĩnh A,Tiểu học
Thành phố Hồ Chí Minh,Xã Phú Giáo,Trường Tiểu học Phước Vĩnh B,Tiểu học
Thành phố Hồ Chí Minh,Xã Phú Giáo,Trường Trung học cơ sở Trần Hưng Đạo,THCS
Thành phố Hồ Chí Minh,Xã Phú Giáo,Trường Trung học phổ thông Phước Vĩnh,THPT
Thành phố Hồ Chí Minh,Xã Phú Hòa Đông,Trường Mầm non Phú Hoà Đông,Mầm non
Thành phố Hồ Chí Minh,Xã Phú Hòa Đông,Trường Tiểu học Phú Hoà Đông,Tiểu học
Thành phố Hồ Chí Minh,Xã Phú Hòa Đông,Trường Trung học Cơ sở Phú Hoà Đông,THCS
Thành phố Hồ Chí Minh,Xã Phú Hòa Đông,Trường Trung học cơ sở Tân Thạnh Tây,THCS
Thành phố Hồ Chí Minh,Xã Phú Hòa Đông,Trường Trung học phổ thông Phú Hoà,THPT
Thành phố Hồ Chí Minh,Xã Phú Hòa Đông,Trường Trung học phổ thông Trung Phú,THPT
Thành phố Hồ Chí Minh,Xã Phước Hòa,THọc-Tiểu Học Vĩnh Hoà - -Xã Vĩnh Hoà-Phú Giáo,Tiểu học
Thành phố Hồ Chí Minh,Xã Phước Hòa,THọc-Tiểu Học Vĩnh Hoà B - -Tân hiệp- phú giáo-Bình dương,Tiểu học
Thành phố Hồ Chí Minh,Xã Phước Hòa,Trường Tiểu học Phước Hòa,Tiểu học
Thành phố Hồ Chí Minh,Xã Phước Hòa,Trường Trung học cơ sở Phước Hòa,THCS
Thành phố Hồ Chí Minh,Xã Phước Hòa,Trường Trung học phổ thông Phước Hoà,THPT
Thành phố Hồ Chí Minh,Xã Phước Hải,Trường Mầm non Lộc An,Mầm non
Thành phố Hồ Chí Minh,Xã Phước Hải,Trường Mầm non Ngôi Sao Nhỏ,Mầm non
Thành phố Hồ Chí Minh,Xã Phước Hải,Trường Mầm non Phước Hải,Mầm non
Thành phố Hồ Chí Minh,Xã Phước Hải,Trường Mầm non Phước Điền,Mầm non
Thành phố Hồ Chí Minh,Xã Phước Hải,Trường Tiểu học Long Mỹ,Tiểu học
Thành phố Hồ Chí Minh,Xã Phước Hải,Trường Tiểu học Lộc An,Tiểu học
Thành phố Hồ Chí Minh,Xã Phước Hải,Trường Tiểu học Phước Hải 1,Tiểu học
Thành phố Hồ Chí Minh,Xã Phước Hải,Trường Tiểu học Phước Hải 2,Tiểu học
Thành phố Hồ Chí Minh,Xã Phước Hải,Trường Tiểu học Phước Hải 3,Tiểu học
Thành phố Hồ Chí Minh,Xã Phước Hải,Trường Tiểu học Phước Lợi,Tiểu học
Thành phố Hồ Chí Minh,Xã Phước Hải,Trường Trung học cơ sở Châu Văn Biếc,THCS
Thành phố Hồ Chí Minh,Xã Phước Hải,Trường Trung học cơ sở Lộc An,THCS
Thành phố Hồ Chí Minh,Xã Phước Hải,Trường Trung học cơ sở Phước Hải,THCS
Thành phố Hồ Chí Minh,Xã Phước Hải,Trường Trung học cơ sở Phước Hải 2,THCS
Thành phố Hồ Chí Minh,Xã Phước Hải,Trường Trung học cơ sở Phước Hội,THCS
Thành phố Hồ Chí Minh,Xã Phước Hải,Trường Trung học phổ thông Dương Bạch Mai,THPT
Thành phố Hồ Chí Minh,Xã Phước Thành,THọc-Tiểu Học Phước Sang - -Phước Sang- phú giáo-Bình dương,Tiểu học
Thành phố Hồ Chí Minh,Xã Phước Thành,THọc-Tiểu Học Tân Hiệp - -Tân hiệp- phú giáo-Bình dương,Tiểu học
Thành phố Hồ Chí Minh,Xã Phước Thành,Trường Trung học cơ sở Trần Quang Diệu,THCS
Thành phố Hồ Chí Minh,Xã Phước Thành,Trường Trung học phổ thông Nguyễn Huệ,THPT
Thành phố Hồ Chí Minh,Xã Thái Mỹ,Trường Trung học phổ thông Quang Trung,THPT
Thành phố Hồ Chí Minh,Xã Thái Mỹ,Trường Trung học phổ thông Trung Lập,THPT
Thành phố Hồ Chí Minh,Xã Thường Tân,Trường Tiểu học Thường Tân,Tiểu học
Thành phố Hồ Chí Minh,Xã Thường Tân,Trường Trung học phổ thông Thường Tân,THPT
Thành phố Hồ Chí Minh,Xã Thạnh An,THọc- Tiểu Học Thanh An-DT74– Cần Giang- Thanh An-TT.Dầu Tiếng-Bình Dương,Tiểu học
Thành phố Hồ Chí Minh,Xã Thạnh An,THọc-Tiểu Học Thanh Tân--Thanh Tân- Thanh An-TT.Dầu Tiếng-Bình Dương,Tiểu học
Thành phố Hồ Chí Minh,Xã Thạnh An,Trường Tiểu học Thạnh An,Tiểu học
Thành phố Hồ Chí Minh,Xã Thạnh An,Trường Trung học cơ sở và Trung học phổ thông Thạnh An,THCS
Thành phố Hồ Chí Minh,Xã Tân An Hội,Trường Tiểu học Huỳnh Văn Cọ,Tiểu học
Thành phố Hồ Chí Minh,Xã Tân An Hội,Trường Tiểu học Thị Trấn Củ Chi 2,Tiểu học
Thành phố Hồ Chí Minh,Xã Tân An Hội,Trường Tiểu học Tân Thành,Tiểu học
Thành phố Hồ Chí Minh,Xã Tân An Hội,Trường Trung học cơ sở Thị Trấn 2,THCS
Thành phố Hồ Chí Minh,Xã Tân An Hội,Trường Trung học phổ thông Củ Chi,THPT
Thành phố Hồ Chí Minh,Xã Tân Nhựt,Mầm non Hoa Anh Đào,Mầm non
Thành phố Hồ Chí Minh,Xã Tân Nhựt,Trướng Tiểu học Tân Kiên,Tiểu học
Thành phố Hồ Chí Minh,Xã Tân Nhựt,Trường Tiểu Học Lương Thế Vinh,Tiểu học
Thành phố Hồ Chí Minh,Xã Tân Nhựt,Trường Tiểu Học Tân Nhựt 6,Tiểu học
Thành phố Hồ Chí Minh,Xã Tân Nhựt,Trường Tiểu Học Tân Túc 2,Tiểu học
Thành phố Hồ Chí Minh,Xã Tân Nhựt,Trường Tiểu học Tân Nhựt,Tiểu học
Thành phố Hồ Chí Minh,Xã Tân Nhựt,Trường Tiểu học Tân Túc,Tiểu học
Thành phố Hồ Chí Minh,Xã Tân Nhựt,Trường Trung học cơ sở Tân Kiên,THCS
Thành phố Hồ Chí Minh,Xã Tân Nhựt,Trường Trung học cơ sở Tân Nhựt,THCS
Thành phố Hồ Chí Minh,Xã Tân Nhựt,Trường Trung học cơ sở Tân Túc,THCS
Thành phố Hồ Chí Minh,Xã Tân Nhựt,Trường Trung học phổ thông Tân Túc,THPT
Thành phố Hồ Chí Minh,Xã Tân Vĩnh Lộc,Trường Mầm Non Anh Duy,Mầm non
Thành phố Hồ Chí Minh,Xã Tân Vĩnh Lộc,Trường Tiểu Học Trần Quốc Toản,Tiểu học
Thành phố Hồ Chí Minh,Xã Tân Vĩnh Lộc,Trường Tiểu học An Hạ,Tiểu học
Thành phố Hồ Chí Minh,Xã Tân Vĩnh Lộc,Trường Tiểu học Lại Hùng Cường,Tiểu học
Thành phố Hồ Chí Minh,Xã Tân Vĩnh Lộc,Trường Tiểu học Phạm Văn Hai,Tiểu học
Thành phố Hồ Chí Minh,Xã Tân Vĩnh Lộc,Trường Trung học cơ sở Võ Văn Vân,THCS
Thành phố Hồ Chí Minh,Xã Tân Vĩnh Lộc,Trường Trung học cơ sở Vĩnh Lộc B,THCS
Thành phố Hồ Chí Minh,Xã Tân Vĩnh Lộc,Trường Trung học phổ thông Vĩnh Lộc B,THPT
Thành phố Hồ Chí Minh,Xã Tân Vĩnh Lộc,Trường mầm non Hoa thiên lý 2,Mầm non
Thành phố Hồ Chí Minh,Xã Tân Vĩnh Lộc,Trường tiểu học Võ Văn Vân,Tiểu học
Thành phố Hồ Chí Minh,Xã Tân Vĩnh Lộc,Trường tiểu học Vĩnh Lộc B,Tiểu học
Thành phố Hồ Chí Minh,Xã Vĩnh Lộc,Mầm non Hoa Phượng 1,Mầm non
Thành phố Hồ Chí Minh,Xã Vĩnh Lộc,Trường Tiểu học Huỳnh Văn Bánh,Tiểu học
Thành phố Hồ Chí Minh,Xã Vĩnh Lộc,Trường Tiểu học Vĩnh Lộc 1,Tiểu học
Thành phố Hồ Chí Minh,Xã Vĩnh Lộc,Trường Tiểu học Vĩnh Lộc 2,Tiểu học
Thành phố Hồ Chí Minh,Xã Vĩnh Lộc,Trường Tiểu học Vĩnh Lộc A,Tiểu học
Thành phố Hồ Chí Minh,Xã Vĩnh Lộc,Trường Trung học cơ sở Vĩnh Lộc A,THCS
Thành phố Hồ Chí Minh,Xã Vĩnh Lộc,Trường Trung học cơ sở Đồng Đen,THCS
Thành phố Hồ Chí Minh,Xã Xuyên Mộc,Trường Tiểu học Bông Trang,Tiểu học
Thành phố Hồ Chí Minh,Xã Xuyên Mộc,Trường Tiểu học Bưng Riềng,Tiểu học
Thành phố Hồ Chí Minh,Xã Xuyên Mộc,Trường Tiểu học xã Xuyên Mộc,Tiểu học
Thành phố Hồ Chí Minh,Xã Xuyên Mộc,Trường Trung học cơ sở Bông Trang,THCS
Thành phố Hồ Chí Minh,Xã Xuyên Mộc,Trường Trung học cơ sở Xuyên Mộc,THCS
Thành phố Hồ Chí Minh,Xã Xuyên Mộc,Trường Trung học phổ thông Bưng Riềng,THPT
Thành phố Hồ Chí Minh,Xã Xuân Sơn,Trường Mẫu giáo Tuổi Thơ,Mầm non
Thành phố Hồ Chí Minh,Xã Xuân Sơn,Trường Tiểu học Kim Đồng,Tiểu học
Thành phố Hồ Chí Minh,Xã Xuân Sơn,Trường Tiểu học Lê Văn Tám,Tiểu học
Thành phố Hồ Chí Minh,Xã Xuân Sơn,Trường Tiểu học Trần Phú,Tiểu học
Thành phố Hồ Chí Minh,Xã Xuân Sơn,Trường Tiểu học Tân Bình,Tiểu học
Thành phố Hồ Chí Minh,Xã Xuân Sơn,Trường Trung học cơ sở Lê Lợi,THCS
Thành phố Hồ Chí Minh,Xã Xuân Sơn,Trường Trung học cơ sở Lý Thường Kiệt,THCS
Thành phố Hồ Chí Minh,Xã Xuân Sơn,Trường Trung học cơ sở Nguyễn Trung Trực,THCS
Thành phố Hồ Chí Minh,Xã Xuân Sơn,Trường Trung học phổ thông Nguyễn Văn Cừ,THPT
Thành phố Hồ Chí Minh,Xã Xuân Thới Sơn,Trường Mầm non Hướng Dương,Mầm non
Thành phố Hồ Chí Minh,Xã Xuân Thới Sơn,Trường Tiểu học Lý Chính Thắng 2,Tiểu học
Thành phố Hồ Chí Minh,Xã Xuân Thới Sơn,Trường Tiểu học Nhị Tân,Tiểu học
Thành phố Hồ Chí Minh,Xã Xuân Thới Sơn,Trường Tiểu học Nhị Xuân,Tiểu học
Thành phố Hồ Chí Minh,Xã Xuân Thới Sơn,Trường Tiểu học Trần Văn Mười,Tiểu học
Thành phố Hồ Chí Minh,Xã Xuân Thới Sơn,Trường Trung học cơ sở Tân Xuân,THCS
Thành phố Hồ Chí Minh,Xã Xuân Thới Sơn,Trường Trung học cơ sở lý chính thắng 1,THCS
Thành phố Hồ Chí Minh,Xã Xuân Thới Sơn,Trường Trung học phổ thông Phạm Văn Sáng,THPT
Thành phố Hồ Chí Minh,Xã Đông Thạnh,Trường Mầm non 2/9,Mầm non
Thành phố Hồ Chí Minh,Xã Đông Thạnh,Trường Mầm non Bông Sen,Mầm non
Thành phố Hồ Chí Minh,Xã Đông Thạnh,Trường Mầm non Sơn Ca,Mầm non
Thành phố Hồ Chí Minh,Xã Đông Thạnh,Trường Tiểu Học Hoàng Hoa Thám,Tiểu học
Thành phố Hồ Chí Minh,Xã Đông Thạnh,Trường Tiểu học Nguyễn Thị Nuôi,Tiểu học
Thành phố Hồ Chí Minh,Xã Đông Thạnh,Trường Tiểu học Tam Đông 2,Tiểu học
Thành phố Hồ Chí Minh,Xã Đông Thạnh,Trường Tiểu học Thới Tam,Tiểu học
Thành phố Hồ Chí Minh,Xã Đông Thạnh,Trường Tiểu học Thới Thạnh,Tiểu học
Thành phố Hồ Chí Minh,Xã Đông Thạnh,Trường Tiểu học Võ Văn Thặng,Tiểu học
Thành phố Hồ Chí Minh,Xã Đông Thạnh,Trường Trung học cơ sở Đông Thạnh,THCS
Thành phố Hồ Chí Minh,Xã Đông Thạnh,Trường Trung học cơ sở Đặng Công Bỉnh,THCS
Thành phố Hồ Chí Minh,Xã Đông Thạnh,Trường Trung học cơ sở Đặng Thúc Vịnh,THCS
Thành phố Hồ Chí Minh,Xã Đông Thạnh,Trường Trung học phổ thông Lý Thường Kiệt,THPT
Thành phố Hồ Chí Minh,Xã Đông Thạnh,Trường Trung học phổ thông Nguyễn Hữu Tiến,THPT
Thành phố Hồ Chí Minh,Xã Đông Thạnh,Trường tiểu học Trần Văn Danh,Tiểu học
Thành phố Hồ Chí Minh,Xã Đất Đỏ,Trường Mầm non Phước Hòa Long,Mầm non
Thành phố Hồ Chí Minh,Xã Đất Đỏ,Trường Mẫu giáo Long Tân,Mầm non
Thành phố Hồ Chí Minh,Xã Đất Đỏ,Trường Tiểu học Long Tân,Tiểu học
Thành phố Hồ Chí Minh,Xã Đất Đỏ,Trường Tiểu học Láng Dài,Tiểu học
Thành phố Hồ Chí Minh,Xã Đất Đỏ,Trường Tiểu học Nguyễn Thị Hoa,Tiểu học
Thành phố Hồ Chí Minh,Xã Đất Đỏ,Trường Tiểu học Võ Thị Sáu,Tiểu học
Thành phố Hồ Chí Minh,Xã Đất Đỏ,Trường Trung học cơ sở Long Tân,THCS
Thành phố Hồ Chí Minh,Xã Đất Đỏ,Trường Trung học cơ sở Láng Dài,THCS
Thành phố Hồ Chí Minh,Xã Đất Đỏ,Trường Trung học cơ sở Phước Thạnh,THCS
Thành phố Hồ Chí Minh,Xã Đất Đỏ,Trường Trung học cơ sở Đất Đỏ,THCS
Thành phố Hồ Chí Minh,Xã Đất Đỏ,Trường Trung học phổ thông Long Tân,THPT
Thành phố Hồ Chí Minh,Xã Đất Đỏ,Trường Trung học phổ thông Võ Thị Sáu,THPT
Thành phố Hồ Chí Minh,Xã Đất Đỏ,Điểm trường Tiểu học Võ Thị Sáu,Tiểu học
Thành phố Hồ Chí Minh,Đặc khu Côn Đảo,Trường Mầm non Hướng Dương,Mầm non
Thành phố Hồ Chí Minh,Đặc khu Côn Đảo,Trường Mầm non Tuổi Thơ,Mầm non
Thành phố Hồ Chí Minh,Đặc khu Côn Đảo,Trường Tiểu học Cao Văn Ngọc,Tiểu học
Thành phố Hồ Chí Minh,Đặc khu Côn Đảo,Trường Trung học cơ sở Lê Hồng Phong,THCS
Thành phố Hồ Chí Minh,Đặc khu Côn Đảo,Trường Trung học phổ thông Võ Thị Sáu,THPT
Thành phố Quảng Ninh,Phường Bãi Cháy,Trường Mầm non Hùng Thắng,Mầm non
Thành phố Quảng Ninh,Phường Bãi Cháy,Trường Quốc tế Singapore Hạ Long,
Thành phố Quảng Ninh,Phường Bãi Cháy,Trường Tiểu học & Trung học cơ sở Hùng Thắng,Liên cấp
Thành phố Quảng Ninh,Phường Bãi Cháy,Trường Tiểu học Bãi Cháy,Tiểu học
Thành phố Quảng Ninh,Phường Bãi Cháy,Trường Trung học Cơ sở Bãi Cháy,THCS
Thành phố Quảng Ninh,Phường Bãi Cháy,Trường Trung học Phổ thông Bãi Cháy,THPT
Thành phố Quảng Ninh,Phường Bãi Cháy,Trường Đào tạo cán bộ Nguyễn Văn Cừ,
Thành phố Quảng Ninh,Phường Cao Xanh,Trường Phổ thông Đoàn Thị Điểm,THPT
Thành phố Quảng Ninh,Phường Cao Xanh,Trường Tiểu học Cao Xanh,Tiểu học
Thành phố Quảng Ninh,Phường Cao Xanh,Trường Trung học cơ sở Cao Xanh,THCS
Thành phố Quảng Ninh,Phường Cao Xanh,Trường Trung học phổ thông Hạ Long,THPT
Thành phố Quảng Ninh,Phường Cẩm Phả,Trường Mầm non Hoa Sen,Mầm non
Thành phố Quảng Ninh,Phường Cẩm Phả,Trường Tiểu học Cẩm Bình,Tiểu học
Thành phố Quảng Ninh,Phường Cẩm Phả,Trường Tiểu học Cẩm Trung,Tiểu học
Thành phố Quảng Ninh,Phường Cẩm Phả,Trường Tiểu học Cẩm Đông,Tiểu học
Thành phố Quảng Ninh,Phường Cẩm Phả,Trường Tiểu học Hồ Tùng Mậu,Tiểu học
Thành phố Quảng Ninh,Phường Cẩm Phả,Trường Tiểu học Lễ Văn,Tiểu học
Thành phố Quảng Ninh,Phường Cẩm Phả,Trường Tiểu học Phan Bội Châu,Tiểu học
Thành phố Quảng Ninh,Phường Cẩm Phả,Trường Trung học cơ sở Chu Văn An,THCS
Thành phố Quảng Ninh,Phường Cẩm Phả,Trường Trung học cơ sở Cẩm Bình,THCS
Thành phố Quảng Ninh,Phường Cẩm Phả,Trường Trung học cơ sở Cẩm Thành,THCS
Thành phố Quảng Ninh,Phường Cẩm Phả,Trường Trung học cơ sở Nam Hải,THCS
Thành phố Quảng Ninh,Phường Cẩm Phả,Trường Trung học cơ sở Ngô Quyền,THCS
Thành phố Quảng Ninh,Phường Cẩm Phả,Trường Trung học cơ sở Trọng Điểm,THCS
Thành phố Quảng Ninh,Phường Cẩm Phả,Trường Trung học phổ thông Cẩm Phả,THPT
Thành phố Quảng Ninh,Phường Cẩm Phả,Trường Trung học phổ thông Lương Thế Vinh - cơ sở 1,THPT
Thành phố Quảng Ninh,Phường Cẩm Phả,Trường Trung học phổ thông Lương Thế Vinh - cơ sở 2,THPT
Thành phố Quảng Ninh,Phường Cửa Ông,Trường Tiểu học Cẩm Sơn 1,Tiểu học
Thành phố Quảng Ninh,Phường Cửa Ông,Trường Tiểu học Cẩm Sơn 2,Tiểu học
Thành phố Quảng Ninh,Phường Cửa Ông,Trường Tiểu học Thái Bình,Tiểu học
Thành phố Quảng Ninh,Phường Cửa Ông,Trường Tiểu học Trần Hưng Đạo,Tiểu học
Thành phố Quảng Ninh,Phường Cửa Ông,Trường Tiểu học Võ Thị Sáu,Tiểu học
Thành phố Quảng Ninh,Phường Cửa Ông,Trường Trung học cơ sở Cẩm Sơn,THCS
Thành phố Quảng Ninh,Phường Cửa Ông,Trường Trung học cơ sở Cẩm Thịnh,THCS
Thành phố Quảng Ninh,Phường Cửa Ông,Trường Trung học cơ sở Cửa Ông,THCS
Thành phố Quảng Ninh,Phường Cửa Ông,Trường Trung học cơ sở Lý Tự Trọng,THCS
Thành phố Quảng Ninh,Phường Cửa Ông,Trường Trung học phổ thông Hùng Vương,THPT
Thành phố Quảng Ninh,Phường Cửa Ông,Trường Trung học phổ thông Lê Hồng Phong,THPT
Thành phố Quảng Ninh,Phường Hoành Bồ,Trường Tiểu học Trới,Tiểu học
Thành phố Quảng Ninh,Phường Hoành Bồ,Trường Trung học cơ sở Trới,THCS
Thành phố Quảng Ninh,Phường Hoành Bồ,Trường Trung học phổ thông Hoành Bồ,THPT
Thành phố Quảng Ninh,Phường Hà Lầm,Trường Mầm non Hà Lầm,Mầm non
Thành phố Quảng Ninh,Phường Hà Lầm,Trường Tiểu học Hà Lầm,Tiểu học
Thành phố Quảng Ninh,Phường Hà Lầm,Trường Tiểu học Hữu Nghị,Tiểu học
Thành phố Quảng Ninh,Phường Hà Lầm,Trường Tiểu học Nguyễn Bá Ngọc,Tiểu học
Thành phố Quảng Ninh,Phường Hà Lầm,Trường Trung học cơ sở Hà Trung,THCS
Thành phố Quảng Ninh,Phường Hà Lầm,Trường Trung học cơ sở Nguyễn Văn Thuộc,THCS
Thành phố Quảng Ninh,Phường Hà Lầm,Trường Trung học phổ thông Ngô Quyền,THPT
Thành phố Quảng Ninh,Phường Hà Tu,Trường Trung học cơ sở Hà Tu,THCS
Thành phố Quảng Ninh,Phường Hà Tu,Trường Trung học cơ sở Minh Khai,THCS
Thành phố Quảng Ninh,Phường Hà Tu,Trường Trung học phổ thông Vũ Văn Hiếu,THPT
Thành phố Quảng Ninh,Phường Hạ Long,Trường Mầm non 1-6,Mầm non
Thành phố Quảng Ninh,Phường Hạ Long,Trường Mầm non Hoa Lan,Mầm non
Thành phố Quảng Ninh,Phường Hạ Long,Trường Tiểu học Lê Hồng Phong,Tiểu học
Thành phố Quảng Ninh,Phường Hạ Long,Trường Tiểu học Quang Trung,Tiểu học
Thành phố Quảng Ninh,Phường Hạ Long,Trường Tiểu học Quang Trung - phân hiệu 2,Tiểu học
Thành phố Quảng Ninh,Phường Hạ Long,Trường Tiểu học Trần Quốc Toản,Tiểu học
Thành phố Quảng Ninh,Phường Hạ Long,Trường Trung học cơ sở & Trung học phổ thông Lê Thánh Tông,THCS
Thành phố Quảng Ninh,Phường Hạ Long,Trường Trung học cơ sở Hồng Hải,THCS
Thành phố Quảng Ninh,Phường Hạ Long,Trường Trung học cơ sở Trọng Điểm,THCS
Thành phố Quảng Ninh,Phường Hạ Long,Trường Trung học phổ thông Hòn Gai,THPT
Thành phố Quảng Ninh,Phường Hạ Long,Trường Trung học phổ thông chuyên Hạ Long,THPT
Thành phố Quảng Ninh,Phường Hồng Gai,Steam Garten,Mầm non
Thành phố Quảng Ninh,Phường Hồng Gai,Trường Mầm non Hạ Long,Mầm non
Thành phố Quảng Ninh,Phường Hồng Gai,Trường Tiểu học Hồng Gai (cơ sở 1),Tiểu học
Thành phố Quảng Ninh,Phường Hồng Gai,Trường Tiểu học Hồng Gai (cơ sở 2),Tiểu học
Thành phố Quảng Ninh,Phường Hồng Gai,Trường Tiểu học Trần Hưng Đạo,Tiểu học
Thành phố Quảng Ninh,Phường Hồng Gai,Trường Tiểu học Trần Hưng Đạo (cơ sở 2),Tiểu học
Thành phố Quảng Ninh,Phường Hồng Gai,"Trường Tiểu học, Trung học cơ sở & Trung học phổ thông Văn Lang",Liên cấp
Thành phố Quảng Ninh,Phường Hồng Gai,Trường Trung học cơ sở Lê Văn Tám,THCS
Thành phố Quảng Ninh,Phường Hồng Gai,Trường Trung học cơ sở Lê Văn Tám (phân hiệu I),THCS
Thành phố Quảng Ninh,Phường Hồng Gai,Trường Trung học cơ sở Lê Văn Tám (phân hiệu II),THCS
Thành phố Quảng Ninh,Phường Móng Cái 1,Trường Mầm non Hoa Hồng,Mầm non
Thành phố Quảng Ninh,Phường Móng Cái 1,Trường Mầm non Hoa Mai,Mầm non
Thành phố Quảng Ninh,Phường Móng Cái 1,Trường Mầm non Hải Hòa,Mầm non
Thành phố Quảng Ninh,Phường Móng Cái 1,Trường Mầm non Hải Xuân,Mầm non
Thành phố Quảng Ninh,Phường Móng Cái 1,Trường Tiểu học Bình Ngọc,Tiểu học
Thành phố Quảng Ninh,Phường Móng Cái 1,Trường Tiểu học Hải Hòa,Tiểu học
Thành phố Quảng Ninh,Phường Móng Cái 1,Trường Tiểu học Hải Xuân,Tiểu học
Thành phố Quảng Ninh,Phường Móng Cái 1,Trường Tiểu học Hải Xuân 2,Tiểu học
Thành phố Quảng Ninh,Phường Móng Cái 1,Trường Tiểu học Lý Tự Trọng,Tiểu học
Thành phố Quảng Ninh,Phường Móng Cái 1,Trường Tiểu học Trà Cổ,Tiểu học
Thành phố Quảng Ninh,Phường Móng Cái 1,Trường Tiểu học Tràng Vĩ,Tiểu học
Thành phố Quảng Ninh,Phường Móng Cái 1,Trường Tiểu học Đào Phúc Lộc,Tiểu học
Thành phố Quảng Ninh,Phường Móng Cái 1,Trường Trung học cơ sở Bình Ngọc,THCS
Thành phố Quảng Ninh,Phường Móng Cái 1,Trường Trung học cơ sở Hòa Lạc,THCS
Thành phố Quảng Ninh,Phường Móng Cái 1,Trường Trung học cơ sở Hải Hòa,THCS
Thành phố Quảng Ninh,Phường Móng Cái 1,Trường Trung học cơ sở Hải Xuân,THCS
Thành phố Quảng Ninh,Phường Móng Cái 1,Trường Trung học cơ sở Trà Cổ,THCS
Thành phố Quảng Ninh,Phường Móng Cái 1,Trường Trung học phổ thông Chu Văn An,THPT
Thành phố Quảng Ninh,Phường Móng Cái 2,Trường Mầm non Ka Long,Mầm non
Thành phố Quảng Ninh,Phường Móng Cái 2,Trường Mầm non Vạn Ninh,Mầm non
Thành phố Quảng Ninh,Phường Móng Cái 2,Trường Tiểu học Ka Long,Tiểu học
Thành phố Quảng Ninh,Phường Móng Cái 2,Trường Tiểu học Ninh Dương,Tiểu học
Thành phố Quảng Ninh,Phường Móng Cái 2,Trường Trung học cơ sở Ka Long,THCS
Thành phố Quảng Ninh,Phường Móng Cái 2,Trường Trung học cơ sở Ninh Dương,THCS
Thành phố Quảng Ninh,Phường Móng Cái 2,Trường Trung học cơ sở Vạn Ninh,THCS
Thành phố Quảng Ninh,Phường Móng Cái 2,Trường Trung học phổ thông Trần Phú,THPT
Thành phố Quảng Ninh,Phường Móng Cái 3,Trường Tiểu học Hải Yên,Tiểu học
Thành phố Quảng Ninh,Phường Móng Cái 3,Trường Tiểu học Hải Đông,Tiểu học
Thành phố Quảng Ninh,Phường Móng Cái 3,Trường Trung học cơ sở Hải Yên,THCS
Thành phố Quảng Ninh,Phường Móng Cái 3,Trường Trung học cơ sở Hải Đông,THCS
Thành phố Quảng Ninh,Phường Quang Hanh,Trường Mầm non Quang Hanh - phân hiệu 1,Mầm non
Thành phố Quảng Ninh,Phường Quang Hanh,Trường Tiểu học Cẩm Thạch,Tiểu học
Thành phố Quảng Ninh,Phường Quang Hanh,Trường Tiểu học Cẩm Thủy,Tiểu học
Thành phố Quảng Ninh,Phường Quang Hanh,Trường Tiểu học Quang Hanh,Tiểu học
Thành phố Quảng Ninh,Phường Quang Hanh,Trường Tiểu học Suối Khoáng,Tiểu học
Thành phố Quảng Ninh,Phường Quang Hanh,Trường Trung học cơ sở Bái Tử Long,THCS
Thành phố Quảng Ninh,Phường Quang Hanh,Trường Trung học cơ sở Quang Hanh,THCS
Thành phố Quảng Ninh,Phường Quang Hanh,Trường Trung học cơ sở Suối Khoáng,THCS
Thành phố Quảng Ninh,Phường Quang Hanh,Trường Trung học cơ sở Thống Nhất,THCS
Thành phố Quảng Ninh,Phường Quang Hanh,Trường Trung học phổ thông Lê Quý Đôn,THPT
Thành phố Quảng Ninh,Phường Quảng Yên,Trường Trung học phổ thông Bạch Đằng,THPT
Thành phố Quảng Ninh,Phường Tuần Châu,Trường Mầm non Đại Yên,Mầm non
Thành phố Quảng Ninh,Phường Tuần Châu,Trường Tiểu học Đại Yên,Tiểu học
Thành phố Quảng Ninh,Phường Tuần Châu,Trường Trung học cơ sở Đại Yên,THCS
Thành phố Quảng Ninh,Phường Uông Bí,Trường Mầm non Hoa Lan,Mầm non
Thành phố Quảng Ninh,Phường Uông Bí,Trường Tiểu học Lê Lợi,Tiểu học
Thành phố Quảng Ninh,Phường Uông Bí,Trường Tiểu học Lý Thường Kiệt,Tiểu học
Thành phố Quảng Ninh,Phường Uông Bí,Trường Tiểu học Trần Hưng Đạo,Tiểu học
Thành phố Quảng Ninh,Phường Uông Bí,Trường Trung học cơ sở Nguyễn Trãi,THCS
Thành phố Quảng Ninh,Phường Uông Bí,Trường Trung học phổ thông Hồng Đức,THPT
Thành phố Quảng Ninh,Phường Uông Bí,Trường Trung học phổ thông Uông Bí,THPT
Thành phố Quảng Ninh,Phường Việt Hưng,Trường Mầm non Việt Hưng,Mầm non
Thành phố Quảng Ninh,Phường Việt Hưng,Trường Tiểu học Hà Khẩu,Tiểu học
Thành phố Quảng Ninh,Phường Việt Hưng,Trường Tiểu học Lý Thường Kiệt,Tiểu học
Thành phố Quảng Ninh,Phường Việt Hưng,Trường Tiểu học Việt Hưng,Tiểu học
Thành phố Quảng Ninh,Phường Việt Hưng,Trường Tiểu học-Trung học Cơ sở-Trung học Phổ thông Nguyễn Bỉnh Khiêm,Liên cấp
Thành phố Quảng Ninh,Phường Việt Hưng,Trường Trung học cơ sở Lý Tự Trọng,THCS
Thành phố Quảng Ninh,Phường Việt Hưng,Trường Trung học cơ sở Nguyễn Trãi,THCS
Thành phố Quảng Ninh,Phường Việt Hưng,Trường Trung học cơ sở Việt Hưng,THCS
Thành phố Quảng Ninh,Phường Đông Mai,Trường Tiểu học và Trung học cơ sở Minh Thành,Liên cấp
Thành phố Quảng Ninh,Phường Đông Mai,Trường Trung học phổ thông Trần Quốc Tuấn,THPT
Thành phố Quảng Ninh,Phường Đông Mai,Trường Trung học phổ thông Đông Thành,THPT
Thành phố Quảng Ninh,Phường Đông Triều,Trường Tiểu học Kim Đồng (cơ sở 1),Tiểu học
Thành phố Quảng Ninh,Phường Đông Triều,Trường Trung học cơ sở Nguyễn Du,THCS
Thành phố Quảng Ninh,Phường Đông Triều,Trường Trung học cơ sở Đức Chính,THCS
Thành phố Quảng Ninh,Phường Đông Triều,Trường Trung học phổ thông Đông Triều,THPT
Thành phố Quảng Ninh,Xã Hải Ninh,Trường Tiểu học Hải Tiến,Tiểu học
Thành phố Quảng Ninh,Xã Hải Ninh,Trường Trung học cơ sở Hải Tiến,THCS
Thành phố Quảng Ninh,Xã Hải Ninh,Trường Trung học phổ thông Lý Thường Kiệt,THPT
Thành phố Quảng Ninh,Xã Hải Sơn,Trường Tiểu học Hải Sơn,Tiểu học
Thành phố Quảng Ninh,Xã Hải Sơn,Trường Trung học cơ sở Bắc Sơn,THCS
Thành phố Quảng Ninh,Xã Quảng Đức,Trường PTDTBT Trung học cơ sở Quảng Đức,THCS
Thành phố Quảng Ninh,Xã Tiên Yên,Trường Trung học cơ sở Tiên Yên,THCS
Thành phố Quảng Ninh,Xã Tiên Yên,Trường Trung học phổ thông Tiên Yên,THPT
Thành phố Quảng Ninh,Xã Đầm Hà,Trường Tiểu học thị trấn Đầm Hà,Tiểu học
Thành phố Quảng Ninh,Đặc khu Cô Tô,Trường Mầm non Đồng Tiến,Mầm non
Thành phố Quảng Ninh,Đặc khu Cô Tô,Trường Tiểu học Thanh Lân,Tiểu học
Thành phố Quảng Ninh,Đặc khu Cô Tô,Trường Tiểu học Thị trấn Cô Tô,Tiểu học
Thành phố Quảng Ninh,Đặc khu Cô Tô,Trường Tiểu học Đồng Tiến,Tiểu học
Thành phố Quảng Ninh,Đặc khu Cô Tô,Trường Tiểu học Đồng Tiến (điểm Nam Đồng),Tiểu học
Thành phố Quảng Ninh,Đặc khu Cô Tô,Trường Trung học cơ sở Thanh Lân,THCS
Thành phố Quảng Ninh,Đặc khu Cô Tô,Trường Trung học cơ sở Thị trấn Cô Tô,THCS
Thành phố Quảng Ninh,Đặc khu Cô Tô,Trường Trung học cơ sở Đồng Tiến,THCS
Thành phố Quảng Ninh,Đặc khu Cô Tô,Trường Trung học phổ thông Cô Tô,THPT
Thành phố Quảng Ninh,Đặc khu Vân Đồn,Trường Tiểu học Hạ Long 1,Tiểu học
Thành phố Quảng Ninh,Đặc khu Vân Đồn,Trường Tiểu học Thị trấn Cái Rồng,Tiểu học
Thành phố Quảng Ninh,Đặc khu Vân Đồn,Trường Trung học cơ sở Thị trấn Cái Rồng,THCS
Thành phố Quảng Ninh,Đặc khu Vân Đồn,Trường Trung học phổ thông Hải Đảo,THPT
Thành phố Đà Nẵng,Phường An Hải,Gat Tuong,Mầm non
Thành phố Đà Nẵng,Phường An Hải,Trường Mầm non An Hải - Phân hiệu Sơn Ca,Mầm non
Thành phố Đà Nẵng,Phường An Hải,Trường Mầm non Bạch Yến,Mầm non
Thành phố Đà Nẵng,Phường An Hải,Trường Mầm non Hoàng Anh,Mầm non
Thành phố Đà Nẵng,Phường An Hải,Trường Mầm non Hoàng Cúc,Mầm non
Thành phố Đà Nẵng,Phường An Hải,Trường Mầm non Hoàng Yến,Mầm non
Thành phố Đà Nẵng,Phường An Hải,Trường Tiểu học Chi Lăng,Tiểu học
Thành phố Đà Nẵng,Phường An Hải,Trường Tiểu học Lương Thế Vinh,Tiểu học
Thành phố Đà Nẵng,Phường An Hải,Trường Tiểu học Nguyễn Thái Học,Tiểu học
Thành phố Đà Nẵng,Phường An Hải,Trường Tiểu học Ngô Gia Tự,Tiểu học
Thành phố Đà Nẵng,Phường An Hải,Trường Tiểu học Tiểu La,Tiểu học
Thành phố Đà Nẵng,Phường An Hải,Trường Tiểu học Tiểu La (điểm trường),Tiểu học
Thành phố Đà Nẵng,Phường An Hải,Trường Trung học cơ sở Cao Thắng,THCS
Thành phố Đà Nẵng,Phường An Hải,Trường Trung học cơ sở Lê Độ,THCS
Thành phố Đà Nẵng,Phường An Hải,Trường Trung học cơ sở Nguyễn Văn Cừ,THCS
Thành phố Đà Nẵng,Phường An Hải,Trường Trung học cơ sở Phan Bội Châu,THCS
Thành phố Đà Nẵng,Phường An Hải,Trường Trung học phổ thông Hoàng Hoa Thám,THPT
Thành phố Đà Nẵng,Phường An Hải,Trường Trung học phổ thông Ngô Quyền,THPT
Thành phố Đà Nẵng,Phường An Hải,Trường Trung học phổ thông Sơn Trà,THPT
Thành phố Đà Nẵng,Phường An Hải,Trường Trung học phổ thông Tôn Thất Tùng,THPT
Thành phố Đà Nẵng,Phường An Hải,Trường Trung học phổ thông chuyên Lê Quý Đôn,THPT
Thành phố Đà Nẵng,Phường An Khê,Trường Tiểu Học Tôn Đức Thắng,Tiểu học
Thành phố Đà Nẵng,Phường An Khê,Trường Tiểu học An Khê,Tiểu học
Thành phố Đà Nẵng,Phường An Khê,Trường Tiểu học Bế Văn Đàn,Tiểu học
Thành phố Đà Nẵng,Phường An Khê,Trường Tiểu học Nguyễn Như Hạnh,Tiểu học
Thành phố Đà Nẵng,Phường An Khê,Trường Trung học cơ sở Nguyễn Công Trứ,THCS
Thành phố Đà Nẵng,Phường An Khê,Trường Trung học cơ sở Nguyễn Thị Định,THCS
Thành phố Đà Nẵng,Phường An Khê,Trường Trung học cơ sở Nguyễn Đình Chiểu,THCS
Thành phố Đà Nẵng,Phường An Thắng,THPT Nguyễn Khuyến,THPT
Thành phố Đà Nẵng,Phường An Thắng,Trường Tiểu học Nguyễn Trãi,Tiểu học
Thành phố Đà Nẵng,Phường Bàn Thạch,Trường Trung học cơ sở Nguyễn Du,THCS
Thành phố Đà Nẵng,Phường Bàn Thạch,Trường Trung học phổ thông Nguyễn Bỉnh Khiêm,THPT
Thành phố Đà Nẵng,Phường Cẩm Lệ,Trường Tiểu học Ngô Quyền,Tiểu học
Thành phố Đà Nẵng,Phường Cẩm Lệ,Trường Tiểu học Trần Nhân Tông (Cơ sở 1),Tiểu học
Thành phố Đà Nẵng,Phường Cẩm Lệ,Trường Tiểu học Trần Nhân Tông (Cơ sở 2),Tiểu học
Thành phố Đà Nẵng,Phường Cẩm Lệ,Trường Tiểu học Ông Ích Đường,Tiểu học
Thành phố Đà Nẵng,Phường Cẩm Lệ,Trường Trung học cơ sở & Trung học phổ thông Hiển Nhân,THCS
Thành phố Đà Nẵng,Phường Cẩm Lệ,Trường Trung học cơ sở Trần Quý Cáp,THCS
Thành phố Đà Nẵng,Phường Cẩm Lệ,Trường Trung học cơ sở Đặng Thai Mai,THCS
Thành phố Đà Nẵng,Phường Cẩm Lệ,Trường Trung học cơ sở-Trung học phổ thông Nguyễn Khuyến,THCS
Thành phố Đà Nẵng,Phường Cẩm Lệ,Trường Trung học phổ thông Cẩm Lệ,THPT
Thành phố Đà Nẵng,Phường Cẩm Lệ,Trường Trung học phổ thông Hòa Vang,THPT
Thành phố Đà Nẵng,Phường Cẩm Lệ,Trường mầm non Hoa Anh Đào,Mầm non
Thành phố Đà Nẵng,Phường Hòa Cường,Trường Mầm non Hoa Ban,Mầm non
Thành phố Đà Nẵng,Phường Hòa Cường,Trường Tiểu học Lê Quý Đôn,Tiểu học
Thành phố Đà Nẵng,Phường Hòa Cường,Trường Tiểu học Lý Công Uẩn,Tiểu học
Thành phố Đà Nẵng,Phường Hòa Cường,Trường Tiểu học Núi Thành,Tiểu học
Thành phố Đà Nẵng,Phường Hòa Cường,Trường Tiểu học Phan Đăng Lưu,Tiểu học
Thành phố Đà Nẵng,Phường Hòa Cường,Trường Trung học cơ sở Hồ Nghinh,THCS
Thành phố Đà Nẵng,Phường Hòa Cường,Trường Trung học cơ sở Lý Thường Kiệt,THCS
Thành phố Đà Nẵng,Phường Hòa Cường,Trường Trung học cơ sở Trần Hưng Đạo,THCS
Thành phố Đà Nẵng,Phường Hòa Cường,Trường Trung học cơ sở Tây Sơn,THCS
Thành phố Đà Nẵng,Phường Hòa Cường,Trường Trung học phổ thông Nguyễn Hiền,THPT
Thành phố Đà Nẵng,Phường Hòa Khánh,Hoà Sơn,Mầm non
Thành phố Đà Nẵng,Phường Hòa Khánh,Trường Tiểu học Nguyễn Đức Cảnh,Tiểu học
Thành phố Đà Nẵng,Phường Hòa Khánh,Trường Tiểu học Võ Thị Sáu,Tiểu học
Thành phố Đà Nẵng,Phường Hòa Khánh,Trường Trung học cơ sở Lương Thế Vinh,THCS
Thành phố Đà Nẵng,Phường Hòa Khánh,Trường Trung học cơ sở Nguyễn Bỉnh Khiêm,THCS
Thành phố Đà Nẵng,Phường Hòa Khánh,Trường Trung học cơ sở Nguyễn Chơn,THCS
Thành phố Đà Nẵng,Phường Hòa Khánh,Trường Trung học cơ sở Ngô Thì Nhậm,THCS
Thành phố Đà Nẵng,Phường Hòa Khánh,Trường Trung học cơ sở Trần Quang Khải,THCS
Thành phố Đà Nẵng,Phường Hòa Khánh,Trường Trung học phổ thông Nguyễn Thượng Hiền,THPT
Thành phố Đà Nẵng,Phường Hòa Khánh,Trường Trung học phổ thông Phạm Phú Thứ,THPT
Thành phố Đà Nẵng,Phường Hòa Xuân,Trường Mầm non Hương Sen,Mầm non
Thành phố Đà Nẵng,Phường Hòa Xuân,Trường Tiểu học Lê Kim Lăng,Tiểu học
Thành phố Đà Nẵng,Phường Hòa Xuân,Trường Tiểu học Trần Văn Dư,Tiểu học
Thành phố Đà Nẵng,Phường Hòa Xuân,Trường Tiểu học Trần Đại Nghĩa,Tiểu học
Thành phố Đà Nẵng,Phường Hòa Xuân,Trường Tiểu học Trần Đại Nghĩa (cơ sở 2),Tiểu học
Thành phố Đà Nẵng,Phường Hòa Xuân,Trường Trung học cơ sở Nguyễn Hồng Ánh,THCS
Thành phố Đà Nẵng,Phường Hòa Xuân,Trường Trung học cơ sở Nguyễn Thiện Thuật,THCS
Thành phố Đà Nẵng,Phường Hòa Xuân,Trường Trung học cơ sở Nguyễn Văn Linh,THCS
Thành phố Đà Nẵng,Phường Hòa Xuân,Trường Trung học phổ thông Nguyễn Văn Thoại,THPT
Thành phố Đà Nẵng,Phường Hòa Xuân,Trường Trung học phổ thông Phan Thành Tài,THPT
Thành phố Đà Nẵng,Phường Hương Trà,Trường Tiểu học Lê Thị Hồng Gấm,Tiểu học
Thành phố Đà Nẵng,Phường Hương Trà,Trường Trung học phổ thông BC Phan Bội Châu,THPT
Thành phố Đà Nẵng,Phường Hải Châu,Trường Mầm non 19/5,Mầm non
Thành phố Đà Nẵng,Phường Hải Châu,Trường Mầm non Bé Gấu,Mầm non
Thành phố Đà Nẵng,Phường Hải Châu,Trường Mầm non Bình Minh,Mầm non
Thành phố Đà Nẵng,Phường Hải Châu,Trường Mầm non Dạ Lan Hương,Mầm non
Thành phố Đà Nẵng,Phường Hải Châu,Trường Mầm non Hoa Phượng Đỏ,Mầm non
Thành phố Đà Nẵng,Phường Hải Châu,Trường Mầm non Ngọc Lan,Mầm non
Thành phố Đà Nẵng,Phường Hải Châu,Trường Mầm non Ngọc Lan - Phân hiệu,Mầm non
Thành phố Đà Nẵng,Phường Hải Châu,Trường Mầm non Tiên Sa,Mầm non
Thành phố Đà Nẵng,Phường Hải Châu,Trường Mầm non Trúc Đào,Mầm non
Thành phố Đà Nẵng,Phường Hải Châu,Trường Sakura - Olympia,
Thành phố Đà Nẵng,Phường Hải Châu,Trường Tiểu học Bạch Đằng,Tiểu học
Thành phố Đà Nẵng,Phường Hải Châu,Trường Tiểu học Hoàng Văn Thụ,Tiểu học
Thành phố Đà Nẵng,Phường Hải Châu,Trường Tiểu học Hùng Vương,Tiểu học
Thành phố Đà Nẵng,Phường Hải Châu,Trường Tiểu học Lê Lai,Tiểu học
Thành phố Đà Nẵng,Phường Hải Châu,Trường Tiểu học Lý Tự Trọng,Tiểu học
Thành phố Đà Nẵng,Phường Hải Châu,Trường Tiểu học Phan Thanh,Tiểu học
Thành phố Đà Nẵng,Phường Hải Châu,Trường Tiểu học Phù Đổng,Tiểu học
Thành phố Đà Nẵng,Phường Hải Châu,Trường Tiểu học Trần Thị Lý,Tiểu học
Thành phố Đà Nẵng,Phường Hải Châu,Trường Tiểu học Trần Văn Ơn,Tiểu học
Thành phố Đà Nẵng,Phường Hải Châu,Trường Tiểu học Tây Hồ,Tiểu học
Thành phố Đà Nẵng,Phường Hải Châu,Trường Tiểu học Võ Thị Sáu,Tiểu học
Thành phố Đà Nẵng,Phường Hải Châu,Trường Tiểu học Ông Ích Khiêm,Tiểu học
Thành phố Đà Nẵng,Phường Hải Châu,Trường Trung học cơ sở Kim Đồng,THCS
Thành phố Đà Nẵng,Phường Hải Châu,Trường Trung học cơ sở Lê Hồng Phong,THCS
Thành phố Đà Nẵng,Phường Hải Châu,Trường Trung học cơ sở Lê Thánh Tôn,THCS
Thành phố Đà Nẵng,Phường Hải Châu,Trường Trung học cơ sở Nguyễn Huệ,THCS
Thành phố Đà Nẵng,Phường Hải Châu,Trường Trung học cơ sở Sào Nam,THCS
Thành phố Đà Nẵng,Phường Hải Châu,Trường Trung học cơ sở Trưng Vương,THCS
Thành phố Đà Nẵng,Phường Hải Châu,Trường Trung học phổ thông Phan Châu Trinh,THPT
Thành phố Đà Nẵng,Phường Hải Châu,Trường Trung học phổ thông Trần Phú,THPT
Thành phố Đà Nẵng,Phường Hải Châu,Ánh Dương,Mầm non
Thành phố Đà Nẵng,Phường Hải Vân,Trường Tiểu học Trưng Nữ Vương,Tiểu học
Thành phố Đà Nẵng,Phường Hải Vân,Trường Trung học cơ sở Nguyễn Thái Bình,THCS
Thành phố Đà Nẵng,Phường Hải Vân,Trường Trung học cơ sở Nguyễn Tri Phương,THCS
Thành phố Đà Nẵng,Phường Hải Vân,Trường Trung học cơ sở Đàm Quang Trung,THCS
Thành phố Đà Nẵng,Phường Hải Vân,Trường Trung học cơ sở Đàm Quang Trung (phân hiệu),THCS
Thành phố Đà Nẵng,Phường Hải Vân,Trường Trung học phổ thông Liên Chiểu,THPT
Thành phố Đà Nẵng,Phường Hội An,Trường Mẫu giáo Măng Non,Mầm non
Thành phố Đà Nẵng,Phường Hội An,Trường Trung học cơ sở Kim Đồng,THCS
Thành phố Đà Nẵng,Phường Hội An,Trường Trung học phổ thông Trần Quý Cáp,THPT
Thành phố Đà Nẵng,Phường Hội An,trường TH Trần Quốc Toản,Tiểu học
Thành phố Đà Nẵng,Phường Hội An Tây,Cầm An primery school,
Thành phố Đà Nẵng,Phường Hội An Tây,Green Bamboo Cooking School,
Thành phố Đà Nẵng,Phường Hội An Tây,Trường Tiếu Học Lương Thế Vinh,
Thành phố Đà Nẵng,Phường Hội An Tây,Trường Trung học cơ sở Phan Bội Châu,THCS
Thành phố Đà Nẵng,Phường Hội An Tây,Trường Trung học phổ thông chuyên Lê Thánh Tông,THPT
Thành phố Đà Nẵng,Phường Liên Chiểu,Trường Tiểu học Ngô Sỹ Liên,Tiểu học
Thành phố Đà Nẵng,Phường Liên Chiểu,Trường Trung học cơ sở Nguyễn Bá Phát,THCS
Thành phố Đà Nẵng,Phường Liên Chiểu,Trường Trung học cơ sở Nguyễn Lương Bằng,THCS
Thành phố Đà Nẵng,Phường Liên Chiểu,Trường Trung học phổ thông Nguyễn Trãi,THPT
Thành phố Đà Nẵng,Phường Ngũ Hành Sơn,Trường Hy Vọng,
Thành phố Đà Nẵng,Phường Ngũ Hành Sơn,Trường Mầm non Hoàng Anh,Mầm non
Thành phố Đà Nẵng,Phường Ngũ Hành Sơn,Trường Mầm non Sen Hồng,Mầm non
Thành phố Đà Nẵng,Phường Ngũ Hành Sơn,Trường Mẫu giáo SOS Đà Nẵng,Mầm non
Thành phố Đà Nẵng,Phường Ngũ Hành Sơn,Trường Phổ thông Hermann Gmeiner Đà Nẵng,THPT
Thành phố Đà Nẵng,Phường Ngũ Hành Sơn,Trường Tiểu học Lê Bá Trinh,Tiểu học
Thành phố Đà Nẵng,Phường Ngũ Hành Sơn,Trường Tiểu học Lê Lai,Tiểu học
Thành phố Đà Nẵng,Phường Ngũ Hành Sơn,Trường Tiểu học Lê Văn Hiến,Tiểu học
Thành phố Đà Nẵng,Phường Ngũ Hành Sơn,Trường Tiểu học Nguyễn Duy Trinh,Tiểu học
Thành phố Đà Nẵng,Phường Ngũ Hành Sơn,Trường Tiểu học Phạm Hồng Thái,Tiểu học
Thành phố Đà Nẵng,Phường Ngũ Hành Sơn,Trường Tiểu học Trần Quang Diệu,Tiểu học
Thành phố Đà Nẵng,Phường Ngũ Hành Sơn,Trường Tiểu học Tô Hiến Thành,Tiểu học
Thành phố Đà Nẵng,Phường Ngũ Hành Sơn,Trường Tiểu học và Trung học cơ sở FPT Đà Nẵng,Liên cấp
Thành phố Đà Nẵng,Phường Ngũ Hành Sơn,Trường Trung học cơ sở Huỳnh Bá Chánh,THCS
Thành phố Đà Nẵng,Phường Ngũ Hành Sơn,Trường Trung học cơ sở Lê Lợi,THCS
Thành phố Đà Nẵng,Phường Ngũ Hành Sơn,Trường Trung học cơ sở Nguyễn Bỉnh Khiêm,THCS
Thành phố Đà Nẵng,Phường Ngũ Hành Sơn,Trường Trung học cơ sở Trần Đại Nghĩa,THCS
Thành phố Đà Nẵng,Phường Ngũ Hành Sơn,Trường Trung học phổ thông Ngũ Hành Sơn,THPT
Thành phố Đà Nẵng,Phường Ngũ Hành Sơn,Trường Trung học phổ thông Võ Chí Công,THPT
Thành phố Đà Nẵng,Phường Sơn Trà,Beach Kids Da Nang,Mầm non
Thành phố Đà Nẵng,Phường Sơn Trà,Trường Mầm non Hoạ My,Mầm non
Thành phố Đà Nẵng,Phường Sơn Trà,Trường Mầm non Hoạ My (cơ sở 2),Mầm non
Thành phố Đà Nẵng,Phường Sơn Trà,Trường Mầm non Rạng Đông,Mầm non
Thành phố Đà Nẵng,Phường Sơn Trà,Trường Mầm non Vành Khuyên,Mầm non
Thành phố Đà Nẵng,Phường Sơn Trà,Trường Mầm non Vành Khuyên (cơ sở 2),Mầm non
Thành phố Đà Nẵng,Phường Sơn Trà,Trường Tiểu Học Hai Bà Trưng,Tiểu học
Thành phố Đà Nẵng,Phường Sơn Trà,Trường Tiểu học Nguyễn Phan Vinh,Tiểu học
Thành phố Đà Nẵng,Phường Sơn Trà,Trường Tiểu học Nguyễn Phan Vinh (cơ sở 2),Tiểu học
Thành phố Đà Nẵng,Phường Sơn Trà,Trường Tiểu học Nguyễn Tri Phương,Tiểu học
Thành phố Đà Nẵng,Phường Sơn Trà,Trường Tiểu học Quang Trung,Tiểu học
Thành phố Đà Nẵng,Phường Sơn Trà,Trường Tiểu học Tô Vĩnh Diện,Tiểu học
Thành phố Đà Nẵng,Phường Sơn Trà,Trường Trung học cơ sở Hoàng Sa,THCS
Thành phố Đà Nẵng,Phường Sơn Trà,Trường Trung học cơ sở Lý Tự Trọng,THCS
Thành phố Đà Nẵng,Phường Sơn Trà,Trường Trung học cơ sở Nguyễn Chí Thanh,THCS
Thành phố Đà Nẵng,Phường Sơn Trà,Trường Trung học cơ sở Phạm Ngọc Thạch,THCS
Thành phố Đà Nẵng,Phường Tam Kỳ,Trường Tiểu học Trần Quốc Toản,Tiểu học
Thành phố Đà Nẵng,Phường Tam Kỳ,Trường Trung học cơ sở Lê Hồng Phong,THCS
Thành phố Đà Nẵng,Phường Tam Kỳ,Trường Trung học cơ sở Lý Tự Trọng,THCS
Thành phố Đà Nẵng,Phường Tam Kỳ,Trường Trung học phổ thông Lê Quý Đôn,THPT
Thành phố Đà Nẵng,Phường Tam Kỳ,Trường Trung học phổ thông Trần Cao Vân,THPT
Thành phố Đà Nẵng,Phường Thanh Khê,Mẫu giáo Cẩm Nhung,Mầm non
Thành phố Đà Nẵng,Phường Thanh Khê,Trường Tiểu học Hoa Lư cơ sở 1,Tiểu học
Thành phố Đà Nẵng,Phường Thanh Khê,Trường Tiểu học Hoa Lư cơ sở 2,Tiểu học
Thành phố Đà Nẵng,Phường Thanh Khê,Trường Tiểu học Huỳnh Ngọc Huệ,Tiểu học
Thành phố Đà Nẵng,Phường Thanh Khê,Trường Tiểu học Hà Huy Tập,Tiểu học
Thành phố Đà Nẵng,Phường Thanh Khê,Trường Tiểu học Hàm Nghi,Tiểu học
Thành phố Đà Nẵng,Phường Thanh Khê,Trường Tiểu học Lê Văn Tám,Tiểu học
Thành phố Đà Nẵng,Phường Thanh Khê,Trường Tiểu học Nguyễn Bá Ngọc,Tiểu học
Thành phố Đà Nẵng,Phường Thanh Khê,Trường Tiểu học Trần Cao Vân,Tiểu học
Thành phố Đà Nẵng,Phường Thanh Khê,Trường Tiểu học Trần Cao Vân - Cơ sở 3,Tiểu học
Thành phố Đà Nẵng,Phường Thanh Khê,Trường Tiểu học Đinh Bộ Lĩnh,Tiểu học
Thành phố Đà Nẵng,Phường Thanh Khê,Trường Tiểu học Điện Biên Phủ,Tiểu học
Thành phố Đà Nẵng,Phường Thanh Khê,Trường Tiểu học Đoàn Thị Điểm,Tiểu học
Thành phố Đà Nẵng,Phường Thanh Khê,Trường Trung học cơ sở Chu Văn An,THCS
Thành phố Đà Nẵng,Phường Thanh Khê,Trường Trung học cơ sở Hoàng Diệu,THCS
Thành phố Đà Nẵng,Phường Thanh Khê,Trường Trung học cơ sở Huỳnh Thúc Kháng,THCS
Thành phố Đà Nẵng,Phường Thanh Khê,Trường Trung học cơ sở Lê Thị Hồng Gấm,THCS
Thành phố Đà Nẵng,Phường Thanh Khê,Trường Trung học cơ sở Nguyễn Duy Hiệu,THCS
Thành phố Đà Nẵng,Phường Thanh Khê,Trường Trung học cơ sở Nguyễn Thị Minh Khai,THCS
Thành phố Đà Nẵng,Phường Thanh Khê,Trường Trung học cơ sở Nguyễn Trãi,THCS
Thành phố Đà Nẵng,Phường Thanh Khê,Trường Trung học cơ sở Phan Đình Phùng,THCS
Thành phố Đà Nẵng,Phường Thanh Khê,Trường Trung học cơ sở Đỗ Đăng Tuyển,THCS
Thành phố Đà Nẵng,Phường Thanh Khê,Trường Trung học phổ thông Thanh Khê,THPT
Thành phố Đà Nẵng,Phường Thanh Khê,Trường Trung học phổ thông Thái Phiên,THPT
Thành phố Đà Nẵng,Phường Điện Bàn,THPT Nguyễn Duy Hiệu,THPT
Thành phố Đà Nẵng,Phường Điện Bàn,Trường Trung học cơ sở Nguyễn Du,THCS
Thành phố Đà Nẵng,Phường Điện Bàn,Trường Trung học phổ thông Nguyễn Khuyến,THPT
Thành phố Đà Nẵng,Phường Điện Bàn Đông,Trường Mẫu giáo Điện Dương,Mầm non
Thành phố Đà Nẵng,Phường Điện Bàn Đông,Trường Phổ thông nhiều cấp học Hoàng Sa,Liên cấp
Thành phố Đà Nẵng,Phường Điện Bàn Đông,Trường Tiểu học Hồ Văn Bển,Tiểu học
Thành phố Đà Nẵng,Phường Điện Bàn Đông,Trường Tiểu học Hồ Xuân Phương,Tiểu học
Thành phố Đà Nẵng,Phường Điện Bàn Đông,Trường Tiểu học Lê Hồng Phong,Tiểu học
Thành phố Đà Nẵng,Phường Điện Bàn Đông,Trường Tiểu học Văn Thanh Tùng,Tiểu học
Thành phố Đà Nẵng,Phường Điện Bàn Đông,Trường Trung học cơ sở Dũng Sĩ Điện Ngọc,THCS
Thành phố Đà Nẵng,Xã Avương,Trường Tiểu học A Vương,Tiểu học
Thành phố Đà Nẵng,Xã Bà Nà,Trường Tiểu học Hòa Ninh,Tiểu học
Thành phố Đà Nẵng,Xã Bà Nà,Trường Trung học cơ sở Nguyễn Viết Xuân,THCS
Thành phố Đà Nẵng,Xã Bến Giằng,truong tieu hoc va Trung học cơ sở ta po,THCS
Thành phố Đà Nẵng,Xã Hòa Tiến,Trường Trung học cơ sở Đỗ Thúc Tịnh,THCS
Thành phố Đà Nẵng,Xã Hòa Vang,Trường Tiểu học An Phước,Tiểu học
Thành phố Đà Nẵng,Xã Hòa Vang,Trường Trung học cơ sở Trần Quốc Tuấn,THCS
Thành phố Đà Nẵng,Xã Hòa Vang,Trường Trung học phổ thông Ông Ích Khiêm,THPT
Thành phố Đà Nẵng,Xã Hòa Vang,Trường giáo dưỡng số 3,
Thành phố Đà Nẵng,Xã Hùng Sơn,Trường PTDT Bán trú Trung học cơ sở Lý Tự Trọng,THCS
Thành phố Đà Nẵng,Xã Hùng Sơn,Trường Tiểu học xã A Xan,Tiểu học
Thành phố Đà Nẵng,Xã Hùng Sơn,Trường Trung học phổ thông Võ Chí Công,THPT
Thành phố Đà Nẵng,Xã Nam Giang,Trường Tiểu học Tra Val,Tiểu học
Thành phố Đà Nẵng,Xã Nam Phước,Trường Tiểu học số 1 Duy Phước,Tiểu học
Thành phố Đà Nẵng,Xã Nam Phước,Trường Trung học cơ sở Kim Đồng,THCS
Thành phố Đà Nẵng,Xã Phú Thuận,Trường Tiểu Học Lê Dật,Tiểu học
Thành phố Đà Nẵng,Xã Phú Thuận,Trường Trung học cơ sở Lê Lợi,THCS
Thành phố Đà Nẵng,Xã Phước Thành,Trường PTDTBT Tiểu học & Trung học cơ sở Phước Lộc,Liên cấp
Thành phố Đà Nẵng,Xã Thăng An,Trường Mẫu Giáo Bình Minh,Mầm non
Thành phố Đà Nẵng,Xã Thăng Bình,Trường Tiểu học Nguyễn Khuyến,Tiểu học
Thành phố Đà Nẵng,Xã Thăng Bình,Trường Trung học phổ thông Tiểu La,THPT
Thành phố Đà Nẵng,Xã Thạnh Mỹ,Trường PTDTNT Nam Giang,
Thành phố Đà Nẵng,Xã Thạnh Mỹ,Trường Tiểu học Thạnh Mỹ,Tiểu học
Thành phố Đà Nẵng,Xã Thạnh Mỹ,Trường Tiểu học Zơ Nông,Tiểu học
Thành phố Đà Nẵng,Xã Thạnh Mỹ,Trường Trung học cơ sở Thạnh Mỹ,THCS
Thành phố Đà Nẵng,Xã Thạnh Mỹ,Trường Trung học phổ thông Nam Giang,THPT
Thành phố Đà Nẵng,Xã Trà Leng,Trường PTDTBT Tiểu học Trà Leng,Tiểu học
Thành phố Đà Nẵng,Xã Trà Leng,Trường PTDTBT Trung học cơ sở Trà Leng,THCS
Thành phố Đà Nẵng,Xã Trà My,Trường Mầm Non Phong Lan,Mầm non
Thành phố Đà Nẵng,Xã Trà My,Trường Nội Trú Nước Oa khu A,
Thành phố Đà Nẵng,Xã Trà My,Trường Nội Trú Nước Oa khu B,
Thành phố Đà Nẵng,Xã Trà My,Trường Tiểu học Kim Đồng,Tiểu học
Thành phố Đà Nẵng,Xã Trà My,Trường Trung học Phổ thông Bắc Trà My,THPT
Thành phố Đà Nẵng,Xã Trà My,Trường Trung học cơ sở Nguyễn Du,THCS
Thành phố Đà Nẵng,Xã Tây Giang,Trường Mầm non Họa Mi,Mầm non
Thành phố Đà Nẵng,Xã Tây Giang,Trường PT DTNT Trung học cơ sở Tây Giang,THCS
Thành phố Đà Nẵng,Xã Tây Giang,Trường Tiểu học A Tiêng,Tiểu học
Thành phố Đà Nẵng,Xã Tây Giang,Trường Tiểu học xã Dang,Tiểu học
Thành phố Đà Nẵng,Xã Tây Giang,Trường Tiểu học xã Lăng,Tiểu học
Thành phố Đà Nẵng,Xã Tây Giang,Trường Trung học phổ thông Tây Giang,THPT
Thành phố Đà Nẵng,Xã Đông Giang,Trường Phổ thông Dân tộc Nội trú Đông Giang,THPT
Thành phố Đà Nẵng,Xã Đông Giang,Trường Tiểu học P'Rao điểm A Dinh,Tiểu học
Thành phố Đà Nẵng,Xã Đông Giang,Trường Tiểu học thị trấn P'Rao,Tiểu học
Thành phố Đà Nẵng,Xã Đông Giang,Trường Trung học cơ sở Mẹ Thứ,THCS
Thành phố Đà Nẵng,Xã Đông Giang,Trường Trung học phổ thông Quang Trung,THPT
Thành phố Đồng Nai,Phường Biên Hòa,Trường Mầm non Bửu Hòa,Mầm non
Thành phố Đồng Nai,Phường Biên Hòa,Trường Mầm non Hoa Sen,Mầm non
Thành phố Đồng Nai,Phường Biên Hòa,Trường Mầm non Hóa An,Mầm non
Thành phố Đồng Nai,Phường Biên Hòa,Trường Mầm non Những Bông Hoa Nhỏ,Mầm non
Thành phố Đồng Nai,Phường Biên Hòa,Trường Mầm non Tân Hạnh,Mầm non
Thành phố Đồng Nai,Phường Biên Hòa,Trường Mầm non Tân Vạn,Mầm non
Thành phố Đồng Nai,Phường Biên Hòa,Trường Mầm non Vân Thuỷ,Mầm non
Thành phố Đồng Nai,Phường Biên Hòa,Trường Tiểu học Hóa An,Tiểu học
Thành phố Đồng Nai,Phường Biên Hòa,Trường Tiểu học Kim Đồng,Tiểu học
Thành phố Đồng Nai,Phường Biên Hòa,Trường Tiểu học Trần Văn Ơn,Tiểu học
Thành phố Đồng Nai,Phường Biên Hòa,Trường Tiểu học Tân Hạnh,Tiểu học
Thành phố Đồng Nai,Phường Biên Hòa,Trường Trung học cơ sở Nguyễn Văn Trỗi,THCS
Thành phố Đồng Nai,Phường Biên Hòa,Trường Trung học cơ sở Ngô Gia Tự,THCS
Thành phố Đồng Nai,Phường Biên Hòa,Trường Trung học cơ sở Toàn Diện,THCS
Thành phố Đồng Nai,Phường Biên Hòa,Trường Trung học cơ sở Tân An,THCS
Thành phố Đồng Nai,Phường Biên Hòa,Trường Trung học cơ sở Tân Hạnh,THCS
Thành phố Đồng Nai,Phường Biên Hòa,Trường Trung học phổ thông Chu Văn An,THPT
Thành phố Đồng Nai,Phường Biên Hòa,Trường mầm non Song Khuê,Mầm non
Thành phố Đồng Nai,Phường Bình Long,Trường Tiểu học An Lộc A,Tiểu học
Thành phố Đồng Nai,Phường Bình Long,Trường Tiểu học An Phú,Tiểu học
Thành phố Đồng Nai,Phường Bình Long,Trường Trung học cơ sở An Lộc,THCS
Thành phố Đồng Nai,Phường Bình Long,Trường Trung học cơ sở An Phú,THCS
Thành phố Đồng Nai,Phường Bình Long,Trường Trung học phổ thông Bình Long,THPT
Thành phố Đồng Nai,Phường Bình Long,Trường Trung học phổ thông Nguyễn Huệ,THPT
Thành phố Đồng Nai,Phường Bình Long,Trường Trung học phổ thông chuyên Bình Long,THPT
Thành phố Đồng Nai,Phường Bình Lộc,Trường Tiểu học Lê Lợi,Tiểu học
Thành phố Đồng Nai,Phường Bình Lộc,Trường Trung học cơ sở Chu Văn An,THCS
Thành phố Đồng Nai,Phường Bình Lộc,Trường Trung học phổ thông Trần Phú,THPT
Thành phố Đồng Nai,Phường Bình Phước,Trường Tiểu học Tiến Hưng B,Tiểu học
Thành phố Đồng Nai,Phường Bình Phước,Trường Tiểu học Trần Phú,Tiểu học
Thành phố Đồng Nai,Phường Bình Phước,Trường Tiểu học Tân Bình B,Tiểu học
Thành phố Đồng Nai,Phường Bình Phước,Trường Tiểu học Tân Phú 2,Tiểu học
Thành phố Đồng Nai,Phường Bình Phước,Trường Tiểu học Tân Thiện,Tiểu học
Thành phố Đồng Nai,Phường Bình Phước,Trường Tiểu học Tân Xuân C,Tiểu học
Thành phố Đồng Nai,Phường Bình Phước,Trường Tiểu học Tân Đồng,Tiểu học
Thành phố Đồng Nai,Phường Bình Phước,Trường Trung học cơ sở Tân Bình,THCS
Thành phố Đồng Nai,Phường Bình Phước,Trường Trung học cơ sở Tân Thiện,THCS
Thành phố Đồng Nai,Phường Bình Phước,Trường Trung học cơ sở Tân Đồng,THCS
Thành phố Đồng Nai,Phường Bình Phước,Trường Trung học phổ thông Dân tộc Nội trú tỉnh Bình Phước,THPT
Thành phố Đồng Nai,Phường Bình Phước,Trường Trung học phổ thông Hùng Vương,THPT
Thành phố Đồng Nai,Phường Bình Phước,Trường Trung học phổ thông Nguyễn Du,THPT
Thành phố Đồng Nai,Phường Bình Phước,Trường Trung học phổ thông Đồng Xoài,THPT
Thành phố Đồng Nai,Phường Bình Phước,Tân Xuân B Primary School,Tiểu học
Thành phố Đồng Nai,Phường Bình Phước,Tân Xuân Middle School,
Thành phố Đồng Nai,Phường Bảo Vinh,Trường Tiểu học Bảo Vinh B,Tiểu học
Thành phố Đồng Nai,Phường Bảo Vinh,Trường Trung học cơ sở Bùi Thị Xuân,THCS
Thành phố Đồng Nai,Phường Bảo Vinh,Trường Trung học cơ sở Ngô Quyền,THCS
Thành phố Đồng Nai,Phường Chơn Thành,THọc-Tiểu Học Lương Thế Vinh-Tổ 4- Ấp 1 Minh Long- TT Chơn Thành- Bình Phước,Tiểu học
Thành phố Đồng Nai,Phường Chơn Thành,Trường Trung học phổ thông Chơn Thành,THPT
Thành phố Đồng Nai,Phường Dầu Giây,Trường Mầm non Sơn Ca,Mầm non
Thành phố Đồng Nai,Phường Dầu Giây,Trường Tiểu Học Hoàng Văn Thụ,Tiểu học
Thành phố Đồng Nai,Phường Dầu Giây,Trường Tiểu học Phan Bội Châu,Tiểu học
Thành phố Đồng Nai,Phường Dầu Giây,Trường Tiểu học Trần Bình Trọng,Tiểu học
Thành phố Đồng Nai,Phường Dầu Giây,Trường Tiểu học Xuân Thạnh,Tiểu học
Thành phố Đồng Nai,Phường Dầu Giây,Trường Trung học cơ sở Hùng Vương,THCS
Thành phố Đồng Nai,Phường Dầu Giây,Trường Trung học cơ sở Ngô Quyền,THCS
Thành phố Đồng Nai,Phường Dầu Giây,Trường Trung học cơ sở Trần Bình Trọng,THCS
Thành phố Đồng Nai,Phường Dầu Giây,Trường Trung học phổ thông Dầu Giây,THPT
Thành phố Đồng Nai,Phường Hàng Gòn,Trường Tiểu học Trưng Vương,Tiểu học
Thành phố Đồng Nai,Phường Hàng Gòn,Trường Trung học cơ sở Xuân Tân,THCS
Thành phố Đồng Nai,Phường Hàng Gòn,Trường Trung học phổ thông Nguyễn Huệ,THPT
Thành phố Đồng Nai,Phường Hố Nai,Trường Mầm non Hoa Hồng,Mầm non
Thành phố Đồng Nai,Phường Hố Nai,Trường Mầm non Tân Hoà,Mầm non
Thành phố Đồng Nai,Phường Hố Nai,Trường Mẫu giáo Bình Minh (Cơ sở 2),Mầm non
Thành phố Đồng Nai,Phường Hố Nai,Trường THCS Hòa Bình,THCS
Thành phố Đồng Nai,Phường Hố Nai,Trường Tiểu học Chu Văn An,Tiểu học
Thành phố Đồng Nai,Phường Hố Nai,Trường Tiểu học Hòa Bình,Tiểu học
Thành phố Đồng Nai,Phường Hố Nai,Trường Tiểu học Thánh Tâm,Tiểu học
Thành phố Đồng Nai,Phường Hố Nai,Trường Tiểu học-Trung học cơ sở-Trung học phổ thông Tân Hòa,Liên cấp
Thành phố Đồng Nai,Phường Hố Nai,Trường Trung học cơ sở Nguyễn Công Trứ,THCS
Thành phố Đồng Nai,Phường Hố Nai,Trường Trung học cơ sở Võ Trường Toản,THCS
Thành phố Đồng Nai,Phường Hố Nai,Trường Trung học phổ thông Trần Đại Nghĩa,THPT
Thành phố Đồng Nai,Phường Long Bình,Trường Mầm non Bông Hồng,Mầm non
Thành phố Đồng Nai,Phường Long Bình,Trường Mầm non Hoa Xuân,Mầm non
Thành phố Đồng Nai,Phường Long Bình,Trường Mầm non Hố Nai,Mầm non
Thành phố Đồng Nai,Phường Long Bình,Trường Mầm non Long Bình,Mầm non
Thành phố Đồng Nai,Phường Long Bình,Trường Mầm non Thái Quang,Mầm non
Thành phố Đồng Nai,Phường Long Bình,Trường Mầm non Tân Biên,Mầm non
Thành phố Đồng Nai,Phường Long Bình,Trường Mầm non Đoàn Kết,Mầm non
Thành phố Đồng Nai,Phường Long Bình,Trường Tiểu học Hoàng Hoa Thám,Tiểu học
Thành phố Đồng Nai,Phường Long Bình,Trường Tiểu học Nguyễn Chí Thanh,Tiểu học
Thành phố Đồng Nai,Phường Long Bình,Trường Tiểu học Nguyễn Huệ,Tiểu học
Thành phố Đồng Nai,Phường Long Bình,Trường Tiểu học Nguyễn Tri Phương,Tiểu học
Thành phố Đồng Nai,Phường Long Bình,Trường Tiểu học Nguyễn Tri Phương (cơ sở 2),Tiểu học
Thành phố Đồng Nai,Phường Long Bình,Trường Tiểu học Nguyễn Đình Chiểu,Tiểu học
Thành phố Đồng Nai,Phường Long Bình,Trường Tiểu học Phan Bội Châu,Tiểu học
Thành phố Đồng Nai,Phường Long Bình,Trường Tiểu học Phan Đình Phùng,Tiểu học
Thành phố Đồng Nai,Phường Long Bình,Trường Tiểu học Phù Đổng,Tiểu học
Thành phố Đồng Nai,Phường Long Bình,Trường Tiểu học Trần Quốc Toản,Tiểu học
Thành phố Đồng Nai,Phường Long Bình,Trường Tiểu học Võ Thị Sáu,Tiểu học
Thành phố Đồng Nai,Phường Long Bình,Trường Trung học cơ sở Bùi Hữu Nghĩa,THCS
Thành phố Đồng Nai,Phường Long Bình,Trường Trung học cơ sở Hoàng Diệu,THCS
Thành phố Đồng Nai,Phường Long Bình,Trường Trung học cơ sở Hoàng Văn Thụ,THCS
Thành phố Đồng Nai,Phường Long Bình,Trường Trung học cơ sở Long Bình,THCS
Thành phố Đồng Nai,Phường Long Bình,Trường Trung học cơ sở Lý Tự Trọng,THCS
Thành phố Đồng Nai,Phường Long Bình,Trường Trung học phổ thông Lê Hồng Phong,THPT
Thành phố Đồng Nai,Phường Long Bình,Trường Trung học phổ thông Nguyễn Trãi,THPT
Thành phố Đồng Nai,Phường Long Hưng,Trường Mầm non Hòa Hưng,Mầm non
Thành phố Đồng Nai,Phường Long Hưng,Trường Mầm non Long Bình Tân,Mầm non
Thành phố Đồng Nai,Phường Long Hưng,Trường Mầm non Long Hưng,Mầm non
Thành phố Đồng Nai,Phường Long Hưng,Trường Mầm non Phượng Hoàng,Mầm non
Thành phố Đồng Nai,Phường Long Hưng,Trường Tiểu học An Hòa,Tiểu học
Thành phố Đồng Nai,Phường Long Hưng,Trường Tiểu học Long Bình Tân,Tiểu học
Thành phố Đồng Nai,Phường Long Hưng,Trường Tiểu học Long Hưng,Tiểu học
Thành phố Đồng Nai,Phường Long Hưng,Trường Tiểu học Nguyễn Thị Sáu,Tiểu học
Thành phố Đồng Nai,Phường Long Hưng,Trường Trung học cơ sở Hòa Hưng,THCS
Thành phố Đồng Nai,Phường Long Hưng,Trường Trung học cơ sở Long Bình Tân,THCS
Thành phố Đồng Nai,Phường Long Hưng,Trường Trung học phổ thông Lê Quý Đôn (cơ sở Long Bình Tân),THPT
Thành phố Đồng Nai,Phường Long Hưng,Trường Trung học phổ thông Nguyễn Hữu Cảnh,THPT
Thành phố Đồng Nai,Phường Long Hưng,Trường tiểu học An Hòa CS2,Tiểu học
Thành phố Đồng Nai,Phường Long Khánh,Trường Dân lập Hoa Văn Phú Bình,
Thành phố Đồng Nai,Phường Long Khánh,Trường Mẫu giáo 8 Tháng 3,Mầm non
Thành phố Đồng Nai,Phường Long Khánh,Trường Mẫu giáo An BÌnh,Mầm non
Thành phố Đồng Nai,Phường Long Khánh,Trường Mẫu giáo Họa Mi,Mầm non
Thành phố Đồng Nai,Phường Long Khánh,Trường Mẫu giáo Thanh An,Mầm non
Thành phố Đồng Nai,Phường Long Khánh,Trường Tiểu học Hòa Bình,Tiểu học
Thành phố Đồng Nai,Phường Long Khánh,Trường Tiểu học Kim Đồng,Tiểu học
Thành phố Đồng Nai,Phường Long Khánh,Trường Tiểu học Long Khánh,Tiểu học
Thành phố Đồng Nai,Phường Long Khánh,Trường Tiểu học Lê Văn Tám,Tiểu học
Thành phố Đồng Nai,Phường Long Khánh,Trường Tiểu học Phan Chu Trinh,Tiểu học
Thành phố Đồng Nai,Phường Long Khánh,Trường Tiểu học Phú Bình,Tiểu học
Thành phố Đồng Nai,Phường Long Khánh,Trường Tiểu học Trung học cơ sở Trung học phổ thông Trương Vĩnh Ký,Liên cấp
Thành phố Đồng Nai,Phường Long Khánh,Trường Tiểu học Trần Phú,Tiểu học
Thành phố Đồng Nai,Phường Long Khánh,Trường Tiểu học Xuân Trung,Tiểu học
Thành phố Đồng Nai,Phường Long Khánh,Trường Trung học cơ sở & Trung học phổ thông Việt Hoa Quang Chánh,THCS
Thành phố Đồng Nai,Phường Long Khánh,Trường Trung học cơ sở Hồ Thị Hương,THCS
Thành phố Đồng Nai,Phường Long Khánh,Trường Trung học cơ sở Lê Quý Đôn,THCS
Thành phố Đồng Nai,Phường Long Khánh,Trường Trung học cơ sở Nguyễn Trãi,THCS
Thành phố Đồng Nai,Phường Long Khánh,Trường Trung học phổ thông Hoàng Diệu,THPT
Thành phố Đồng Nai,Phường Long Khánh,Trường Trung học phổ thông Long Khánh,THPT
Thành phố Đồng Nai,Phường Long Khánh,Trường Trung học phổ thông Văn Hiến,THPT
Thành phố Đồng Nai,Phường Long Thành,Trường Trung học cơ sở Nguyễn Đức Ứng,THCS
Thành phố Đồng Nai,Phường Long Thành,Trường Trung học phổ thông Long Thành,THPT
Thành phố Đồng Nai,Phường Long Thành,Trường Trung học phổ thông Nguyễn Đình Chiểu,THPT
Thành phố Đồng Nai,Phường Lộc Ninh,KVC-Kem 7 Mùi,Mầm non
Thành phố Đồng Nai,Phường Lộc Ninh,THọc-Phổ Thông Lộc Ninh-Lộc Thiện-TT Lộc Ninh-Bình Phước,THPT
Thành phố Đồng Nai,Phường Lộc Ninh,THọc-Phổ Thông Lộc Thái-Ấp 6 Lộc Thái- Lộc Ninh- Bình Phước,THPT
Thành phố Đồng Nai,Phường Lộc Ninh,THọc-Tiểu Học Lộc Ninh A-Lộc Thiện-TT Lộc Ninh-Bình Phước,Tiểu học
Thành phố Đồng Nai,Phường Lộc Ninh,THọc-Tiểu Học Lộc Thái B-Ấp 6 Lộc Thái- Lộc Ninh- Bình Phước,Tiểu học
Thành phố Đồng Nai,Phường Lộc Ninh,THọc-Tiểu học Lộc Ninh-Lộc Thiện-TT Lộc Ninh-Bình Phước,Tiểu học
Thành phố Đồng Nai,Phường Nhơn Trạch,Trường Trung học phổ thông Nguyễn Bỉnh Khiêm,THPT
Thành phố Đồng Nai,Phường Nhơn Trạch,Trường Trung học phổ thông Phước Thiền,THPT
Thành phố Đồng Nai,Phường Phước Bình,Trường Trung học cơ sở Long Phước,THCS
Thành phố Đồng Nai,Phường Phước Bình,Trường Trung học phổ thông Phước Bình,THPT
Thành phố Đồng Nai,Phường Phước Long,Trường Tiểu học Phước Tín A,Tiểu học
Thành phố Đồng Nai,Phường Phước Long,Trường Tiểu học Sơn Giang,Tiểu học
Thành phố Đồng Nai,Phường Phước Long,Trường Tiểu học Trần Hưng Đạo,Tiểu học
Thành phố Đồng Nai,Phường Phước Long,Trường Trung học cơ sở Nguyễn Văn Trỗi,THCS
Thành phố Đồng Nai,Phường Phước Long,Trường Trung học cơ sở Thác Mơ,THCS
Thành phố Đồng Nai,Phường Phước Long,Trường Trung học phổ thông Phước Long,THPT
Thành phố Đồng Nai,Phường Phước Tân,Trường Mầm non Phước Tân,Mầm non
Thành phố Đồng Nai,Phường Phước Tân,Trường Mầm non Thiên Ân,Mầm non
Thành phố Đồng Nai,Phường Phước Tân,Trường Tiểu học Phước Tân,Tiểu học
Thành phố Đồng Nai,Phường Phước Tân,Trường Tiểu học Phước Tân 2,Tiểu học
Thành phố Đồng Nai,Phường Phước Tân,Trường Tiểu học Tân Cang,Tiểu học
Thành phố Đồng Nai,Phường Phước Tân,Trường Tiểu học Tân Mai 2,Tiểu học
Thành phố Đồng Nai,Phường Phước Tân,Trường Trung học cơ sở Phước Tân 1,THCS
Thành phố Đồng Nai,Phường Phước Tân,Trường Trung học cơ sở Phước Tân 2,THCS
Thành phố Đồng Nai,Phường Tam Hiệp,Trường Chính trị Thành phố Đồng Nai,
Thành phố Đồng Nai,Phường Tam Hiệp,Trường Mầm mon Tam Hòa,Mầm non
Thành phố Đồng Nai,Phường Tam Hiệp,Trường Mầm non Bình Đa,Mầm non
Thành phố Đồng Nai,Phường Tam Hiệp,Trường Mầm non Hoa Sen,Mầm non
Thành phố Đồng Nai,Phường Tam Hiệp,Trường Mầm non Khiết Tâm,Mầm non
Thành phố Đồng Nai,Phường Tam Hiệp,Trường Mầm non Mẫu Đơn,Mầm non
Thành phố Đồng Nai,Phường Tam Hiệp,Trường Mầm non Ngọc Thành,Mầm non
Thành phố Đồng Nai,Phường Tam Hiệp,Trường Mầm non Song ngữ Sao Khuê,Mầm non
Thành phố Đồng Nai,Phường Tam Hiệp,Trường Mầm non Tam Hiệp,Mầm non
Thành phố Đồng Nai,Phường Tam Hiệp,Trường Mầm non Tân Mai,Mầm non
Thành phố Đồng Nai,Phường Tam Hiệp,Trường Mầm non Tân Tiến,Mầm non
Thành phố Đồng Nai,Phường Tam Hiệp,Trường Mầm non Đinh Tiên Hoàng,Mầm non
Thành phố Đồng Nai,Phường Tam Hiệp,Trường Mẫu giáo Măng Non,Mầm non
Thành phố Đồng Nai,Phường Tam Hiệp,Trường Phổ thông Thực hành Sư phạm,THPT
Thành phố Đồng Nai,Phường Tam Hiệp,Trường Song ngữ Bùi Thị Xuân,
Thành phố Đồng Nai,Phường Tam Hiệp,Trường Tiểu học - Trung học cơ sở - Trung học phổ thông Bùi Thị Xuân,Liên cấp
Thành phố Đồng Nai,Phường Tam Hiệp,Trường Tiểu học Bình Đa,Tiểu học
Thành phố Đồng Nai,Phường Tam Hiệp,Trường Tiểu học Bình Đa (cơ sở 2),Tiểu học
Thành phố Đồng Nai,Phường Tam Hiệp,Trường Tiểu học Lý Thường Kiệt,Tiểu học
Thành phố Đồng Nai,Phường Tam Hiệp,Trường Tiểu học Lý Thường Kiệt (Cơ sở 2),Tiểu học
Thành phố Đồng Nai,Phường Tam Hiệp,Trường Tiểu học Nguyễn An Ninh,Tiểu học
Thành phố Đồng Nai,Phường Tam Hiệp,Trường Tiểu học Tam Hiệp A,Tiểu học
Thành phố Đồng Nai,Phường Tam Hiệp,Trường Tiểu học Tam Hiệp B,Tiểu học
Thành phố Đồng Nai,Phường Tam Hiệp,Trường Tiểu học Tam Hòa,Tiểu học
Thành phố Đồng Nai,Phường Tam Hiệp,Trường Tiểu học Trần Quốc Tuấn,Tiểu học
Thành phố Đồng Nai,Phường Tam Hiệp,Trường Tiểu học Tân Mai (Cơ sở 2),Tiểu học
Thành phố Đồng Nai,Phường Tam Hiệp,Trường Tiểu học Tân Tiến,Tiểu học
Thành phố Đồng Nai,Phường Tam Hiệp,Trường Tiểu học-Trung học cơ sở-Trung học phổ thông Đinh Tiên Hoàng,Liên cấp
Thành phố Đồng Nai,Phường Tam Hiệp,Trường Trung học cơ sở Bình Đa,THCS
Thành phố Đồng Nai,Phường Tam Hiệp,Trường Trung học cơ sở Lê Lợi,THCS
Thành phố Đồng Nai,Phường Tam Hiệp,Trường Trung học cơ sở Lê Quang Định,THCS
Thành phố Đồng Nai,Phường Tam Hiệp,Trường Trung học cơ sở Tam Hiệp,THCS
Thành phố Đồng Nai,Phường Tam Hiệp,Trường Trung học cơ sở Tam Hòa,THCS
Thành phố Đồng Nai,Phường Tam Hiệp,Trường Trung học cơ sở Tân Tiến,THCS
Thành phố Đồng Nai,Phường Tam Hiệp,Trường Trung học phổ thông Lê Quý Đôn,THPT
Thành phố Đồng Nai,Phường Tam Hiệp,Trường Trung học phổ thông Tam Hiệp,THPT
Thành phố Đồng Nai,Phường Tam Hiệp,Trường Trung học phổ thông Trấn Biên,THPT
Thành phố Đồng Nai,Phường Tam Hiệp,Trường Trung học phổ thông chuyên Lương Thế Vinh,THPT
Thành phố Đồng Nai,Phường Tam Phước,Trường Mầm non Long Đức 3,Mầm non
Thành phố Đồng Nai,Phường Tam Phước,Trường Mầm non Tam Phước,Mầm non
Thành phố Đồng Nai,Phường Tam Phước,Trường Mầm non Thiên Bình,Mầm non
Thành phố Đồng Nai,Phường Tam Phước,Trường Sĩ quan Lục quân 2,
Thành phố Đồng Nai,Phường Tam Phước,Trường Tiểu học Tam Phước 1,Tiểu học
Thành phố Đồng Nai,Phường Tam Phước,Trường Tiểu học Tam Phước 2,Tiểu học
Thành phố Đồng Nai,Phường Tam Phước,Trường Tiểu học Tam Phước 3,Tiểu học
Thành phố Đồng Nai,Phường Tam Phước,Trường Tiểu học Tam Phước 4,Tiểu học
Thành phố Đồng Nai,Phường Tam Phước,Trường Tiểu học Âu Cơ,Tiểu học
Thành phố Đồng Nai,Phường Tam Phước,Trường Trung học cơ sở Hòa Bình,THCS
Thành phố Đồng Nai,Phường Tam Phước,Trường Trung học cơ sở Tam Phước,THCS
Thành phố Đồng Nai,Phường Tam Phước,Trường Trung học phổ thông Tam Phước,THPT
Thành phố Đồng Nai,Phường Trảng Bom,Trường Tiểu học Cao Bá Quát,Tiểu học
Thành phố Đồng Nai,Phường Trảng Bom,Trường Tiểu học Quảng Biên,Tiểu học
Thành phố Đồng Nai,Phường Trảng Bom,Trường Tiểu học Trưng Vương,Tiểu học
Thành phố Đồng Nai,Phường Trảng Bom,Trường Tiểu học Trảng Bom,Tiểu học
Thành phố Đồng Nai,Phường Trảng Bom,Trường Trung học cơ sở Hùng Vương,THCS
Thành phố Đồng Nai,Phường Trảng Bom,Trường Trung học phổ thông Ngô Sĩ Liên,THPT
Thành phố Đồng Nai,Phường Trảng Bom,Trường Trung học phổ thông Thống Nhất A,THPT
Thành phố Đồng Nai,Phường Trảng Bom,Trường Trung học phổ thông Trịnh Hoài Đức,THPT
Thành phố Đồng Nai,Phường Trảng Dài,Nhóm trẻ Ngôi Sao Sáng,Mầm non
Thành phố Đồng Nai,Phường Trảng Dài,Trường Mầm Non Hoàng Yến 2,Mầm non
Thành phố Đồng Nai,Phường Trảng Dài,Trường Mầm non Abi,Mầm non
Thành phố Đồng Nai,Phường Trảng Dài,Trường Mầm non Bé Ngoan,Mầm non
Thành phố Đồng Nai,Phường Trảng Dài,Trường Mầm non Hoàng Yến,Mầm non
Thành phố Đồng Nai,Phường Trảng Dài,Trường Mầm non Thiên Ân,Mầm non
Thành phố Đồng Nai,Phường Trảng Dài,Trường Mầm non Thiện Tân,Mầm non
Thành phố Đồng Nai,Phường Trảng Dài,Trường Mầm non Trảng Dài,Mầm non
Thành phố Đồng Nai,Phường Trảng Dài,Trường Mầm non Đom Đóm 2,Mầm non
Thành phố Đồng Nai,Phường Trảng Dài,Trường Tiểu học Hà Huy Giáp,Tiểu học
Thành phố Đồng Nai,Phường Trảng Dài,Trường Tiểu học Nguyễn Thái Học,Tiểu học
Thành phố Đồng Nai,Phường Trảng Dài,Trường Tiểu học Thiện Tân,Tiểu học
Thành phố Đồng Nai,Phường Trảng Dài,Trường Tiểu học Thiện Tân (cơ sở 2),Tiểu học
Thành phố Đồng Nai,Phường Trảng Dài,Trường Tiểu học Trảng Dài,Tiểu học
Thành phố Đồng Nai,Phường Trảng Dài,Trường Trung học Cơ sở Trường Sa,THCS
Thành phố Đồng Nai,Phường Trảng Dài,Trường Trung học cơ sở Thiện Tân,THCS
Thành phố Đồng Nai,Phường Trảng Dài,Trường Trung học cơ sở Trảng Dài,THCS
Thành phố Đồng Nai,Phường Trấn Biên,Trường Mầm non An Bình,Mầm non
Thành phố Đồng Nai,Phường Trấn Biên,Trường Mầm non Bambi An Bình,Mầm non
Thành phố Đồng Nai,Phường Trấn Biên,Trường Mầm non Bửu Long,Mầm non
Thành phố Đồng Nai,Phường Trấn Biên,Trường Mầm non Chim Hoạ Mi,Mầm non
Thành phố Đồng Nai,Phường Trấn Biên,Trường Mầm non Hiệp Hòa,Mầm non
Thành phố Đồng Nai,Phường Trấn Biên,Trường Mầm non Hoa Hồng,Mầm non
Thành phố Đồng Nai,Phường Trấn Biên,Trường Mầm non Hoa Mai,Mầm non
Thành phố Đồng Nai,Phường Trấn Biên,Trường Mầm non Hòa Bình,Mầm non
Thành phố Đồng Nai,Phường Trấn Biên,Trường Mầm non Hướng Dương,Mầm non
Thành phố Đồng Nai,Phường Trấn Biên,Trường Mầm non IGC Thống Nhất,Mầm non
Thành phố Đồng Nai,Phường Trấn Biên,Trường Mầm non Quang Vinh,Mầm non
Thành phố Đồng Nai,Phường Trấn Biên,Trường Mầm non Thanh Bình,Mầm non
Thành phố Đồng Nai,Phường Trấn Biên,Trường Mầm non Thánh Tâm,Mầm non
Thành phố Đồng Nai,Phường Trấn Biên,Trường Mầm non Thảo Hoa,Mầm non
Thành phố Đồng Nai,Phường Trấn Biên,Trường Mầm non Thống Nhất,Mầm non
Thành phố Đồng Nai,Phường Trấn Biên,Trường Mầm non Trung Dũng,Mầm non
Thành phố Đồng Nai,Phường Trấn Biên,Trường Mầm non Tuổi Ngọc 3,Mầm non
Thành phố Đồng Nai,Phường Trấn Biên,Trường Mầm non Á Châu,Mầm non
Thành phố Đồng Nai,Phường Trấn Biên,Trường Quốc tế Bắc Mỹ SNA Marianapolis,
Thành phố Đồng Nai,Phường Trấn Biên,Trường Tiểu học An Bình,Tiểu học
Thành phố Đồng Nai,Phường Trấn Biên,Trường Tiểu học An Hảo,Tiểu học
Thành phố Đồng Nai,Phường Trấn Biên,Trường Tiểu học Hiệp Hòa,Tiểu học
Thành phố Đồng Nai,Phường Trấn Biên,Trường Tiểu học Lê Thị Vân,Tiểu học
Thành phố Đồng Nai,Phường Trấn Biên,Trường Tiểu học Lê Văn Tám,Tiểu học
Thành phố Đồng Nai,Phường Trấn Biên,Trường Tiểu học Nguyễn Du,Tiểu học
Thành phố Đồng Nai,Phường Trấn Biên,Trường Tiểu học Nguyễn Khắc Hiếu,Tiểu học
Thành phố Đồng Nai,Phường Trấn Biên,Trường Tiểu học Quang Vinh,Tiểu học
Thành phố Đồng Nai,Phường Trấn Biên,Trường Tiểu học Thống Nhất,Tiểu học
Thành phố Đồng Nai,Phường Trấn Biên,Trường Tiểu học Thống Nhất (cơ sở 2),Tiểu học
Thành phố Đồng Nai,Phường Trấn Biên,Trường Tiểu học Trịnh Hoài Đức,Tiểu học
Thành phố Đồng Nai,Phường Trấn Biên,Trường Tiểu học Tân Bửu,Tiểu học
Thành phố Đồng Nai,Phường Trấn Biên,Trường Tiểu học-Trung học cơ sở-Trung học phổ thông Lê Quý Đôn,Liên cấp
Thành phố Đồng Nai,Phường Trấn Biên,Trường Tiểu học-Trung học cơ sở-Trung học phổ thông Song ngữ Lạc Hồng,Liên cấp
Thành phố Đồng Nai,Phường Trấn Biên,Trường Tiểu học-Trung học cơ sở-Trung học phổ thông Song ngữ Á Châu,Liên cấp
Thành phố Đồng Nai,Phường Trấn Biên,Trường Tiểu học-Trung học cơ sở-Trung học phổ thông Thái Bình Dương,Liên cấp
Thành phố Đồng Nai,Phường Trấn Biên,Trường Trung học cơ sở An Bình,THCS
Thành phố Đồng Nai,Phường Trấn Biên,Trường Trung học cơ sở Hiệp Hòa,THCS
Thành phố Đồng Nai,Phường Trấn Biên,Trường Trung học cơ sở Hùng Vương,THCS
Thành phố Đồng Nai,Phường Trấn Biên,Trường Trung học cơ sở Nguyễn Bỉnh Khiêm,THCS
Thành phố Đồng Nai,Phường Trấn Biên,Trường Trung học cơ sở Quyết Thắng,THCS
Thành phố Đồng Nai,Phường Trấn Biên,Trường Trung học cơ sở Thống Nhất,THCS
Thành phố Đồng Nai,Phường Trấn Biên,Trường Trung học cơ sở Trần Hưng Đạo,THCS
Thành phố Đồng Nai,Phường Trấn Biên,Trường Trung học cơ sở Tân Bửu,THCS
Thành phố Đồng Nai,Phường Trấn Biên,Trường Trung học phổ thông Nam Hà,THPT
Thành phố Đồng Nai,Phường Trấn Biên,Trường Trung học phổ thông Nguyễn Khuyến,THPT
Thành phố Đồng Nai,Phường Trấn Biên,Trường Trung học phổ thông Ngô Quyền,THPT
Thành phố Đồng Nai,Phường Trị An,Trường Mầm non Hiếu Liêm,Mầm non
Thành phố Đồng Nai,Phường Trị An,Trường Mầm non Mã Đà,Mầm non
Thành phố Đồng Nai,Phường Trị An,Trường Mầm non Phương Lan,Mầm non
Thành phố Đồng Nai,Phường Trị An,Trường Mầm non Trị An,Mầm non
Thành phố Đồng Nai,Phường Trị An,Trường Tiểu học Cây Gáo A,Tiểu học
Thành phố Đồng Nai,Phường Trị An,Trường Tiểu học Cây Gáo B,Tiểu học
Thành phố Đồng Nai,Phường Trị An,Trường Tiểu học Hiếu Liêm,Tiểu học
Thành phố Đồng Nai,Phường Trị An,Trường Tiểu học Trị An,Tiểu học
Thành phố Đồng Nai,Phường Trị An,Trường Trung học cơ sở Hiếu Liêm,THCS
Thành phố Đồng Nai,Phường Trị An,Trường Trung học cơ sở Lê Quý Đôn,THCS
Thành phố Đồng Nai,Phường Trị An,Trường Trung học cơ sở Nguyễn Du,THCS
Thành phố Đồng Nai,Phường Trị An,Trường Trung học cơ sở Vĩnh An,THCS
Thành phố Đồng Nai,Phường Trị An,Trường Trung học cơ sở-Trung học phổ thông Hùng Vương,THCS
Thành phố Đồng Nai,Phường Trị An,Trường Trung học phổ thông Trị An,THPT
Thành phố Đồng Nai,Phường Tân Khai,KVC-Câu Cá Tấn Kiệt-Tân Khai,Mầm non
Thành phố Đồng Nai,Phường Tân Khai,KVC-Câu Cá Tấn Kiệt-tổ 3 ấp 5 tân khai bình phước,Mầm non
Thành phố Đồng Nai,Phường Tân Khai,THọc-Tiểu Học Tân Khai A-Tổ 1-Ấp 1- TT.Tân Khai- Huyện hớn quản-tỉnh bình phước,Tiểu học
Thành phố Đồng Nai,Phường Tân Phú,Trường Tiểu Học Phú Thanh 2,Tiểu học
Thành phố Đồng Nai,Phường Tân Phú,Trường Tiểu học Nguyễn Huệ,Tiểu học
Thành phố Đồng Nai,Phường Tân Phú,Trường Trung học cơ sở Quang Trung,THCS
Thành phố Đồng Nai,Phường Tân Triều,Trường Mầm non Bách Khoa,Mầm non
Thành phố Đồng Nai,Phường Tân Triều,Trường Mầm non Bình Hòa,Mầm non
Thành phố Đồng Nai,Phường Tân Triều,Trường Mầm non Bình Lợi,Mầm non
Thành phố Đồng Nai,Phường Tân Triều,Trường Mầm non Hoạ Mi,Mầm non
Thành phố Đồng Nai,Phường Tân Triều,Trường Mầm non Hoạ Mi 3,Mầm non
Thành phố Đồng Nai,Phường Tân Triều,Trường Mầm non Mẫu Tâm,Mầm non
Thành phố Đồng Nai,Phường Tân Triều,Trường Mầm non Ngọc Thành (cơ sở 2),Mầm non
Thành phố Đồng Nai,Phường Tân Triều,Trường Mầm non QTreo,Mầm non
Thành phố Đồng Nai,Phường Tân Triều,Trường Mầm non Sao Mai,Mầm non
Thành phố Đồng Nai,Phường Tân Triều,Trường Mầm non Thạnh Phú,Mầm non
Thành phố Đồng Nai,Phường Tân Triều,Trường Mầm non Tân Bình,Mầm non
Thành phố Đồng Nai,Phường Tân Triều,Trường Tiểu học Bình Hòa,Tiểu học
Thành phố Đồng Nai,Phường Tân Triều,Trường Tiểu học Bình Lợi,Tiểu học
Thành phố Đồng Nai,Phường Tân Triều,Trường Tiểu học Chu Văn An,Tiểu học
Thành phố Đồng Nai,Phường Tân Triều,Trường Tiểu học Phan Chu Trinh,Tiểu học
Thành phố Đồng Nai,Phường Tân Triều,Trường Tiểu học Phan Chu Trinh (cơ sở 2),Tiểu học
Thành phố Đồng Nai,Phường Tân Triều,Trường Tiểu học Tân Phong 1,Tiểu học
Thành phố Đồng Nai,Phường Tân Triều,Trường Tiểu học Tân Phong 1 (Cơ sở 2),Tiểu học
Thành phố Đồng Nai,Phường Tân Triều,Trường Tiểu học Tân Phong 2,Tiểu học
Thành phố Đồng Nai,Phường Tân Triều,Trường Tiểu học Tân Phú,Tiểu học
Thành phố Đồng Nai,Phường Tân Triều,Trường Trung học Cơ sở Thạnh Phú,THCS
Thành phố Đồng Nai,Phường Tân Triều,Trường Trung học cơ sở Tân Phong,THCS
Thành phố Đồng Nai,Phường Tân Triều,Trường Trung học cơ sở Võ Trường Toản,THCS
Thành phố Đồng Nai,Phường Tân Triều,Trường Trung học phổ thông Vĩnh Cửu,THPT
Thành phố Đồng Nai,Phường Xuân Lập,Trường Trung học cơ sở Xuân Lập,THCS
Thành phố Đồng Nai,Phường Xuân Lộc,Trường THCS Trưng Vương,THCS
Thành phố Đồng Nai,Phường Xuân Lộc,Trường Tiểu học Chu Văn An,Tiểu học
Thành phố Đồng Nai,Phường Xuân Lộc,Trường Tiểu học Trần Quốc Toản,Tiểu học
Thành phố Đồng Nai,Phường Xuân Lộc,Trường Trung học phổ thông Hồng Bàng,THPT
Thành phố Đồng Nai,Phường Xuân Lộc,Trường Trung học phổ thông Xuân Lộc,THPT
Thành phố Đồng Nai,Phường Xuân Lộc,Trường Trung học phổ thông Xuân Thọ,THPT
Thành phố Đồng Nai,Phường Đồng Phú,Trường Mầm non Tân Phú,Mầm non
Thành phố Đồng Nai,Phường Đồng Phú,Trường PT Dân tộc nội trú huyện Đồng Phú,
Thành phố Đồng Nai,Phường Đồng Phú,Trường Tiểu học Tân Phú,Tiểu học
Thành phố Đồng Nai,Phường Đồng Phú,Trường Trung học phổ thông Đồng Phú,THPT
Thành phố Đồng Nai,Phường Đồng Xoài,Trường Tiểu học Tiến Thành,Tiểu học
Thành phố Đồng Nai,Phường Đồng Xoài,Trường Tiểu học Tân Thành B,Tiểu học
Thành phố Đồng Nai,Phường Đồng Xoài,Trường Trung học phổ thông chuyên Quang Trung,THPT
Thành phố Đồng Nai,Xã An Phước,Trường Mẫu giáo Thành Nghĩa,Mầm non
Thành phố Đồng Nai,Xã An Phước,Trường Tiểu học An Phước,Tiểu học
Thành phố Đồng Nai,Xã Bàu Hàm,Trường Mầm non Thanh Bình,Mầm non
Thành phố Đồng Nai,Xã Bàu Hàm,Trường Mẫu giáo Thanh Bình,Mầm non
Thành phố Đồng Nai,Xã Bàu Hàm,Trường Trung học cơ sở Quang Vinh,THCS
Thành phố Đồng Nai,Xã Bình Minh,Trường Mầm non Bé Yêu,Mầm non
Thành phố Đồng Nai,Xã Bình Minh,Trường Tiểu học Kim Đồng,Tiểu học
Thành phố Đồng Nai,Xã Bình Minh,Trường Tiểu học Trần Quốc Toản,Tiểu học
Thành phố Đồng Nai,Xã Bình Minh,Trường Tiểu học-Trung học cơ sở Bắc Sơn,Liên cấp
Thành phố Đồng Nai,Xã Bình Minh,Trường Trung học cơ sở Huỳnh Văn Nghệ,THCS
Thành phố Đồng Nai,Xã Bình Tân,Trường Tiểu học Lê Văn Tám,Tiểu học
Thành phố Đồng Nai,Xã Cẩm Mỹ,Trường Tiểu học Long Giao,Tiểu học
Thành phố Đồng Nai,Xã Cẩm Mỹ,Trường Tiểu học Nhân Nghĩa,Tiểu học
Thành phố Đồng Nai,Xã Cẩm Mỹ,Trường Tiểu học Trần Quốc Toản,Tiểu học
Thành phố Đồng Nai,Xã Cẩm Mỹ,Trường Trung học cơ sở Chu Văn An,THCS
Thành phố Đồng Nai,Xã Cẩm Mỹ,Trường Trung học phổ thông Cẩm Mỹ,THPT
Thành phố Đồng Nai,Xã Cẩm Mỹ,Trường Trung học phổ thông Xuân Mỹ,THPT
Thành phố Đồng Nai,Xã Gia Kiệm,Trường Trung học phổ thông Thống Nhất,THPT
Thành phố Đồng Nai,Xã Hưng Thịnh,Trường Trung học phổ thông Trần Quốc Tuấn,THPT
Thành phố Đồng Nai,Xã Hưng Thịnh,Trường Trung học phổ thông Văn Lang,THPT
Thành phố Đồng Nai,Xã La Ngà,Trường Trung học cơ sở Điểu Cải,THCS
Thành phố Đồng Nai,Xã Long Hà,Trường Tiểu học Log Hà B,Tiểu học
Thành phố Đồng Nai,Xã Long Phước,Trường Trung học phổ thông Long Phuoc,THPT
Thành phố Đồng Nai,Xã Long Phước,Trường mầm non Đa Minh,Mầm non
Thành phố Đồng Nai,Xã Lộc Hưng,THọc Tiểu Học Lộc Điền A-Ấp 1 Lộc Điền- Lộc Ninh- Bình Phước,Tiểu học
Thành phố Đồng Nai,Xã Nghĩa Trung,Trường Trung học cơ sở Nguyễn Trường Tộ,THCS
Thành phố Đồng Nai,Xã Nghĩa Trung,Trường Trung học phổ thông Lê Quý Đôn,THPT
Thành phố Đồng Nai,Xã Phú Hòa,Trường THCS - THPT Lạc Long Quân,Liên cấp
Thành phố Đồng Nai,Xã Phú Hòa,Trường THCS Phú Lợi,THCS
Thành phố Đồng Nai,Xã Phú Nghĩa,Trường Phổ thông Dân tộc Nội trú Trung học Cơ sở và Trung học Phổ thông Huyện Bù Gia Mập,THCS
Thành phố Đồng Nai,Xã Phú Nghĩa,Trường Tiểu học Nguyễn Huệ,Tiểu học
Thành phố Đồng Nai,Xã Phú Nghĩa,Trường Trung học Cơ sở và Trung học Phổ thông Võ Thị Sáu,THCS
Thành phố Đồng Nai,Xã Phú Nghĩa,Trường Trung học cơ sở Nguyễn Trãi,THCS
Thành phố Đồng Nai,Xã Phú Riềng,Trường Mẫu giáo Phú Riềng A,Mầm non
Thành phố Đồng Nai,Xã Phú Riềng,Trường Tiểu học Bù Nho,Tiểu học
Thành phố Đồng Nai,Xã Phú Riềng,Trường Tiểu học Phú Riềng A,Tiểu học
Thành phố Đồng Nai,Xã Phú Riềng,Trường Tiểu học Phú Riềng B,Tiểu học
Thành phố Đồng Nai,Xã Phú Riềng,Trường Trung học cơ sở Bù Nho,THCS
Thành phố Đồng Nai,Xã Phú Riềng,Trường Trung học cơ sở Nguyễn Du,THCS
Thành phố Đồng Nai,Xã Phú Riềng,Trường Trung học phổ thông Nguyễn Khuyến,THPT
Thành phố Đồng Nai,Xã Phú Riềng,Trường Trung học phổ thông Phú Riềng,THPT
Thành phố Đồng Nai,Xã Phước An,Trường Tiểu Học Vĩnh Thanh,Tiểu học
Thành phố Đồng Nai,Xã Phước Thái,Trường Tiểu học Long Phú,Tiểu học
Thành phố Đồng Nai,Xã Phước Thái,Trường Tiểu học Phước Thái,Tiểu học
Thành phố Đồng Nai,Xã Phước Thái,Trường Tiểu học Phước Thái 2,Tiểu học
Thành phố Đồng Nai,Xã Phước Thái,Trường Tiểu học Thái Thiện,Tiểu học
Thành phố Đồng Nai,Xã Phước Thái,Trường Tiểu học Tân Hiệp,Tiểu học
Thành phố Đồng Nai,Xã Phước Thái,Trường Trung học cơ sở Phước Thái,THCS
Thành phố Đồng Nai,Xã Phước Thái,Trường Trung học cơ sở Tân Hiệp,THCS
Thành phố Đồng Nai,Xã Sông Ray,Trường Trung học cơ sở Ngô Quyền,THCS
Thành phố Đồng Nai,Xã Thiện Hưng,Trường Tiểu học Thanh Bình A,Tiểu học
Thành phố Đồng Nai,Xã Thiện Hưng,Trường Tiểu học Thiện Hưng A,Tiểu học
Thành phố Đồng Nai,Xã Thiện Hưng,Trường Trung học cơ sở Bù Đốp,THCS
Thành phố Đồng Nai,Xã Thiện Hưng,Trường Trung học cơ sở Thanh Bình,THCS
Thành phố Đồng Nai,Xã Thiện Hưng,Trường Trung học phổ thông Thanh Hòa,THPT
Thành phố Đồng Nai,Xã Thuận Lợi,Chợ Thuận Phú,Mầm non
Thành phố Đồng Nai,Xã Thuận Lợi,Trường Trung học cơ sở Thuận Phú,THCS
Thành phố Đồng Nai,Xã Thống Nhất,Trường Mầm non Bình Minh,Mầm non
Thành phố Đồng Nai,Xã Thống Nhất,Trường Tiểu học Phù Đổng,Tiểu học
Thành phố Đồng Nai,Xã Thống Nhất,Trường Tiểu học Phú Cường,Tiểu học
Thành phố Đồng Nai,Xã Thống Nhất,Trường Tiểu học Phú Cường (Điểm trường Thống Nhất),Tiểu học
Thành phố Đồng Nai,Xã Thống Nhất,Trường Trung học cơ sở Nguyễn Trãi,THCS
Thành phố Đồng Nai,Xã Thống Nhất,Trường mầm non Phú Túc,Mầm non
Thành phố Đồng Nai,Xã Thống Nhất,Trường tiểu học ĐInh Tiên Hoàng,Tiểu học
Thành phố Đồng Nai,Xã Tà Lài,Trường Trung học phổ thông Tôn Đức Thắng,THPT
Thành phố Đồng Nai,Xã Tân An,Trường Tiểu học Tân An,Tiểu học
Thành phố Đồng Nai,Xã Tân An,Trường Tiểu học Tân An (cơ sở Đại An),Tiểu học
Thành phố Đồng Nai,Xã Tân An,Trường Trung học cơ sở Tân An,THCS
Thành phố Đồng Nai,Xã Xuân Hòa,Trường Trung học phổ thông Xuân Hưng,THPT
Thành phố Đồng Nai,Xã Xuân Phú,Trường Tiểu học Nguyễn Bỉnh Khiêm,Tiểu học
Thành phố Đồng Nai,Xã Xuân Phú,Trường Trung học cơ sở Lý Thường Kiệt,THCS
Thành phố Đồng Nai,Xã Xuân Quế,Trường Tiểu Học Xuân Quế,Tiểu học
Thành phố Đồng Nai,Xã Xuân Quế,Trường Trung học cơ sở Lý Tự Trọng,THCS
Thành phố Đồng Nai,Xã Xuân Đông,Trường Tiểu học Võ Thị Sáu,Tiểu học
Thành phố Đồng Nai,Xã Xuân Đông,Trường Trung học phổ thông Sông Ray,THPT
Thành phố Đồng Nai,Xã Xuân Đông,Trường Trung học phổ thông Võ Trường Toản,THPT
Thành phố Đồng Nai,Xã Đại Phước,THọc-Tiểu Học Phú Đông -Võ Thị Sáu-Ấp Bến Ngự- Phú Đông-,Tiểu học
Thành phố Đồng Nai,Xã Đại Phước,THọc-Tiểu Học Phước Khánh -Phạm Thái Bường-Ấp 2- Phước Khánh-,Tiểu học
Thành phố Đồng Nai,Xã Đại Phước,Trường Mầm non Phú Hữu,Mầm non
Thành phố Đồng Nai,Xã Đại Phước,Trường Tiểu học Phú Hữu,Tiểu học
Thành phố Đồng Nai,Xã Đại Phước,Trường Tiểu học Đại Phước,Tiểu học
Thành phố Đồng Nai,Xã Đại Phước,Trường Trung học cơ sở Dương Văn Thì,THCS
Thành phố Đồng Nai,Xã Đại Phước,Trường Trung học phổ thông Nhơn Trạch,THPT
Thành phố Đồng Nai,Xã Định Quán,Trường Trung học cơ sở Lê Thánh Tông,THCS
Thành phố Đồng Nai,Xã Định Quán,Trường Trung học phổ thông Phú Ngọc,THPT
Thành phố Đồng Nai,Xã Định Quán,Trường Trung học phổ thông Tân Phú,THPT
Thành phố Đồng Nai,Xã Đồng Tâm,Trường Tiểu học Tân Phước,Tiểu học
Thành phố Đồng Nai,Xã Đồng Tâm,Trường Trung học cơ sở Tân Phước,THCS
Thành phố Đồng Nai,Xã Đồng Tâm,Trường Đồng Tiến,
Tỉnh An Giang,Phường Bình Đức,Trường Tiểu học Hàm Nghi,Tiểu học
Tỉnh An Giang,Phường Bình Đức,Trường Trung học cơ sở Bình Khánh,THCS
Tỉnh An Giang,Phường Bình Đức,Trường Trung học phổ thông Long Xuyên,THPT
Tỉnh An Giang,Phường Chi Lăng,Trường Mẫu Giáo Tân Lợi,Mầm non
Tỉnh An Giang,Phường Chi Lăng,Trường Tiểu học B Chi Lăng,Tiểu học
Tỉnh An Giang,Phường Chi Lăng,Trường Trung học cơ sở Cao Bá Quát,THCS
Tỉnh An Giang,Phường Chi Lăng,Trường Trung học phổ thông Chi Lăng,THPT
Tỉnh An Giang,Phường Châu Đốc,Tiểu học Trưng Vương,Tiểu học
Tỉnh An Giang,Phường Châu Đốc,Trường Phổ thông Dân tộc Nội trú Trung học phổ thông An Giang,THPT
Tỉnh An Giang,Phường Châu Đốc,Trường Tiểu học Lê Lợi,Tiểu học
Tỉnh An Giang,Phường Châu Đốc,Trường Tiểu học Nguyễn Du,Tiểu học
Tỉnh An Giang,Phường Châu Đốc,Trường Trung học cơ sở Châu Phú A,THCS
Tỉnh An Giang,Phường Châu Đốc,Trường Trung học cơ sở Nguyễn Trãi,THCS
Tỉnh An Giang,Phường Châu Đốc,Trường Trung học cơ sở Nguyễn Đình Chiểu,THCS
Tỉnh An Giang,Phường Châu Đốc,Trường Trung học phổ thông Võ Thị Sáu,THPT
Tỉnh An Giang,Phường Châu Đốc,Trường Trung học phổ thông chuyên Thủ Khoa Nghĩa,THPT
Tỉnh An Giang,Phường Hà Tiên,Trường Tiểu học Mỹ Đức,Tiểu học
Tỉnh An Giang,Phường Hà Tiên,Trường Tiểu học Đông Hồ,Tiểu học
Tỉnh An Giang,Phường Hà Tiên,Trường Trung học cơ sở Bình San,THCS
Tỉnh An Giang,Phường Hà Tiên,Trường Trung học cơ sở Mỹ Đức,THCS
Tỉnh An Giang,Phường Long Xuyên,Tiểu Học Châu Văn Liêm,Tiểu học
Tỉnh An Giang,Phường Long Xuyên,Tiểu học Chu Văn An,Tiểu học
Tỉnh An Giang,Phường Long Xuyên,Tiểu học Nguyễn Bỉnh Khiêm,Tiểu học
Tỉnh An Giang,Phường Long Xuyên,Tiểu học Nguyễn Khuyến,Tiểu học
Tỉnh An Giang,Phường Long Xuyên,Tiểu học Phạm Hồng Thái,Tiểu học
Tỉnh An Giang,Phường Long Xuyên,Tiểu học Trần Quốc Toản,Tiểu học
Tỉnh An Giang,Phường Long Xuyên,Trường Phổ thông Thực hành Sư phạm,THPT
Tỉnh An Giang,Phường Long Xuyên,Trường Quốc tế GIS,
Tỉnh An Giang,Phường Long Xuyên,Trường Tiểu học Lê Lợi,Tiểu học
Tỉnh An Giang,Phường Long Xuyên,Trường Tiểu học Lê Văn Nhung,Tiểu học
Tỉnh An Giang,Phường Long Xuyên,Trường Tiểu học Nguyễn Du,Tiểu học
Tỉnh An Giang,Phường Long Xuyên,Trường Trung học cơ sở Hùng Vương,THCS
Tỉnh An Giang,Phường Long Xuyên,Trường Trung học cơ sở Lý Thường Kiệt,THCS
Tỉnh An Giang,Phường Long Xuyên,Trường Trung học cơ sở Mạc Đỉnh Chi,THCS
Tỉnh An Giang,Phường Long Xuyên,Trường Trung học cơ sở Mỹ Quý,THCS
Tỉnh An Giang,Phường Long Xuyên,Trường Trung học cơ sở Nguyễn Trãi,THCS
Tỉnh An Giang,Phường Long Xuyên,Trường Trung học phổ thông Buì Hữu Nghĩa,THPT
Tỉnh An Giang,Phường Long Xuyên,Trường Trung học phổ thông Chưởng Binh Lễ,THPT
Tỉnh An Giang,Phường Long Xuyên,Trường Trung học phổ thông Long Xuyên,THPT
Tỉnh An Giang,Phường Long Xuyên,Trường Trung học phổ thông chuyên Thoại Ngọc Hầu,THPT
Tỉnh An Giang,Phường Mỹ Thới,Tiểu học Lê Hồng Phong,Tiểu học
Tỉnh An Giang,Phường Mỹ Thới,Tiểu học Nguyễn Văn Cưng,Tiểu học
Tỉnh An Giang,Phường Mỹ Thới,Tiểu học Trần Phú,Tiểu học
Tỉnh An Giang,Phường Mỹ Thới,Tiểu học Trần Quang Khải,Tiểu học
Tỉnh An Giang,Phường Mỹ Thới,Trường Trung học cơ sở Mỹ Thới,THCS
Tỉnh An Giang,Phường Mỹ Thới,Trường Trung học cơ sở Nguyễn Huệ,THCS
Tỉnh An Giang,Phường Mỹ Thới,Trường Trung học phổ thông Mỹ Thới,THPT
Tỉnh An Giang,Phường Rạch Giá,Trường Mầm Non Líu Lo,Mầm non
Tỉnh An Giang,Phường Rạch Giá,Trường Mầm non Họa Mi,Mầm non
Tỉnh An Giang,Phường Rạch Giá,Trường Mầm non iSchool,Mầm non
Tỉnh An Giang,Phường Rạch Giá,Trường Năng Khiếu TDTT Kiên Giang,
Tỉnh An Giang,Phường Rạch Giá,Trường PT DTNT tỉnh Kiên Giang,
Tỉnh An Giang,Phường Rạch Giá,Trường Tiểu học Hồng Bàng,Tiểu học
Tỉnh An Giang,Phường Rạch Giá,Trường Tiểu học Kim Đồng,Tiểu học
Tỉnh An Giang,Phường Rạch Giá,Trường Tiểu học Lê Thị Hồng Gấm,Tiểu học
Tỉnh An Giang,Phường Rạch Giá,Trường Tiểu học Lý Tự Trọng,Tiểu học
Tỉnh An Giang,Phường Rạch Giá,Trường Tiểu học Lương Thế Vinh,Tiểu học
Tỉnh An Giang,Phường Rạch Giá,Trường Tiểu học Nguyễn Bá Ngọc,Tiểu học
Tỉnh An Giang,Phường Rạch Giá,Trường Tiểu học Nguyễn Hiền,Tiểu học
Tỉnh An Giang,Phường Rạch Giá,Trường Tiểu học Trương Định,Tiểu học
Tỉnh An Giang,Phường Rạch Giá,Trường Tiểu học Âu Cơ,Tiểu học
Tỉnh An Giang,Phường Rạch Giá,Trường Trung học cơ sở Chu Văn An,THCS
Tỉnh An Giang,Phường Rạch Giá,Trường Trung học cơ sở Hùng Vương,THCS
Tỉnh An Giang,Phường Rạch Giá,Trường Trung học cơ sở Lê Quý Đôn,THCS
Tỉnh An Giang,Phường Rạch Giá,Trường Trung học cơ sở Nguyễn Bỉnh Khiêm,THCS
Tỉnh An Giang,Phường Rạch Giá,Trường Trung học cơ sở Nguyễn Chí Thanh,THCS
Tỉnh An Giang,Phường Rạch Giá,Trường Trung học cơ sở Nguyễn Du,THCS
Tỉnh An Giang,Phường Rạch Giá,Trường Trung học cơ sở Nguyễn Trãi,THCS
Tỉnh An Giang,Phường Rạch Giá,Trường Trung học cơ sở Nguyễn Trường Tộ,THCS
Tỉnh An Giang,Phường Rạch Giá,Trường Trung học cơ sở Võ Trường Toản,THCS
Tỉnh An Giang,Phường Rạch Giá,Trường Trung học phổ thông Nguyễn Hùng Sơn,THPT
Tỉnh An Giang,Phường Rạch Giá,Trường Trung học phổ thông Nguyễn Trung Trực,THPT
Tỉnh An Giang,Phường Rạch Giá,Trường Trung học phổ thông Nhiều cấp iSchool Rạch Giá,Liên cấp
Tỉnh An Giang,Phường Rạch Giá,Trường Trung học phổ thông chuyên Huỳnh Mẫn Đạt,THPT
Tỉnh An Giang,Phường Thới Sơn,Trường Phổ thông dân tộc nội trú Tịnh Biên,THPT
Tỉnh An Giang,Phường Thới Sơn,"Trường Tiểu học ""C"" Nhà Bàng",Tiểu học
Tỉnh An Giang,Phường Thới Sơn,Trường Trung học cơ sở Lê Hồng Phong,THCS
Tỉnh An Giang,Phường Thới Sơn,Trường Trung học phổ thông Tịnh Biên,THPT
Tỉnh An Giang,Phường Tân Châu,Trường Trung học phổ thông Tân Châu,THPT
Tỉnh An Giang,Phường Tịnh Biên,Trường Trung học cơ sở Lương Thế Vinh,THCS
Tỉnh An Giang,Phường Tịnh Biên,Trường Trung học phổ thông Xuân Tô,THPT
Tỉnh An Giang,Phường Vĩnh Thông,Trường Mầm non Mỹ Lâm,Mầm non
Tỉnh An Giang,Phường Vĩnh Thông,Trường Tiểu học Mỹ Lâm 1,Tiểu học
Tỉnh An Giang,Phường Vĩnh Thông,Trường Tiểu học Tân Hưng,Tiểu học
Tỉnh An Giang,Phường Vĩnh Thông,Trường Trung học cơ sở Mỹ Hưng,THCS
Tỉnh An Giang,Phường Vĩnh Thông,Trường Trung học cơ sở Mỹ Lâm,THCS
Tỉnh An Giang,Xã An Biên,Trường Trung học Cơ sở Thị trấn Thứ Ba 1,THCS
Tỉnh An Giang,Xã An Biên,Trường Trung học Cơ sở Thị trấn Thứ Ba 2,THCS
Tỉnh An Giang,Xã An Biên,Trường Trung học phổ thông An Biên,THPT
Tỉnh An Giang,Xã An Châu,Trường Trung học cơ sở An Châu,THCS
Tỉnh An Giang,Xã An Châu,Trường Trung học phổ thông Nguyễn Bỉnh Khiêm,THPT
Tỉnh An Giang,Xã An Cư,Trường tiểu học Văn Giáo,Tiểu học
Tỉnh An Giang,Xã An Minh,Trường Mầm non Đông Hưng,Mầm non
Tỉnh An Giang,Xã An Minh,Trường Trung học cơ sở Đông Hưng,THCS
Tỉnh An Giang,Xã An Minh,Trường Trung học phổ thông An Minh,THPT
Tỉnh An Giang,Xã An Phú,Mẫu giáo An Phú,Mầm non
Tỉnh An Giang,Xã An Phú,Tiểu học A An Phú,Tiểu học
Tỉnh An Giang,Xã An Phú,Trường Trung học cơ sở An Phú,THCS
Tỉnh An Giang,Xã An Phú,Trường Trung học phổ thông An Phú,THPT
Tỉnh An Giang,Xã An Phú,Trường Trung học phổ thông An Phú 1,THPT
Tỉnh An Giang,Xã Bình Hòa,Trường Trung học cơ sở Quản Cơ Thành,THCS
Tỉnh An Giang,Xã Bình Mỹ,Trường Trung học cơ sở Bình Mỹ,THCS
Tỉnh An Giang,Xã Bình Mỹ,Trường Trung học cơ sở Bình Thủy,THCS
Tỉnh An Giang,Xã Bình Mỹ,Trường Trung học phổ thông Bình Mỹ,THPT
Tỉnh An Giang,Xã Bình Sơn,Trường Tiểu học Bình Sơn 1,Tiểu học
Tỉnh An Giang,Xã Bình Sơn,Trường Tiểu học Bình Sơn 3,Tiểu học
Tỉnh An Giang,Xã Bình Sơn,Trường Trung học phổ thông Bình Sơn,THPT
Tỉnh An Giang,Xã Châu Phong,Trường Trung học cơ sở Châu Phong,THCS
Tỉnh An Giang,Xã Châu Phú,Tiểu học B Bình Long,Tiểu học
Tỉnh An Giang,Xã Châu Phú,Trường Mầm non Thị trấn Cái Dầu,Mầm non
Tỉnh An Giang,Xã Châu Phú,"Trường Tiểu học ""A"" Thị trấn Cái Dầu",Tiểu học
Tỉnh An Giang,Xã Châu Phú,Trường Trung học cơ sở Cái Dầu,THCS
Tỉnh An Giang,Xã Châu Phú,Trường Trung học phổ thông Trần Văn Thành,THPT
Tỉnh An Giang,Xã Châu Phú,Trường Trung học phổ thông Đoàn Kết,THPT
Tỉnh An Giang,Xã Châu Phú,tiểu học A Bình Long,Tiểu học
Tỉnh An Giang,Xã Chợ Mới,Trường Tiểu học A thị trấn Chợ Mới,Tiểu học
Tỉnh An Giang,Xã Chợ Mới,Trường Tiểu học B Kiến An,Tiểu học
Tỉnh An Giang,Xã Chợ Mới,Trường Trung học cơ sở Lê Triệu Kiết,THCS
Tỉnh An Giang,Xã Chợ Mới,Trường Trung học cơ sở Nguyễn Đăng Sơn,THCS
Tỉnh An Giang,Xã Chợ Vàm,Trường Trung học cơ sở Chợ Vàm,THCS
Tỉnh An Giang,Xã Chợ Vàm,Trường Trung học phổ thông Nguyễn Chí Thanh,THPT
Tỉnh An Giang,Xã Cù Lao Giêng,Trường Tiểu học A Tấn Mỹ,Tiểu học
Tỉnh An Giang,Xã Cù Lao Giêng,Trường Tiểu học B Tấn Mỹ (Điểm chính),Tiểu học
Tỉnh An Giang,Xã Cù Lao Giêng,Trường Trung học cơ sở Nguyễn Thanh Sơn,THCS
Tỉnh An Giang,Xã Cù Lao Giêng,Trường Trung học cơ sở Tấn Mỹ,THCS
Tỉnh An Giang,Xã Giồng Riềng,Trường Mầm non Họa Mi,Mầm non
Tỉnh An Giang,Xã Giồng Riềng,Trường Tiểu học Thị trấn Giồng Riềng 1,Tiểu học
Tỉnh An Giang,Xã Giồng Riềng,Trường Tiểu học Thị trấn Giồng Riềng 2,Tiểu học
Tỉnh An Giang,Xã Giồng Riềng,Trường Trung học cơ sở Mai Thị Hồng Hạnh,THCS
Tỉnh An Giang,Xã Giồng Riềng,Trường Trung học phổ thông Giồng Riềng,THPT
Tỉnh An Giang,Xã Gò Quao,Trường Mầm non Gò Quao,Mầm non
Tỉnh An Giang,Xã Gò Quao,Trường Tiểu học Định An 3,Tiểu học
Tỉnh An Giang,Xã Gò Quao,Trường Trung học Cơ sở Gò Quao,THCS
Tỉnh An Giang,Xã Hòa Hưng,Trường Trung học cơ sở - Trung học phổ thông Hoà Hưng,THCS
Tỉnh An Giang,Xã Hòa Điền,Trường Tiểu học Kiên Bình 1,Tiểu học
Tỉnh An Giang,Xã Hòa Điền,Trường Trung học cơ sở Kiên Bình,THCS
Tỉnh An Giang,Xã Hòn Đất,Trường Tiểu học Thị trấn Hòn Đất 1,Tiểu học
Tỉnh An Giang,Xã Hòn Đất,Trường Tiểu học-Trung học cơ sở Thị trấn Hòn Đất 2,Liên cấp
Tỉnh An Giang,Xã Hòn Đất,Trường Trung học cơ sở Thị trấn Hòn Đất,THCS
Tỉnh An Giang,Xã Hòn Đất,Trường Trung học phổ thông Hòn Đất,THPT
Tỉnh An Giang,Xã Hội An,Trường Tiểu học A Hội An (Điểm chính - Ấp Thị 1),Tiểu học
Tỉnh An Giang,Xã Hội An,Trường Tiểu học C Hòa An,Tiểu học
Tỉnh An Giang,Xã Hội An,Trường Trung học phổ thông Huỳnh Thị Hưởng,THPT
Tỉnh An Giang,Xã Hội An,Trường Trung học phổ thông Võ Thành Trinh,THPT
Tỉnh An Giang,Xã Kiên Lương,Mầm non Kiên Lương,Mầm non
Tỉnh An Giang,Xã Kiên Lương,Trường Cấp III Kiên Lương,
Tỉnh An Giang,Xã Kiên Lương,Trường Trung học phổ thông Ba Hòn,THPT
Tỉnh An Giang,Xã Kiên Lương,Trường phổ thông Kiên Lương,THPT
Tỉnh An Giang,Xã Kiên Lương,Trường tiểu học Bình An,Tiểu học
Tỉnh An Giang,Xã Kiên Lương,Trường tiểu học Kiên Lương,Tiểu học
Tỉnh An Giang,Xã Kiên Lương,tiểu học Kiên Lương,Tiểu học
Tỉnh An Giang,Xã Long Kiến,Trường Trung học cơ sở Long Kiến,THCS
Tỉnh An Giang,Xã Long Kiến,Trường Trung học phổ thông Ung Văn Khiêm (Long Kiến),THPT
Tỉnh An Giang,Xã Long Điền,Trường Mẫu giáo Thị trấn Mỹ Luông,Mầm non
Tỉnh An Giang,Xã Long Điền,Trường Tiểu học A Thị trấn Mỹ Luông,Tiểu học
Tỉnh An Giang,Xã Long Điền,Trường Tiểu học Phù Đổng,Tiểu học
Tỉnh An Giang,Xã Long Điền,Trường Trung học cơ sở Nguyễn Quang Sáng,THCS
Tỉnh An Giang,Xã Long Điền,Trường Trung học cơ sở Võ Ánh Đăng,THCS
Tỉnh An Giang,Xã Long Điền,Trường Trung học phổ thông Châu Văn Liêm,THPT
Tỉnh An Giang,Xã Mỹ Hòa Hưng,Trường Trung học cơ sở Ngô Gia Tự,THCS
Tỉnh An Giang,Xã Mỹ Thuận,Trường Mẫu giáo Sóc Sơn,Mầm non
Tỉnh An Giang,Xã Mỹ Thuận,Trường Tiểu học Thị trấn Sóc Sơn,Tiểu học
Tỉnh An Giang,Xã Mỹ Thuận,Trường Trung học cơ sở Sóc Sơn,THCS
Tỉnh An Giang,Xã Mỹ Thuận,Trường Trung học phổ thông Sóc Sơn,THPT
Tỉnh An Giang,Xã Mỹ Đức,Tiểu học A Mỹ Đức,Tiểu học
Tỉnh An Giang,Xã Mỹ Đức,"Trường Tiểu học ""A"" Mỹ Đức",Tiểu học
Tỉnh An Giang,Xã Mỹ Đức,Trường Trung học cơ sở Mỹ Đức,THCS
Tỉnh An Giang,Xã Mỹ Đức,Trường Trung học phổ thông Châu Phú,THPT
Tỉnh An Giang,Xã Nhơn Hội,Trường Trung học cơ sở Phước Hưng,THCS
Tỉnh An Giang,Xã Nhơn Mỹ,Tiểu học B Nhơn Mỹ,Tiểu học
Tỉnh An Giang,Xã Phú Tân,Trường Tiểu học C Phú Mỹ (điểm phụ),Tiểu học
Tỉnh An Giang,Xã Phú Tân,Trường Trung học cơ sở Phú Mỹ,THCS
Tỉnh An Giang,Xã Phú Tân,Trường Trung học phổ thông Chu Văn An,THPT
Tỉnh An Giang,Xã Sơn Kiên,Trường Tiểu học Sơn Kiên 1,Tiểu học
Tỉnh An Giang,Xã Sơn Kiên,Trường Tiểu học Sơn Kiên 3,Tiểu học
Tỉnh An Giang,Xã Sơn Kiên,Trường Trung học cơ sở Sơn Kiên,THCS
Tỉnh An Giang,Xã Thoại Sơn,Trường Tiểu học B Núi Sập,Tiểu học
Tỉnh An Giang,Xã Thoại Sơn,Trường Trung học phổ thông Nguyễn Văn Thoại,THPT
Tỉnh An Giang,Xã Thạnh Lộc,Trường Tiểu học Mong Thọ 2,Tiểu học
Tỉnh An Giang,Xã Thạnh Lộc,Trường Tiểu học Mong Thọ B 1,Tiểu học
Tỉnh An Giang,Xã Thạnh Lộc,Trường Trung học cơ sở Mong Thọ B,THCS
Tỉnh An Giang,Xã Thạnh Lộc,Trường Trung học phổ thông Mong Thọ,THPT
Tỉnh An Giang,Xã Thạnh Đông,Trường Tiểu Học Thạnh Đông A,Tiểu học
Tỉnh An Giang,Xã Thạnh Đông,Trường Tiểu học Thạnh Đông A1,Tiểu học
Tỉnh An Giang,Xã Thạnh Đông,Trường Trung học cơ sở Thạnh Đông A,THCS
Tỉnh An Giang,Xã Thạnh Đông,Trường Trung học phổ thông Thạnh Đông,THPT
Tỉnh An Giang,Xã Tiên Hải,Trường Tiểu học và Trung học Cơ sở Tiên Hải,Liên cấp
Tỉnh An Giang,Xã Tri Tôn,Trường Trung học cơ sở Tri Tôn,THCS
Tỉnh An Giang,Xã Tri Tôn,Trường Trung học phổ thông Nguyên Trung Trực,THPT
Tỉnh An Giang,Xã Tri Tôn,trường tiểu học B,Tiểu học
Tỉnh An Giang,Xã Tân Hiệp,Trường Tiểu học Thị trấn Tân Hiệp,Tiểu học
Tỉnh An Giang,Xã Tân Hiệp,Trường Trung học cơ sở Thạnh Đông,THCS
Tỉnh An Giang,Xã Tân Hiệp,Trường Trung học cơ sở Thị Trấn Tân Hiệp,THCS
Tỉnh An Giang,Xã Tân Hiệp,Trường Trung học phổ thông Bán công Tân Hiệp,THPT
Tỉnh An Giang,Xã Tân Thạnh,Trường Trung học cơ sở & Trung học phổ thông Nguyễn Văn Xiện,THCS
Tỉnh An Giang,Xã Tây Yên,Trường Trung học cơ sở-Trung học phổ thông Nam Yên,THCS
Tỉnh An Giang,Xã Vân Khánh,Trường Trung học cơ sở & Trung học phổ thông Vân Khánh,THCS
Tỉnh An Giang,Xã Vĩnh Gia,Trường Tiểu học Vĩnh Gia (Điểm phụ),Tiểu học
Tỉnh An Giang,Xã Vĩnh Hòa,Trường Thạnh Yên 2,
Tỉnh An Giang,Xã Vĩnh Hậu,Trường Trung học cơ sở Đa Phước,THCS
Tỉnh An Giang,Xã Vĩnh Thạnh Trung,Tiểu học Vĩnh Thạnh Trung,Tiểu học
Tỉnh An Giang,Xã Vĩnh Thạnh Trung,Trường Trung học cơ sở Mỹ Phú,THCS
Tỉnh An Giang,Xã Vĩnh Thạnh Trung,Trường Trung học cơ sở VTT,THCS
Tỉnh An Giang,Xã Vĩnh Thạnh Trung,tiểu học A VTT,Tiểu học
Tỉnh An Giang,Xã Vĩnh Thạnh Trung,tiểu học C Vĩnh Thạnh Trung,Tiểu học
Tỉnh An Giang,Xã Vĩnh Trạch,Trường Tiểu học B Vĩnh Trạch,Tiểu học
Tỉnh An Giang,Xã Vĩnh Trạch,Trường Trung học cơ sở Vĩnh Trạch,THCS
Tỉnh An Giang,Xã Vĩnh Trạch,Trường Trung học phổ thông Vĩnh Trạch,THPT
Tỉnh An Giang,Xã Đông Hòa,Trường Trung học cơ sở Đông Hoà 1,THCS
Tỉnh An Giang,Xã Đông Thái,Trường Phổ thông Dân tộc Nội trú Trung học cơ sở An Biên,THCS
Tỉnh An Giang,Xã Đông Thái,Trường Trung học cơ sở & Trung học phổ thông Đông Thái,THCS
Tỉnh An Giang,Đặc khu Kiên Hải,Trường Tiểu học và Trung học Cơ sở Nam Du,Liên cấp
Tỉnh An Giang,Đặc khu Phú Quốc,Công viên nước Aquatopia,Mầm non
Tỉnh An Giang,Đặc khu Phú Quốc,Mầm non tư thục ĐôRêMon,Mầm non
Tỉnh An Giang,Đặc khu Phú Quốc,Trường Mầm Non ABC,Mầm non
Tỉnh An Giang,Đặc khu Phú Quốc,Trường Mầm Non Cửa Dương,Mầm non
Tỉnh An Giang,Đặc khu Phú Quốc,Trường Mầm Non Tư Thục MÂY HỒNG,Mầm non
Tỉnh An Giang,Đặc khu Phú Quốc,Trường Tiểu Học Cửa Dương 2 - Điểm Bến Tràm,Tiểu học
Tỉnh An Giang,Đặc khu Phú Quốc,Trường Tiểu Học và Trung học cơ sở xã Gành Dầu,Liên cấp
Tỉnh An Giang,Đặc khu Phú Quốc,Trường Tiểu học Dương Đông 1,Tiểu học
Tỉnh Cao Bằng,Phường Nùng Trí Cao,Trường Trung học phổ thông Thành phố Cao Bằng,THPT
Tỉnh Cao Bằng,Phường Nùng Trí Cao,Trường mầm non Sông Bằng,Mầm non
Tỉnh Cao Bằng,Phường Nùng Trí Cao,Trường thcs Thị Xuân,THCS
Tỉnh Cao Bằng,Phường Thục Phán,MCNV School,
Tỉnh Cao Bằng,Phường Thục Phán,Trường Tiểu học Hợp Giang,Tiểu học
Tỉnh Cao Bằng,Phường Thục Phán,Trường Trung học cơ sở Hợp Giang,THCS
Tỉnh Cao Bằng,Phường Thục Phán,Trường Trung học phổ thông Bế Văn Đàn,THPT
Tỉnh Cao Bằng,Phường Thục Phán,Trường Trung học phổ thông Dân tộc Nội trú tỉnh Cao Bằng,THPT
Tỉnh Cao Bằng,Phường Thục Phán,Trường tiểu học sông Hiến,Tiểu học
Tỉnh Cao Bằng,Phường Tân Giang,Trường Mầm non Hoà Chung,Mầm non
Tỉnh Cao Bằng,Phường Tân Giang,Trường Tiểu học Hoà Chung,Tiểu học
Tỉnh Cao Bằng,Phường Tân Giang,Trường Trung học cơ sở Hoà Chung,THCS
Tỉnh Cao Bằng,Phường Tân Giang,Trường Trung học cơ sở Tân Giang,THCS
Tỉnh Cao Bằng,Phường Tân Giang,Trường Trung học phổ thông chuyên Cao Bằng,THPT
Tỉnh Cao Bằng,Xã Bảo Lạc,Trường PTDTNT huyện Bảo Lạc,
Tỉnh Cao Bằng,Xã Bảo Lạc,Trường Tiểu học thị trấn Bảo Lạc,Tiểu học
Tỉnh Cao Bằng,Xã Bảo Lạc,Trường Trung học phổ thông Bảo Lạc,THPT
Tỉnh Cao Bằng,Xã Bảo Lạc,Trường mầm non xã Bảo Lạc,Mầm non
Tỉnh Cà Mau,Phường An Xuyên,Hồ Thị Kỷ High School,THPT
Tỉnh Cà Mau,Phường An Xuyên,Trường Hồ Thị Kỷ,
Tỉnh Cà Mau,Phường An Xuyên,Trường Mầm Non Rạng Đông,Mầm non
Tỉnh Cà Mau,Phường An Xuyên,Trường Phổ thông Dân tộc Nội trú tỉnh Cà Mau,THPT
Tỉnh Cà Mau,Phường An Xuyên,Trường Tiểu học P1,Tiểu học
Tỉnh Cà Mau,Phường An Xuyên,Trường Trung học phổ thông chuyên Phan Ngọc Hiển,THPT
Tỉnh Cà Mau,Phường Bạc Liêu,Trường Mẫu giáo Tuổi Thơ,Mầm non
Tỉnh Cà Mau,Phường Bạc Liêu,Trường Tiểu học Phùng Ngọc Liêm,Tiểu học
Tỉnh Cà Mau,Phường Bạc Liêu,Trường Trung học cơ sở Bạc Liêu - Ninh Bình,THCS
Tỉnh Cà Mau,Phường Bạc Liêu,Trường Trung học cơ sở Lê Thị Cẩm Lệ,THCS
Tỉnh Cà Mau,Phường Bạc Liêu,Trường Trung học cơ sở Trần Huỳnh,THCS
Tỉnh Cà Mau,Phường Bạc Liêu,Trường Trung học cơ sở Trần Văn Ơn,THCS
Tỉnh Cà Mau,Phường Bạc Liêu,Trường Trung học cơ sở Võ Thị Sáu,THCS
Tỉnh Cà Mau,Phường Bạc Liêu,Trường Trung học phổ thông Bạc Liêu,THPT
Tỉnh Cà Mau,Phường Bạc Liêu,Trường Trung học phổ thông chuyên Bạc Liêu,THPT
Tỉnh Cà Mau,Phường Bạc Liêu,Trường mầm non Bạc Liêu,Mầm non
Tỉnh Cà Mau,Phường Giá Rai,Trường Trung học cơ sở Giá Rai B,THCS
Tỉnh Cà Mau,Phường Giá Rai,Trường Trung học phổ thông Giá Rai,THPT
Tỉnh Cà Mau,Phường Giá Rai,Trường Trung học phổ thông Nguyễn Trung Trực,THPT
Tỉnh Cà Mau,Phường Hiệp Thành,Trường Trung học phổ thông Hiệp Thành,THPT
Tỉnh Cà Mau,Phường Tân Thành,Trường Tiểu Học Hùng Vương,Tiểu học
Tỉnh Cà Mau,Phường Vĩnh Trạch,Trường Trung học phổ thông Phan Ngọc Hiển,THPT
Tỉnh Cà Mau,Xã Hòa Bình,Trường Phổ thông Dân tộc nội trú tỉnh Bạc Liêu,THPT
Tỉnh Cà Mau,Xã Hòa Bình,Trường Trung học phổ thông Lê Thị Riêng,THPT
Tỉnh Cà Mau,Xã Khánh An,Trường Tiểu học Đặng Thuỳ Trâm,Tiểu học
Tỉnh Cà Mau,Xã Khánh Hưng,Trường Mầm non Khánh Hải,Mầm non
Tỉnh Cà Mau,Xã Khánh Hưng,Trường Tiểu học Khánh Hải 1,Tiểu học
Tỉnh Cà Mau,Xã Khánh Hưng,Trường Tiểu học Khánh Hải 3,Tiểu học
Tỉnh Cà Mau,Xã Khánh Hưng,Trường Trung học cơ sở Khánh Hải 1,THCS
Tỉnh Cà Mau,Xã Long Điền,Trường Trung học phổ thông Điền Hải,THPT
Tỉnh Cà Mau,Xã Ninh Quới,Trường Trung học phổ thông Ninh Quới,THPT
Tỉnh Cà Mau,Xã Năm Căn,Trường Trung học cơ sở Phan Ngọc Hiển,THCS
Tỉnh Cà Mau,Xã Năm Căn,Trường tiểu học 1 Thị trấn Nam Căn,Tiểu học
Tỉnh Cà Mau,Xã Phan Ngọc Hiển,Trường Tiểu học 2 Thị trấn Rạch Gốc,Tiểu học
Tỉnh Cà Mau,Xã Phan Ngọc Hiển,Trường Trung học cơ sở Bông Văn Dĩa,THCS
Tỉnh Cà Mau,Xã Phong Thạnh,Trường Mầm non Phong Thạnh Tây,Mầm non
Tỉnh Cà Mau,Xã Phong Thạnh,Trường THCS Phong Thạnh Tây,THCS
Tỉnh Cà Mau,Xã Phong Thạnh,Trường Tiểu học Tân Thạnh A,Tiểu học
Tỉnh Cà Mau,Xã Phước Long,Trường THCS thị trấn Phước Long,THCS
Tỉnh Cà Mau,Xã Thới Bình,Trường Trung học phổ thông Thới Bình,THPT
Tỉnh Cà Mau,Xã Trần Văn Thời,Trường Trung học cơ sở Thị trấn Trần Văn Thời,THCS
Tỉnh Cà Mau,Xã Trần Văn Thời,Trường Trung học phổ thông Huỳnh Phi Hùng,THPT
Tỉnh Cà Mau,Xã Trần Văn Thời,Trường Trung học phổ thông Trần Văn Thời,THPT
Tỉnh Cà Mau,Xã Tạ An Khương,Trường Tiểu học Tạ An Khương Nam,Tiểu học
Tỉnh Cà Mau,Xã Tạ An Khương,Trường Trung học cơ sở Tạ An Khương Nam,THCS
Tỉnh Cà Mau,Xã Vĩnh Lợi,Truờng Trung học cơ sở Nguyễn Minh Nhựt,THCS
Tỉnh Cà Mau,Xã Vĩnh Lợi,Trường Trung học phổ thông Lê Văn Đẩu,THPT
Tỉnh Cà Mau,Xã Đất Mũi,Trường Tiểu học 1 Xã Đất Mũi,Tiểu học
Tỉnh Cà Mau,Xã Đất Mũi,Trường Tiểu học 2 Đất Mũi,Tiểu học
Tỉnh Cà Mau,Xã Đất Mũi,Trường Tiểu học 3 Xã Đất Mũi (điểm trường 680),Tiểu học
Tỉnh Cà Mau,Xã Đất Mũi,Trường Tiểu học 3 Đất Mũi,Tiểu học
Tỉnh Cà Mau,Xã Đất Mũi,Trường Trung học cơ sở Khai Long,THCS
Tỉnh Cà Mau,Xã Đất Mũi,Trường Trung học cơ sở Đất Mũi,THCS
Tỉnh Cà Mau,Xã Đầm Dơi,Trường Mầm non Thị Trấn Đầm Dơi,Mầm non
Tỉnh Cà Mau,Xã Đầm Dơi,Trường Tiểu Học Ngô Bình An,Tiểu học
Tỉnh Cà Mau,Xã Đầm Dơi,Trường Tiểu học Phan Ngọc Hiển,Tiểu học
Tỉnh Cà Mau,Xã Đầm Dơi,Trường Trung học cơ sở Dương Thị Cẩm Vân,THCS
Tỉnh Cà Mau,Xã Đầm Dơi,Trường Trung học cơ sở Phan Ngọc Hiển,THCS
Tỉnh Cà Mau,Xã Đầm Dơi,Trường Trung học phổ thông Đầm Dơi,THPT
Tỉnh Gia Lai,Phường An Khê,Trường THCS Trưng Vương,THCS
Tỉnh Gia Lai,Phường An Khê,Trường THCS Đề Thám,THCS
Tỉnh Gia Lai,Phường An Khê,Trường Tiểu Học Võ Thị Sáu Cơ Sở 2,Tiểu học
Tỉnh Gia Lai,Phường An Khê,Trường Trung học phổ thông Quang Trung,THPT
Tỉnh Gia Lai,Phường An Nhơn,Trường THCS Đập Đá,THCS
Tỉnh Gia Lai,Phường An Nhơn,Trường THPT Nguyễn Trường Tộ,THPT
Tỉnh Gia Lai,Phường An Nhơn,Trường Tiểu Học số 1 Đập Đá,Tiểu học
Tỉnh Gia Lai,Phường An Nhơn,Trường Tiểu học Nhơn Hậu (điểm trường Nam Tân),Tiểu học
Tỉnh Gia Lai,Phường An Nhơn,Trường Tiểu học số 2 Phường Đập Đá,Tiểu học
Tỉnh Gia Lai,Phường Ayun Pa,Trường Mẫu Giáo Bình Minh,Mầm non
Tỉnh Gia Lai,Phường Ayun Pa,Trường THPT Lê Thánh Tông,THPT
Tỉnh Gia Lai,Phường Ayun Pa,Trường THPT Lý Thường Kiệt,THPT
Tỉnh Gia Lai,Phường Ayun Pa,Trường Tiểu học Nay Đer,Tiểu học
Tỉnh Gia Lai,Phường Ayun Pa,Trường Tiểu học Võ Thị Sáu,Tiểu học
Tỉnh Gia Lai,Phường Bình Định,Trường Tiểu học số 1 phường Bình Định,Tiểu học
Tỉnh Gia Lai,Phường Bình Định,Trường Tiểu học số 2 phường Bình Định,Tiểu học
Tỉnh Gia Lai,Phường Bình Định,Trường Trung học cơ sở phường Bình Định,THCS
Tỉnh Gia Lai,Phường Bình Định,Trường Trung học phổ thông Nguyễn Đình Chiểu,THPT
Tỉnh Gia Lai,Phường Bình Định,Trường Trung học phổ thông số 1 An Nhơn,THPT
Tỉnh Gia Lai,Phường Bồng Sơn,Trường THCS Hoài Đức,THCS
Tỉnh Gia Lai,Phường Bồng Sơn,Trường Tiểu học số 1 Bồng Sơn,Tiểu học
Tỉnh Gia Lai,Phường Bồng Sơn,Trường Tiểu học số 1 Bồng Sơn (điểm Thiết Đính Bắc),Tiểu học
Tỉnh Gia Lai,Phường Bồng Sơn,Trường Tiểu học số 2 Bồng Sơn (điểm Liêm Bình),Tiểu học
Tỉnh Gia Lai,Phường Bồng Sơn,Trường Tiểu học số 2 Bồng Sơn (điểm Trung Lương),Tiểu học
Tỉnh Gia Lai,Phường Bồng Sơn,Trường Tiểu học số 2 Bồng Sơn (điểm Văn phòng),Tiểu học
Tỉnh Gia Lai,Phường Bồng Sơn,Trường Trung học cơ sở Bồng Sơn,THCS
Tỉnh Gia Lai,Phường Bồng Sơn,Trường Trung học cơ sở số 2 Bồng Sơn,THCS
Tỉnh Gia Lai,Phường Bồng Sơn,Trường Trung học phổ thông Phan Bội Châu,THPT
Tỉnh Gia Lai,Phường Bồng Sơn,Trường Trung học phổ thông chuyên Chu Văn An,THPT
Tỉnh Gia Lai,Phường Diên Hồng,Trường Tiểu Học Trần Quốc Toản,Tiểu học
Tỉnh Gia Lai,Phường Diên Hồng,"Trường Trung học phổ thông chuyên Hùng Vương, Gia Lai",THPT
Tỉnh Gia Lai,Phường Hoài Nhơn,Trường THCS Hoài Thanh,THCS
Tỉnh Gia Lai,Phường Hoài Nhơn,Trường Tiểu Học Số 2 Tam Quan Nam,Tiểu học
Tỉnh Gia Lai,Phường Hoài Nhơn,Trường Tiểu học số 2 Hoài Thanh,Tiểu học
Tỉnh Gia Lai,Phường Hoài Nhơn Bắc,Trường THCS Tam Quan Bắc,THCS
Tỉnh Gia Lai,Phường Hoài Nhơn Nam,Trường Mầm non Hoài Tân,Mầm non
Tỉnh Gia Lai,Phường Hoài Nhơn Nam,Trường THCS Hoài Tân,THCS
Tỉnh Gia Lai,Phường Hoài Nhơn Đông,Trường THCS Hoài Hương,THCS
Tỉnh Gia Lai,Phường Hoài Nhơn Đông,Trường THCS Thiện Đức,THCS
Tỉnh Gia Lai,Phường Hoài Nhơn Đông,Trường Tiểu Học Số 3 Hoài Hương,Tiểu học
Tỉnh Gia Lai,Phường Hội Phú,Trường Tiểu học Ngô Mây,Tiểu học
Tỉnh Gia Lai,Phường Hội Phú,Trường Trung học phổ thông Nguyễn Chí Thanh,THPT
Tỉnh Gia Lai,Phường Pleiku,Trường Trung học phổ thông Pleiku,THPT
Tỉnh Gia Lai,Phường Pleiku,Trường mầm non Sao Việt,Mầm non
Tỉnh Gia Lai,Phường Pleiku,school-PhamHongThai stories 2,
Tỉnh Gia Lai,Phường Pleiku,school-SaoViet stories 4,
Tỉnh Gia Lai,Phường Quy Nhơn,Trung Vuong highschool,
Tỉnh Gia Lai,Phường Quy Nhơn,Trường Tiểu Học Hoàng Quốc Việt,Tiểu học
Tỉnh Gia Lai,Phường Quy Nhơn,Trường Tiểu Học Hải Cảng,Tiểu học
Tỉnh Gia Lai,Phường Quy Nhơn,Trường Tiểu Học Trần Quốc Toản,Tiểu học
Tỉnh Gia Lai,Phường Quy Nhơn,Trường Tiểu Học Đống Đa,Tiểu học
Tỉnh Gia Lai,Phường Quy Nhơn,Trường Tiểu học Lê Lợi,Tiểu học
Tỉnh Gia Lai,Phường Quy Nhơn,Trường Tiểu học Trần Phú,Tiểu học
Tỉnh Gia Lai,Phường Quy Nhơn,Trường Trung học cơ sở Hải Cảng,THCS
Tỉnh Gia Lai,Phường Quy Nhơn,Trường Trung học cơ sở Lê Hồng Phong,THCS
Tỉnh Gia Lai,Phường Quy Nhơn,Trường Trung học cơ sở Lê Lợi,THCS
Tỉnh Gia Lai,Phường Quy Nhơn,Trường Trung học cơ sở Lương Thế Vinh,THCS
Tỉnh Gia Lai,Phường Quy Nhơn,Trường Trung học cơ sở Trần Hưng Đạo,THCS
Tỉnh Gia Lai,Phường Quy Nhơn,Trường Trung học cơ sở Tây Sơn,THCS
Tỉnh Gia Lai,Phường Quy Nhơn,Trường Trung học cơ sở Đống Đa,THCS
Tỉnh Gia Lai,Phường Quy Nhơn,Trường Trung học phổ thông Quốc học Quy Nhơn,THPT
Tỉnh Gia Lai,Phường Quy Nhơn,Trường Trung học phổ thông Trưng Vương,THPT
Tỉnh Gia Lai,Phường Quy Nhơn,Trường Trung học phổ thông chuyên Lê Quý Đôn,THPT
Tỉnh Gia Lai,Phường Quy Nhơn,Trường tiểu học Lý Thường Kiệt,Tiểu học
Tỉnh Gia Lai,Phường Quy Nhơn Bắc,iSchool,
Tỉnh Gia Lai,Phường Quy Nhơn Nam,Truờng Trung học phổ thông Nguyễn Thái Học,THPT
Tỉnh Gia Lai,Phường Quy Nhơn Nam,Trường PT Dân Tộc Nội Trú Bình Định,
Tỉnh Gia Lai,Phường Quy Nhơn Nam,Trường Tiểu Học Ngô Mây,Tiểu học
Tỉnh Gia Lai,Phường Quy Nhơn Nam,Trường Trung học cơ sở Ghềnh Ráng,THCS
Tỉnh Gia Lai,Phường Quy Nhơn Nam,Trường Trung học cơ sở Ngô Mây,THCS
Tỉnh Gia Lai,Phường Quy Nhơn Đông,EcoSchool,
Tỉnh Gia Lai,Phường Quy Nhơn Đông,Trường Tiểu học Nhơn Hải,Tiểu học
Tỉnh Gia Lai,Phường Tam Quan,Trường Trung học phổ thông Nguyễn Trân,THPT
Tỉnh Gia Lai,Phường Tam Quan,Trường Trung học phổ thông Tam Quan,THPT
Tỉnh Gia Lai,Phường Thống Nhất,Tiểu Học Nguyễn Bá Ngọc,Tiểu học
Tỉnh Gia Lai,Phường Thống Nhất,Trường Phổ Thông Dân Tộc Nội Trú Tỉnh Gia Lai,THPT
Tỉnh Gia Lai,Phường Thống Nhất,Trường Tiểu học Nguyễn Bỉnh Khiêm,Tiểu học
Tỉnh Gia Lai,Phường Thống Nhất,Trường Trung học cơ sở Tôn Đức Thắng,THCS
Tỉnh Gia Lai,Xã An Hòa,Trường Trung học phổ thông An Lão,THPT
Tỉnh Gia Lai,Xã An Lão,Trường Tiểu học An Tân,Tiểu học
Tỉnh Gia Lai,Xã An Lão,Trường Trung học cơ sở An Tân,THCS
Tỉnh Gia Lai,Xã Biển Hồ,Trường Trung học phổ thông Lê Hồng Phong,THPT
Tỉnh Gia Lai,Xã Bình An,Trường THCS Tây Bình,THCS
Tỉnh Gia Lai,Xã Bình An,Trường THCS Tây Vinh,THCS
Tỉnh Gia Lai,Xã Bình An,Trường Tiểu học Tây Bình,Tiểu học
Tỉnh Gia Lai,Xã Bình An,Trường Trung học phổ thông Tây Sơn,THPT
Tỉnh Gia Lai,Xã Bình Dương,Trường THCS Thị Trấn Bình Dương,THCS
Tỉnh Gia Lai,Xã Bình Dương,Trường THPT Bình Dương,THPT
Tỉnh Gia Lai,Xã Bình Dương,Trường THPT số 2 Phù Mỹ,THPT
Tỉnh Gia Lai,Xã Bình Dương,Trường Tiểu Học Bình Dương,Tiểu học
Tỉnh Gia Lai,Xã Bình Khê,Trường Trung học phổ thông Võ Lai,THPT
Tỉnh Gia Lai,Xã Bờ Ngoong,Trường TH & THCS Huỳnh Thúc Kháng (Điểm trường Hố Bi),Liên cấp
Tỉnh Gia Lai,Xã Bờ Ngoong,Trường Tiểu Học Lê Văn Tám,Tiểu học
Tỉnh Gia Lai,Xã Bờ Ngoong,Trường Tiểu Học Trần Quốc Toản,Tiểu học
Tỉnh Gia Lai,Xã Bờ Ngoong,Trường Trung học cơ sở và Trung học phổ thông Nguyễn Văn Cừ,THCS
Tỉnh Gia Lai,Xã Chư Păh,Trường Phổ Thông Dân Tộc Nội Trú THCS Chư Păh,THCS
Tỉnh Gia Lai,Xã Chư Păh,Trường THCS Nghĩa Hòa,THCS
Tỉnh Gia Lai,Xã Chư Păh,Trường THCS Phú Hòa,THCS
Tỉnh Gia Lai,Xã Chư Păh,Trường THPT Mạc Đĩnh Chi,THPT
Tỉnh Gia Lai,Xã Chư Păh,Trường Tiểu học Nghĩa Hòa,Tiểu học
Tỉnh Gia Lai,Xã Chư Păh,Trường Tiểu học Phú Hòa,Tiểu học
Tỉnh Gia Lai,Xã Chư Pưh,Trường Trung học cơ sở Dân tộc Nội trú Xã Chư Pưh,THCS
Tỉnh Gia Lai,Xã Chư Pưh,Trường Trung học phổ thông Nguyễn Thái Học,THPT
Tỉnh Gia Lai,Xã Chư Sê,Trường Mầm non Hoa Mai,Mầm non
Tỉnh Gia Lai,Xã Chư Sê,Trường Tiểu học Hùng Vương,Tiểu học
Tỉnh Gia Lai,Xã Chư Sê,Trường Tiểu học Lê Quý Đôn,Tiểu học
Tỉnh Gia Lai,Xã Chư Sê,Trường Tiểu học Nguyễn Tất Thành,Tiểu học
Tỉnh Gia Lai,Xã Chư Sê,Trường Tiểu học và Trung học cơ sở Nguyễn Du,Liên cấp
Tỉnh Gia Lai,Xã Chư Sê,Trường Trung học cơ sở Cao Bá Quát,THCS
Tỉnh Gia Lai,Xã Chư Sê,Trường Trung học cơ sở Chu Văn An,THCS
Tỉnh Gia Lai,Xã Chư Sê,Trường Trung học cơ sở Nguyễn Khuyến,THCS
Tỉnh Gia Lai,Xã Chư Sê,Trường Trung học phổ thông Trường Chinh,THPT
Tỉnh Gia Lai,Xã Chư Sê,Trường Trung học phổ thông số 2 Nguyễn Bỉnh Khiêm,THPT
Tỉnh Gia Lai,Xã Hoài Ân,Trường Trung học phổ thông Hoài Ân,THPT
Tỉnh Gia Lai,Xã Hoài Ân,Trường Trung học phổ thông Nguyễn Bỉnh Khiêm,THPT
Tỉnh Gia Lai,Xã Ia Grai,Trường Mầm non 17/3,Mầm non
Tỉnh Gia Lai,Xã Ia Grai,Trường Tiểu học Kim Đồng,Tiểu học
Tỉnh Gia Lai,Xã Ia Grai,Trường Tiểu học Nguyễn Huệ,Tiểu học
Tỉnh Gia Lai,Xã Ia Grai,Trường Trung học cơ sở Dân tộc Nội trú,THCS
Tỉnh Gia Lai,Xã Ia Grai,Trường Trung học cơ sở Hùng Vương,THCS
Tỉnh Gia Lai,Xã Ia Grai,Trường Trung học phổ thông Huỳnh Thúc Kháng,THPT
Tỉnh Gia Lai,Xã Ia Krái,Trường Trung học cơ sở Phạm Hồng Thái,THCS
Tỉnh Gia Lai,Xã Ia Le,Trường Tiểu học Nguyễn Văn Cừ,Tiểu học
Tỉnh Gia Lai,Xã Ia Phí,Trường Tiểu học Ia Nhin,Tiểu học
Tỉnh Gia Lai,Xã Ia Rsai,Trường THCS Lý Tự Trọng,THCS
Tỉnh Gia Lai,Xã Ia Rsai,Trường THCS Nguyễn Trãi,THCS
Tỉnh Gia Lai,Xã Ia Rsai,Trường Tiểu học Chư Gu,Tiểu học
Tỉnh Gia Lai,Xã Ia Rsai,Trường Tiểu học Chư RCăm,Tiểu học
Tỉnh Gia Lai,Xã Ia Tul,Trường THPT Phan Chu Trinh,THPT
Tỉnh Gia Lai,Xã Phù Cát,Trường TH Số 1 Cát Trinh,Tiểu học
Tỉnh Gia Lai,Xã Phù Cát,Trường THCS Cát Trinh,THCS
Tỉnh Gia Lai,Xã Phù Cát,Trường Trung học phổ thông Số 1 Phù Cát,THPT
Tỉnh Gia Lai,Xã Phù Mỹ,Trường THCS Phù Mỹ,THCS
Tỉnh Gia Lai,Xã Phù Mỹ,Trường THPT số 1 Phù Mỹ,THPT
Tỉnh Gia Lai,Xã Phù Mỹ,Trường Tiểu Học Số 1 Thị Trấn Phù Mỹ,Tiểu học
Tỉnh Gia Lai,Xã Phù Mỹ,Trường Trung Học Cơ Sở Mỹ Quang,THCS
Tỉnh Gia Lai,Xã Phù Mỹ,Trường Trung học phổ thông Nguyễn Trung Trực,THPT
Tỉnh Gia Lai,Xã Phú Túc,Trường PT Dân tộc Nội trú huyện Krông Pa,
Tỉnh Gia Lai,Xã Phú Túc,Trường THCS Nguyễn Bỉnh Khiêm,THCS
Tỉnh Gia Lai,Xã Phú Túc,Trường THPT Chu Văn An,THPT
Tỉnh Gia Lai,Xã Phú Túc,Trường Tiểu Học Nguyễn Tất Thành,Tiểu học
Tỉnh Gia Lai,Xã Phú Túc,Trường Tiểu học số 1 Thị trấn Phú Túc,Tiểu học
Tỉnh Gia Lai,Xã Pờ Tó,Trường Tiểu học Võ Thị Sáu,Tiểu học
Tỉnh Gia Lai,Xã Tuy Phước,Trường Mẫu Giáo Phước Lộc,Mầm non
Tỉnh Gia Lai,Xã Tuy Phước,Trường Tiểu học Số 1 Phước Lộc,Tiểu học
Tỉnh Gia Lai,Xã Tuy Phước,Trường Tiểu học Số 2 Phước Lộc (Phân hiệu Trung Thành),Tiểu học
Tỉnh Gia Lai,Xã Tuy Phước,Trường Tiểu học Số 2 Phước Lộc (Phân hiệu Đại Tín),Tiểu học
Tỉnh Gia Lai,Xã Tuy Phước,Trường Tiểu học số 1 Diêu Trì,Tiểu học
Tỉnh Gia Lai,Xã Tuy Phước,Trường Tiểu học số 1 Diêu Trì (cs2),Tiểu học
Tỉnh Gia Lai,Xã Tuy Phước,Trường Tiểu học số 2 thị trấn Diêu Trì,Tiểu học
Tỉnh Gia Lai,Xã Tuy Phước,Trường Trung học cơ sở Phước Lộc,THCS
Tỉnh Gia Lai,Xã Tuy Phước,Trường Trung học cơ sở Số 2 Thị Trấn Tuy Phước,THCS
Tỉnh Gia Lai,Xã Tuy Phước,Trường Trung học cơ sở Trần Bá,THCS
Tỉnh Gia Lai,Xã Tuy Phước,Trường Trung học phổ thông Số 1 Tuy Phước,THPT
Tỉnh Gia Lai,Xã Tuy Phước,Trường Trung học phổ thông Xuân Diệu,THPT
Tỉnh Gia Lai,Xã Tuy Phước Tây,Hoa Mai,Mầm non
Tỉnh Gia Lai,Xã Tuy Phước Tây,Trường Trung học cơ sở Phước An,THCS
Tỉnh Gia Lai,Xã Tuy Phước Đông,Trường Mầm non Phước Hòa,Mầm non
Tỉnh Gia Lai,Xã Tuy Phước Đông,Trường TH Số 2 Phước Hòa,Tiểu học
Tỉnh Gia Lai,Xã Tuy Phước Đông,Trường THCS Phước Hoà,THCS
Tỉnh Gia Lai,Xã Tuy Phước Đông,Trường THPT Số 3 Tuy Phước,THPT
Tỉnh Gia Lai,Xã Tây Sơn,Nguyễn Huệ High school,THPT
Tỉnh Gia Lai,Xã Tây Sơn,Quang Trung High school,THPT
Tỉnh Gia Lai,Xã Tây Sơn,Trường Tiểu học Võ Xán 1,Tiểu học
Tỉnh Gia Lai,Xã Tây Sơn,Trường Tiểu học Võ Xán 2,Tiểu học
Tỉnh Gia Lai,Xã Tây Sơn,Trường Trung học cơ sở Bùi Thị Xuân,THCS
Tỉnh Gia Lai,Xã Tây Sơn,Trường Trung học cơ sở Võ Xán,THCS
Tỉnh Gia Lai,Xã Tây Sơn,Trường đào tạo nghề,
Tỉnh Gia Lai,Xã Uar,Trường THCS Lê Quý Đôn,THCS
Tỉnh Gia Lai,Xã Uar,Trường THPT Nguyễn Du,THPT
Tỉnh Gia Lai,Xã Vĩnh Sơn,Trường PTDNBT Trung học cơ sở Vĩnh Sơn,THCS
Tỉnh Gia Lai,Xã Vĩnh Thạnh,Trường Tiểu Học Thị Trấn Vĩnh Thạnh,Tiểu học
Tỉnh Gia Lai,Xã Vĩnh Thạnh,Trường Trung học cơ sở Thị Trấn Vĩnh Thạnh,THCS
Tỉnh Gia Lai,Xã Vĩnh Thạnh,Trường Trung học phổ thông Vĩnh Thạnh,THPT
Tỉnh Gia Lai,Xã Vạn Đức,Trường Trung học cơ sở Ân Thạnh,THCS
Tỉnh Gia Lai,Xã Đak Đoa,Trường Mầm non Thị trấn,Mầm non
Tỉnh Gia Lai,Xã Đak Đoa,Trường THPT Nguyễn Huệ,THPT
Tỉnh Gia Lai,Xã Đak Đoa,Trường Tiểu học số 3 Đak Đoa,Tiểu học
Tỉnh Gia Lai,Xã Đak Đoa,Trường tiểu học Trương Vĩnh Ký,Tiểu học
Tỉnh Gia Lai,Xã Đề Gi,Trường TH Cát Tài,Tiểu học
Tỉnh Gia Lai,Xã Đề Gi,Trường TH Số 1 Cát Minh,Tiểu học
Tỉnh Gia Lai,Xã Đề Gi,Trường TH Số 2 Cát Minh,Tiểu học
Tỉnh Gia Lai,Xã Đề Gi,Trường THCS Cát Minh,THCS
Tỉnh Gia Lai,Xã Đề Gi,Trường THPT Số 2 Phù Cát,THPT
Tỉnh Gia Lai,Xã Đức Cơ,Trường Tiểu học Võ Thị Sáu,Tiểu học
Tỉnh Hà Tĩnh,Phường Thành Sen,Trường Mầm non Trí Đức,Mầm non
Tỉnh Hà Tĩnh,Phường Thành Sen,Trường Tiểu học Nam Hà,Tiểu học
Tỉnh Hà Tĩnh,Phường Thành Sen,Trường Tiểu học Đại Nài,Tiểu học
Tỉnh Hà Tĩnh,Phường Thành Sen,Trường Trung học cơ sở Lê Bình,THCS
Tỉnh Hà Tĩnh,Phường Thành Sen,Trường Trung học cơ sở Lê Văn Thiêm,THCS
Tỉnh Hà Tĩnh,Phường Thành Sen,Trường Trung học cơ sở Nam Hà,THCS
Tỉnh Hà Tĩnh,Phường Thành Sen,Trường Trung học cơ sở Nguyễn Du,THCS
Tỉnh Hà Tĩnh,Phường Thành Sen,Trường Trung học cơ sở Thạch Linh,THCS
Tỉnh Hà Tĩnh,Phường Thành Sen,Trường Trung học cơ sở Đại Nài,THCS
Tỉnh Hà Tĩnh,Phường Thành Sen,Trường Trung học phổ thông Phan Đình Phùng,THPT
Tỉnh Hà Tĩnh,Phường Trần Phú,Trường Trung học phổ thông Thành Sen,THPT
Tỉnh Hà Tĩnh,Phường Trần Phú,Trường Trung học phổ thông chuyên Hà Tĩnh,THPT
Tỉnh Hà Tĩnh,Xã Can Lộc,Trường Trung học cơ sở Nguyễn Tất Thành,THCS
Tỉnh Hà Tĩnh,Xã Can Lộc,Trường Trung học cơ sở Xuân Diệu,THCS
Tỉnh Hà Tĩnh,Xã Cẩm Bình,Trường Trung học phổ thông Cẩm Bình,THPT
Tỉnh Hà Tĩnh,Xã Hương Sơn,Trường Trung học cơ sở Phố Diệm,THCS
Tỉnh Hà Tĩnh,Xã Thạch Hà,Trường Trung học phổ thông Lý Tự Trọng,THPT
Tỉnh Hà Tĩnh,Xã Tiên Điền,Trường Trung học phổ thông Nguyễn Du,THPT
Tỉnh Hà Tĩnh,Xã Tứ Mỹ,Trường Mầm non Sơn Châu,Mầm non
Tỉnh Hà Tĩnh,Xã Tứ Mỹ,Trường Tiểu học Sơn Châu,Tiểu học
Tỉnh Hà Tĩnh,Xã Tứ Mỹ,Trường Trung học cơ sở Hồ Tùng Mậu,THCS
Tỉnh Hà Tĩnh,Xã Vũ Quang,Trường Mầm non Thị trấn Vũ Quang,Mầm non
Tỉnh Hà Tĩnh,Xã Vũ Quang,Trường Tiểu học Thị trấn Vũ Quang,Tiểu học
Tỉnh Hà Tĩnh,Xã Đức Thọ,Trường Thcs Yên Tuấn,THCS
Tỉnh Hà Tĩnh,Xã Đức Thọ,Trường Trung học cơ sở Hoàng Xuân Hãn,THCS
Tỉnh Hà Tĩnh,Xã Đức Thọ,Trường Trung học phổ thông Nguyễn Thị Minh Khai,THPT
Tỉnh Hưng Yên,Phường Hồng Châu,Trường Tiểu học Hồng Châu,Tiểu học
Tỉnh Hưng Yên,Phường Hồng Châu,Trường Tiểu học Quảng Châu,Tiểu học
Tỉnh Hưng Yên,Phường Hồng Châu,Trường Trung học cơ sở Hồng Châu,THCS
Tỉnh Hưng Yên,Phường Hồng Châu,Trường Trung học cơ sở Quảng Châu,THCS
Tỉnh Hưng Yên,Phường Mỹ Hào,Trường mầm non 65-1,Mầm non
Tỉnh Hưng Yên,Phường Phố Hiến,Trường Mầm non 19-5,Mầm non
Tỉnh Hưng Yên,Phường Phố Hiến,Trường Mầm non An Tảo,Mầm non
Tỉnh Hưng Yên,Phường Phố Hiến,Trường Tiểu học An Tảo,Tiểu học
Tỉnh Hưng Yên,Phường Phố Hiến,Trường Tiểu học Hiến Nam,Tiểu học
Tỉnh Hưng Yên,Phường Phố Hiến,Trường Tiểu học Hoàng Lê,Tiểu học
Tỉnh Hưng Yên,Phường Phố Hiến,Trường Tiểu học Liên Phương,Tiểu học
Tỉnh Hưng Yên,Phường Phố Hiến,Trường Tiểu học Minh Khai,Tiểu học
Tỉnh Hưng Yên,Phường Phố Hiến,Trường Tiểu học Nguyễn Huệ,Tiểu học
Tỉnh Hưng Yên,Phường Phố Hiến,Trường Tiểu học Trung Nghĩa,Tiểu học
Tỉnh Hưng Yên,Phường Phố Hiến,Trường Trung học cơ sở An Tảo,THCS
Tỉnh Hưng Yên,Phường Phố Hiến,Trường Trung học cơ sở Hiến Nam,THCS
Tỉnh Hưng Yên,Phường Phố Hiến,Trường Trung học cơ sở Liên Phương,THCS
Tỉnh Hưng Yên,Phường Phố Hiến,Trường Trung học cơ sở Lê Lợi,THCS
Tỉnh Hưng Yên,Phường Phố Hiến,Trường Trung học cơ sở Minh Khai,THCS
Tỉnh Hưng Yên,Phường Phố Hiến,Trường Trung học cơ sở Nguyễn Quốc Ân,THCS
Tỉnh Hưng Yên,Phường Phố Hiến,Trường Trung học cơ sở Trung Nghĩa,THCS
Tỉnh Hưng Yên,Phường Phố Hiến,Trường Trung học phổ thông Hưng Yên,THPT
Tỉnh Hưng Yên,Phường Phố Hiến,Trường Trung học phổ thông Tô Hiệu,THPT
Tỉnh Hưng Yên,Phường Phố Hiến,Trường Trung học phổ thông chuyên Hưng Yên,THPT
Tỉnh Hưng Yên,Phường Sơn Nam,Trường Tiểu học Bảo Khê,Tiểu học
Tỉnh Hưng Yên,Phường Sơn Nam,Trường Tiểu học Hùng Cường,Tiểu học
Tỉnh Hưng Yên,Phường Sơn Nam,Trường Tiểu học Lam Sơn,Tiểu học
Tỉnh Hưng Yên,Phường Sơn Nam,Trường Tiểu học Phú Cường,Tiểu học
Tỉnh Hưng Yên,Phường Sơn Nam,Trường Trung học cơ sở Bảo Khê,THCS
Tỉnh Hưng Yên,Phường Sơn Nam,Trường Trung học cơ sở Hùng Cường,THCS
Tỉnh Hưng Yên,Phường Sơn Nam,Trường Trung học cơ sở Lam Sơn,THCS
Tỉnh Hưng Yên,Phường Sơn Nam,Trường Trung học cơ sở Nguyễn Tất Thành,THCS
Tỉnh Hưng Yên,Phường Sơn Nam,Trường Trung học cơ sở Phú Cường,THCS
Tỉnh Hưng Yên,Phường Sơn Nam,Trường Trung học phổ thông Quang Trung,THPT
Tỉnh Hưng Yên,Phường Thái Bình,Trường Tiểu học Tân Bình,Tiểu học
Tỉnh Hưng Yên,Phường Thái Bình,Trường Trung học cơ sở Tân Bình,THCS
Tỉnh Hưng Yên,Phường Trần Hưng Đạo,Trường Tiểu học Quang Trung,Tiểu học
Tỉnh Hưng Yên,Phường Trần Hưng Đạo,Trường Trung học cơ sở Tây Sơn,THCS
Tỉnh Hưng Yên,Phường Trần Hưng Đạo,Trường Trung học phổ thông Lê Quý Đôn,THPT
Tỉnh Hưng Yên,Phường Trần Hưng Đạo,Trường Trung học phổ thông chuyên Thái Bình,THPT
Tỉnh Hưng Yên,Phường Trần Lãm,Trường Trung học phổ thông Nguyễn Thái Bình,THPT
Tỉnh Hưng Yên,Phường Trần Lãm,Trường Trung học phổ thông Nguyễn Đức Cảnh,THPT
Tỉnh Hưng Yên,Xã  Bắc Đông Quan,Trường Trung học cơ sở Đông Vinh,THCS
Tỉnh Hưng Yên,Xã  Bắc Đông Quan,Trường tiểu học Đông Vinh,Tiểu học
Tỉnh Hưng Yên,Xã Bình Thanh,Trường Tiểu học & Trung học cơ sở Bình Thanh,Liên cấp
Tỉnh Hưng Yên,Xã Bình Thanh,Trường Trung học phổ thông Bình Thanh,THPT
Tỉnh Hưng Yên,Xã Bắc Thái Ninh,Trường Trung học phổ thông Thái Phúc,THPT
Tỉnh Hưng Yên,Xã Bắc Tiên Hưng,Trường Trung học phổ thông Mê Linh,THPT
Tỉnh Hưng Yên,Xã Chí Minh,Trường Trung học phổ thông Khoái Châu (cơ sở 2),THPT
Tỉnh Hưng Yên,Xã Diên Hà,Trường Trung học phổ thông Đông Hưng Hà,THPT
Tỉnh Hưng Yên,Xã Hiệp Cường,Trường Tiểu học Hiệp Cường,Tiểu học
Tỉnh Hưng Yên,Xã Hiệp Cường,Trường Trung học cơ sở Hiệp Cường,THCS
Tỉnh Hưng Yên,Xã Hoàng Hoa Thám,Trường Trung học cơ sở Tiên Lữ,THCS
Tỉnh Hưng Yên,Xã Hoàng Hoa Thám,Trường Trung học phổ thông Ngô Quyền,THPT
Tỉnh Hưng Yên,Xã Hoàng Hoa Thám,Trường Trung học phổ thông Tiên Lữ,THPT
Tỉnh Hưng Yên,Xã Hưng Hà,Trường Trung học phổ thông Bắc Duyên Hà,THPT
Tỉnh Hưng Yên,Xã Hưng Phú,Trường Trung học phổ thông Nam Tiền Hải,THPT
Tỉnh Hưng Yên,Xã Hồng Minh,Trường Tiểu học & Trung học cơ sở Trần Đức Thông,Liên cấp
Tỉnh Hưng Yên,Xã Hồng Minh,Trường Trung học phổ thông Nam Duyên Hà,THPT
Tỉnh Hưng Yên,Xã Hồng Quang,Trường Trung học phổ thông Nguyễn Trung Ngạn,THPT
Tỉnh Hưng Yên,Xã Khoái Châu,Trường Mầm Non thị trấn Khoái Châu,Mầm non
Tỉnh Hưng Yên,Xã Khoái Châu,Trường THCS Nguyễn Thiện Thuật,THCS
Tỉnh Hưng Yên,Xã Khoái Châu,Trường Trung học phổ thông Khoái Châu,THPT
Tỉnh Hưng Yên,Xã Khoái Châu,Trường Trung học phổ thông Nguyễn Siêu,THPT
Tỉnh Hưng Yên,Xã Khoái Châu,Trường Trung học phổ thông Phùng Hưng,THPT
Tỉnh Hưng Yên,Xã Khoái Châu,Trường mầm non Hoa Anh Đào,Mầm non
Tỉnh Hưng Yên,Xã Khoái Châu,Trường thcs thị trấn Khoái Châu,THCS
Tỉnh Hưng Yên,Xã Khoái Châu,Trường tiểu học thị trấn Khoái Châu,Tiểu học
Tỉnh Hưng Yên,Xã Kiến Xương,Trường Trung học cơ sở Lê Quý Đôn,THCS
Tỉnh Hưng Yên,Xã Kiến Xương,Trường Trung học phổ thông Nguyễn Du,THPT
Tỉnh Hưng Yên,Xã Long Hưng,Trường Trung học phổ thông Hưng Nhân,THPT
Tỉnh Hưng Yên,Xã Lê Lợi,Trường Trung học phổ thông Bắc Kiến Xương,THPT
Tỉnh Hưng Yên,Xã Lương Bằng,Trường Tiểu học Thị trấn Lương Bằng,Tiểu học
Tỉnh Hưng Yên,Xã Lương Bằng,Trường Trung học cơ sở Lê Quý Đôn,THCS
Tỉnh Hưng Yên,Xã Lương Bằng,Trường Trung học cơ sở Thị trấn Lương Bằng,THCS
Tỉnh Hưng Yên,Xã Lương Bằng,Trường Trung học phổ thông Kim Động,THPT
Tỉnh Hưng Yên,Xã Lạc Đạo,TH&Trung học cơ sở Chỉ Đạo,Tiểu học
Tỉnh Hưng Yên,Xã Lạc Đạo,Trường Mầm Non Tư Thục Hạnh Phúc,Mầm non
Tỉnh Hưng Yên,Xã Lạc Đạo,Trường Mẫu Giáo Xã Chỉ Đạo,Mầm non
Tỉnh Hưng Yên,Xã Lạc Đạo,Trường Tiểu học Lạc Đạo - Cơ sở 2,Tiểu học
Tỉnh Hưng Yên,Xã Lạc Đạo,Trường Trung học phổ thông Hùng Vương,THPT
Tỉnh Hưng Yên,Xã Lạc Đạo,Trường Trung học phổ thông Văn Lâm,THPT
Tỉnh Hưng Yên,Xã Minh Thọ,Trường Trung học phổ thông Quỳnh Thọ,THPT
Tỉnh Hưng Yên,Xã Nghĩa Dân,Trường Mầm non Nghĩa Dân,Mầm non
Tỉnh Hưng Yên,Xã Nghĩa Dân,Trường Trung học cơ sở Nghĩa Dân,THCS
Tỉnh Hưng Yên,Xã Nghĩa Dân,Trường Trung học phổ thông Nghĩa Dân,THPT
Tỉnh Hưng Yên,Xã Nghĩa Trụ,Cụm trường Mầm non – Tiểu học – Trung học cơ sở Vinschool Ocean Park 2,Liên cấp
Tỉnh Hưng Yên,Xã Nghĩa Trụ,MẦM NON HOA SỮA,Mầm non
Tỉnh Hưng Yên,Xã Nghĩa Trụ,MẦM NON TỰ THỰC BAN MAI XANH,Mầm non
Tỉnh Hưng Yên,Xã Nghĩa Trụ,Trường Mầm non Tô Quyền - Phân hiệu Long Hưng,Mầm non
Tỉnh Hưng Yên,Xã Nghĩa Trụ,Trường Mầm non Tô Quyền - Phân hiệu Vĩnh Khúc,Mầm non
Tỉnh Hưng Yên,Xã Nghĩa Trụ,Trường Tiểu học Tô Hiệu,Tiểu học
Tỉnh Hưng Yên,Xã Nghĩa Trụ,Trường Tiểu học Tô Hiệu - Phân hiệu Long Hưng,Tiểu học
Tỉnh Hưng Yên,Xã Nghĩa Trụ,Trường Tiểu học Tô Hiệu - Phân hiệu Vĩnh Khúc,Tiểu học
Tỉnh Hưng Yên,Xã Nghĩa Trụ,Trường Trung học cơ sở Nghĩa Trụ,THCS
Tỉnh Hưng Yên,Xã Nghĩa Trụ,Trường Trung học cơ sở Nghĩa Trụ - Phân hiệu Long Hưng,THCS
Tỉnh Hưng Yên,Xã Nghĩa Trụ,Trường Trung học cơ sở Nghĩa Trụ - Phân hiệu Vĩnh Khúc,THCS
Tỉnh Hưng Yên,Xã Nghĩa Trụ,Trường mầm non Tô Quyền,Mầm non
Tỉnh Hưng Yên,Xã Như Quỳnh,Trường Mầm Non Hoàng Yến (cơ sở 1),Mầm non
Tỉnh Hưng Yên,Xã Như Quỳnh,Trường Mầm Non Hoàng Yến (cơ sở 2),Mầm non
Tỉnh Hưng Yên,Xã Như Quỳnh,Trường Tiểu học Trưng Trắc,Tiểu học
Tỉnh Hưng Yên,Xã Như Quỳnh,Trường Trung học cơ sở Trưng Trắc,THCS
Tỉnh Hưng Yên,Xã Như Quỳnh,Trường Trung học phổ thông Trưng Vương,THPT
Tỉnh Hưng Yên,Xã Phụ Dực,Trường Mầm non An Bài,Mầm non
Tỉnh Hưng Yên,Xã Phụ Dực,Trường Tiểu học Thị trấn An Bài,Tiểu học
Tỉnh Hưng Yên,Xã Phụ Dực,Trường Trung học cơ sở Thị trấn An Bài,THCS
Tỉnh Hưng Yên,Xã Phụ Dực,Trường Trung học phổ thông Phụ Dực,THPT
Tỉnh Hưng Yên,Xã Phụ Dực,Trường Trung học phổ thông Trần Quốc Tuấn,THPT
Tỉnh Hưng Yên,Xã Phụng Công,Edison Schools,
Tỉnh Hưng Yên,Xã Phụng Công,Greenfield School,
Tỉnh Hưng Yên,Xã Phụng Công,Trường Quốc tế Ecopark Daesung,
Tỉnh Hưng Yên,Xã Phụng Công,Trường Trung học phổ thông Văn Giang,THPT
Tỉnh Hưng Yên,Xã Quang Hưng,Trường Trung học cơ sở Phù Cừ,THCS
Tỉnh Hưng Yên,Xã Quang Hưng,Trường Trung học phổ thông Newton Hưng Yên,THPT
Tỉnh Hưng Yên,Xã Quang Hưng,Trường Trung học phổ thông Phù Cừ,THPT
Tỉnh Hưng Yên,Xã Quỳnh Phụ,Trường Trung học phổ thông Nguyễn Huệ,THPT
Tỉnh Hưng Yên,Xã Quỳnh Phụ,Trường Trung học phổ thông Quỳnh Côi,THPT
Tỉnh Hưng Yên,Xã Thái Ninh,Trường Tiểu học Thái Hưng,Tiểu học
Tỉnh Hưng Yên,Xã Thái Ninh,Trường Trung học phổ thông Thái Ninh,THPT
Tỉnh Hưng Yên,Xã Thái Thụy,Trường THCS Thụy Trình,THCS
Tỉnh Hưng Yên,Xã Thái Thụy,Trường Tiểu học Thụy Trình,Tiểu học
Tỉnh Hưng Yên,Xã Thái Thụy,Trường Trung học phổ thông Đông Thuỵ Anh,THPT
Tỉnh Hưng Yên,Xã Thư Trì,Trường Trung học phổ thông Lý Bôn,THPT
Tỉnh Hưng Yên,Xã Thư Vũ,Trường Trung học phổ thông Vũ Tiên,THPT
Tỉnh Hưng Yên,Xã Thụy Anh,Trường Trung học phổ thông Tây Thuỵ Anh,THPT
Tỉnh Hưng Yên,Xã Tiên Hưng,Trường Trung học phổ thông Tiên Hưng,THPT
Tỉnh Hưng Yên,Xã Tiên La,Trường tiểu học Thái Phương A,Tiểu học
Tỉnh Hưng Yên,Xã Tiên Lữ,Trường Tiểu học Thuỵ Lôi,Tiểu học
Tỉnh Hưng Yên,Xã Tiên Lữ,Trường Trung học Cơ sở - Trung học Phổ thông Hoàng Hoa Thám,THCS
Tỉnh Hưng Yên,Xã Tiên Lữ,Trường Trung học phổ thông Trần Hưng Đạo,THPT
Tỉnh Hưng Yên,Xã Tiền Hải,Trường Trung học phổ thông Tây Tiền Hải,THPT
Tỉnh Hưng Yên,Xã Triệu Việt Vương,Trường Trung học phổ thông Trần Quang Khải,THPT
Tỉnh Hưng Yên,Xã Tân Hưng,Trường Mầm non Phương Chiểu,Mầm non
Tỉnh Hưng Yên,Xã Tân Hưng,Trường Mầm non Tân Hưng,Mầm non
Tỉnh Hưng Yên,Xã Tân Hưng,Trường Tiểu học Phương Chiểu,Tiểu học
Tỉnh Hưng Yên,Xã Tân Hưng,Trường Tiểu học Tân Hưng,Tiểu học
Tỉnh Hưng Yên,Xã Tân Hưng,Trường Trung học cơ sở Phương Chiểu,THCS
Tỉnh Hưng Yên,Xã Tân Hưng,Trường Trung học cơ sở Tân Hưng,THCS
Tỉnh Hưng Yên,Xã Tống Trân,Trường Trung học phổ thông Nam Phù Cừ,THPT
Tỉnh Hưng Yên,Xã Việt Yên,Trường Trung học phổ thông Minh Châu,THPT
Tỉnh Hưng Yên,Xã Việt Yên,Trường Trung học phổ thông Triệu Quang Phục,THPT
Tỉnh Hưng Yên,Xã Văn Giang,Trường Màm non Hòa Bình Hạ,Mầm non
Tỉnh Hưng Yên,Xã Văn Giang,Trường Mầm non Tân Tiến,Mầm non
Tỉnh Hưng Yên,Xã Văn Giang,Trường Tiểu học Tân Tiến,Tiểu học
Tỉnh Hưng Yên,Xã Văn Giang,Trường Trung học Cơ Sở Tân Tiến,THCS
Tỉnh Hưng Yên,Xã Văn Giang,Trường Trung học cơ sở Chụ Mạnh Trinh,THCS
Tỉnh Hưng Yên,Xã Văn Giang,Trường Trung học phổ thông Dương Quảng Hàm,THPT
Tỉnh Hưng Yên,Xã Vũ Quý,Trường Trung học phổ thông Chu Văn An,THPT
Tỉnh Hưng Yên,Xã Vũ Thư,Trường Trung học phổ thông Lạc Long Quân,THPT
Tỉnh Hưng Yên,Xã Vũ Thư,Trường Trung học phổ thông Nguyễn Trãi,THPT
Tỉnh Hưng Yên,Xã Vũ Tiên,Trường Trung học phổ thông Phạm Quang Thẩm,THPT
Tỉnh Hưng Yên,Xã Xuân Trúc,Trường Mầm non Quảng Lãng,Mầm non
Tỉnh Hưng Yên,Xã Xuân Trúc,Trường Tiểu học Quảng Lãng,Tiểu học
Tỉnh Hưng Yên,Xã Xuân Trúc,Trường Trung học cơ sở Quảng Lãng,THCS
Tỉnh Hưng Yên,Xã Yên Mỹ,Trường Trung học phổ thông Yên Mỹ,THPT
Tỉnh Hưng Yên,Xã Ân Thi,Trường Trung học phổ thông Phạm Ngũ Lão,THPT
Tỉnh Hưng Yên,Xã Ân Thi,Trường Trung học phổ thông Ân Thi,THPT
Tỉnh Hưng Yên,Xã Ân Thi,Trường Trung học phổ thông Đinh Tiên Hoàng,THPT
Tỉnh Hưng Yên,Xã Đông Hưng,Trường Tiểu học Thị trấn Đông Hưng,Tiểu học
Tỉnh Hưng Yên,Xã Đông Hưng,Trường Trung học cơ sở Phạm Huy Quang,THCS
Tỉnh Hưng Yên,Xã Đông Hưng,Trường Trung học phổ thông Bắc Đông Quan,THPT
Tỉnh Hưng Yên,Xã Đông Hưng,Trường Trung học phổ thông Đông Quan,THPT
Tỉnh Hưng Yên,Xã Đông Quan,Trường Trung học phổ thông Nam Đông Quan,THPT
Tỉnh Hưng Yên,Xã Đông Tiền Hải,Trường Trung học phổ thông Đông Tiền Hải,THPT
Tỉnh Hưng Yên,Xã Đại Đồng,(Mỹ Hào Cũ) Trường Mầm Non Thục Cầu (Ko Còn Hoạt Động),Mầm non
Tỉnh Hưng Yên,Xã Đại Đồng,TH&Trung học cơ sở Đại Đồng,Tiểu học
Tỉnh Hưng Yên,Xã Đại Đồng,Trường Mẫu Giáo Việt Hưng,Mầm non
Tỉnh Hưng Yên,Xã Đại Đồng,Trường Mẫu Giáo Xã Đại Đồng,Mầm non
Tỉnh Hưng Yên,Xã Đại Đồng,Trường Mẫu Giáo Đình Tổ,Mầm non
Tỉnh Hưng Yên,Xã Đại Đồng,Trường Tiểu Học Việt Hưng,Tiểu học
Tỉnh Hưng Yên,Xã Đại Đồng,Trường Tiểu Học Văn Ổ,Tiểu học
Tỉnh Hưng Yên,Xã Đại Đồng,Trường Trung học cơ sở Việt Hưng,THCS
Tỉnh Hưng Yên,Xã Đức Hợp,Trường Trung học phổ thông Đức Hợp,THPT
Tỉnh Khánh Hòa,Phường Ba Ngòi,Trường Tiểu Học Cam Phước Đông,Tiểu học
Tỉnh Khánh Hòa,Phường Ba Ngòi,Trường Tiểu học Ba Ngòi,Tiểu học
Tỉnh Khánh Hòa,Phường Ba Ngòi,Trường Trung học cơ sở Nguyễn Du,THCS
Tỉnh Khánh Hòa,Phường Bảo An,Trường Chính trị Ninh Thuận,
Tỉnh Khánh Hòa,Phường Bảo An,Trường Mẫu Giáo Bình Minh (PRESCHOOL),Mầm non
Tỉnh Khánh Hòa,Phường Bảo An,Trường THPT Tháp Chàm,THPT
Tỉnh Khánh Hòa,Phường Bảo An,Trường Tiểu học Phước Mỹ 1,Tiểu học
Tỉnh Khánh Hòa,Phường Bảo An,Trường Tiểu học Thành Hải 1,Tiểu học
Tỉnh Khánh Hòa,Phường Bảo An,Trường Trung học cơ sở Chu Văn An,THCS
Tỉnh Khánh Hòa,Phường Bắc Cam Ranh,Trường Tiểu học - Trung học cơ sở Cam Thành Nam,Liên cấp
Tỉnh Khánh Hòa,Phường Bắc Cam Ranh,Trường Tiểu học Cam Nghĩa 1,Tiểu học
Tỉnh Khánh Hòa,Phường Bắc Cam Ranh,Trường Tiểu học Cam Nghĩa 2,Tiểu học
Tỉnh Khánh Hòa,Phường Bắc Cam Ranh,Trường Tiểu học Cam Phúc Bắc 1,Tiểu học
Tỉnh Khánh Hòa,Phường Bắc Cam Ranh,Trường Tiểu học Cam Phúc Bắc 2,Tiểu học
Tỉnh Khánh Hòa,Phường Bắc Cam Ranh,Trường Trung học cơ sở Nguyễn Thị Minh Khai,THCS
Tỉnh Khánh Hòa,Phường Bắc Cam Ranh,Trường Trung học cơ sở Nguyễn Văn Trỗi,THCS
Tỉnh Khánh Hòa,Phường Bắc Cam Ranh,Trường Trung học phổ thông Ngô Gia Tự,THPT
Tỉnh Khánh Hòa,Phường Bắc Nha Trang,Lang tre em sos 229.2-4,Mầm non
Tỉnh Khánh Hòa,Phường Bắc Nha Trang,Trường Mầm Non Vĩnh Phương 2,Mầm non
Tỉnh Khánh Hòa,Phường Bắc Nha Trang,Trường Mầm non Sao Biển,Mầm non
Tỉnh Khánh Hòa,Phường Bắc Nha Trang,Trường Mầm non Vĩnh Phương 1,Mầm non
Tỉnh Khánh Hòa,Phường Bắc Nha Trang,Trường PT Dân tộc nội trú Khánh Hòa,
Tỉnh Khánh Hòa,Phường Bắc Nha Trang,Trường Phổ thông Hermann Gmeiner,THPT
Tỉnh Khánh Hòa,Phường Bắc Nha Trang,Trường THCS Nguyễn Viết Xuân,THCS
Tỉnh Khánh Hòa,Phường Bắc Nha Trang,Trường Tiểu Học Vĩnh Lương 2,Tiểu học
Tỉnh Khánh Hòa,Phường Bắc Nha Trang,Trường Tiểu học Vĩnh Hòa,Tiểu học
Tỉnh Khánh Hòa,Phường Bắc Nha Trang,Trường Tiểu họcVĩnh Thọ,Tiểu học
Tỉnh Khánh Hòa,Phường Bắc Nha Trang,Trường tiểu học Vĩnh Hòa 1,Tiểu học
Tỉnh Khánh Hòa,Phường Cam Linh,Trường Mầm non Cam Thuận,Mầm non
Tỉnh Khánh Hòa,Phường Cam Linh,Trường Tiểu học Cam Linh 1,Tiểu học
Tỉnh Khánh Hòa,Phường Cam Linh,Trường Tiểu học Cam Linh 2,Tiểu học
Tỉnh Khánh Hòa,Phường Cam Linh,Trường Trung học cơ sở Nguyễn Trọng Kỷ,THCS
Tỉnh Khánh Hòa,Phường Cam Linh,Trường Trung học phổ thông Trần Hưng Đạo,THPT
Tỉnh Khánh Hòa,Phường Cam Ranh,Trường Mẫu giáo 2 Tháng 4,Mầm non
Tỉnh Khánh Hòa,Phường Cam Ranh,Trường Tiểu học Cam Lộc 1,Tiểu học
Tỉnh Khánh Hòa,Phường Cam Ranh,Trường Tiểu học Cam Lộc 2,Tiểu học
Tỉnh Khánh Hòa,Phường Cam Ranh,Trường Tiểu học Cam Phú,Tiểu học
Tỉnh Khánh Hòa,Phường Cam Ranh,Trường Tiểu học Cam Phúc Bắc,Tiểu học
Tỉnh Khánh Hòa,Phường Cam Ranh,Trường Trung học cơ sở Chu Văn An,THCS
Tỉnh Khánh Hòa,Phường Cam Ranh,Trường Trung học cơ sở Lê Hồng Phong,THCS
Tỉnh Khánh Hòa,Phường Cam Ranh,Trường Trung học cơ sở Trần Phú,THCS
Tỉnh Khánh Hòa,Phường Cam Ranh,Trường Trung học phổ thông Phan Bội Châu,THPT
Tỉnh Khánh Hòa,Phường Hòa Thắng,Trường THCS Trần Phú,THCS
Tỉnh Khánh Hòa,Phường Hòa Thắng,Trường Tiểu học Ninh Hà,Tiểu học
Tỉnh Khánh Hòa,Phường Nam Nha Trang,Basic school,
Tỉnh Khánh Hòa,Phường Nam Nha Trang,EFI International School,
Tỉnh Khánh Hòa,Phường Nam Nha Trang,Kids Castle,Mầm non
Tỉnh Khánh Hòa,Phường Nam Nha Trang,Trường Mầm Non Canada Maple Bear VCN | Mầm non quốc tế Nha Trang,Mầm non
Tỉnh Khánh Hòa,Phường Nam Nha Trang,Trường THCS Nguyễn Hiền,THCS
Tỉnh Khánh Hòa,Phường Nam Nha Trang,Trường Tiểu Học Vĩnh Thái (Điểm Đất Lành),Tiểu học
Tỉnh Khánh Hòa,Phường Nam Nha Trang,Trường Tiểu học Vĩnh Thái,Tiểu học
Tỉnh Khánh Hòa,Phường Nam Nha Trang,Trường Trung học cơ sở Cao Bá Quát,THCS
Tỉnh Khánh Hòa,Phường Nam Nha Trang,Trường Trung học cơ sở Lam Sơn,THCS
Tỉnh Khánh Hòa,Phường Nam Nha Trang,Trường Trung học cơ sở Lê Thanh liêm,THCS
Tỉnh Khánh Hòa,Phường Nam Nha Trang,Trường Trung học phổ thông chuyên Lê Quý Đôn,THPT
Tỉnh Khánh Hòa,Phường Nha Trang,Craduation 86 tran phu,Mầm non
Tỉnh Khánh Hòa,Phường Nha Trang,Trường Mầm Non phường Tân Lập,Mầm non
Tỉnh Khánh Hòa,Phường Nha Trang,Trường THCS Trần Nhật Duật,THCS
Tỉnh Khánh Hòa,Phường Nha Trang,Trường THPT Lý Tự Trọng,THPT
Tỉnh Khánh Hòa,Phường Nha Trang,Trường Tiểu học Phước Hòa 1,Tiểu học
Tỉnh Khánh Hòa,Phường Nha Trang,Trường Tiểu học Phước Tiến,Tiểu học
Tỉnh Khánh Hòa,Phường Nha Trang,Trường Tiểu học Phước Tân,Tiểu học
Tỉnh Khánh Hòa,Phường Nha Trang,Trường Tiểu học Tân Lập 2,Tiểu học
Tỉnh Khánh Hòa,Phường Nha Trang,Trường Tiểu học Xương Huân 1,Tiểu học
Tỉnh Khánh Hòa,Phường Nha Trang,Trường Tiểu học Xương Huân 2,Tiểu học
Tỉnh Khánh Hòa,Phường Nha Trang,Trường Trung học cơ sở Bùi Thị Xuân,THCS
Tỉnh Khánh Hòa,Phường Nha Trang,Trường Trung học cơ sở Trưng Vương,THCS
Tỉnh Khánh Hòa,Phường Nha Trang,Trường Trung học cơ sở Trần Quốc Toản,THCS
Tỉnh Khánh Hòa,Phường Nha Trang,Trường Trung học cơ sở Trần Quốc Toản ( cơ sở 2 ),THCS
Tỉnh Khánh Hòa,Phường Nha Trang,Trường Trung học cơ sở Âu Cơ,THCS
Tỉnh Khánh Hòa,Phường Nha Trang,Trường Trung học phổ thông Nguyễn Văn Trỗi,THPT
Tỉnh Khánh Hòa,Phường Nha Trang,Trường Trung học phổ thông Phạm Văn Đồng,THPT
Tỉnh Khánh Hòa,Phường Nha Trang,iSchool,
Tỉnh Khánh Hòa,Phường Nha Trang,mẫu giáo 3/2,Mầm non
Tỉnh Khánh Hòa,Phường Ninh Chử,Trường Mầm non Ninh Hải,Mầm non
Tỉnh Khánh Hòa,Phường Ninh Chử,Trường Tiểu học Dư Khánh,Tiểu học
Tỉnh Khánh Hòa,Phường Ninh Chử,Trường Tiểu học Ninh Chữ,Tiểu học
Tỉnh Khánh Hòa,Phường Ninh Chử,Trường Tiểu học Văn Hải 4,Tiểu học
Tỉnh Khánh Hòa,Phường Ninh Chử,Trường Trung học cơ sở Đinh Bộ Lĩnh,THCS
Tỉnh Khánh Hòa,Phường Ninh Chử,Trường Trung học cơ sở Đoàn Thị Điểm,THCS
Tỉnh Khánh Hòa,Phường Ninh Chử,Trường Trung học phổ thông Ninh Hải,THPT
Tỉnh Khánh Hòa,Phường Ninh Hòa,Trường Mầm non Hướng Dương,Mầm non
Tỉnh Khánh Hòa,Phường Ninh Hòa,Trường Mầm non Ninh Đa,Mầm non
Tỉnh Khánh Hòa,Phường Ninh Hòa,Trường TH và THCS Ninh Đông,Tiểu học
Tỉnh Khánh Hòa,Phường Ninh Hòa,Trường THCS Chu Văn An,THCS
Tỉnh Khánh Hòa,Phường Ninh Hòa,Trường Tiểu học Ninh Đông (Điểm Quang Đông),Tiểu học
Tỉnh Khánh Hòa,Phường Ninh Hòa,Trường Tiểu học Số 1 Ninh Hiệp,Tiểu học
Tỉnh Khánh Hòa,Phường Ninh Hòa,Trường Tiểu học Số 1 Ninh Phụng,Tiểu học
Tỉnh Khánh Hòa,Phường Ninh Hòa,Trường Tiểu học Số 2 Ninh Hiệp,Tiểu học
Tỉnh Khánh Hòa,Phường Ninh Hòa,Trường Tiểu học số 1 Ninh Hiệp (Điểm TDP 14),Tiểu học
Tỉnh Khánh Hòa,Phường Ninh Hòa,Trường Tiểu học số 3 Ninh Hiệp,Tiểu học
Tỉnh Khánh Hòa,Phường Ninh Hòa,Trường Trung học cơ sở Trần Quốc Tuấn,THCS
Tỉnh Khánh Hòa,Phường Ninh Hòa,Trường Trung học cơ sở Đinh Tiên Hoàng,THCS
Tỉnh Khánh Hòa,Phường Ninh Hòa,Trường Trung học phổ thông Nguyễn Chí Thanh,THPT
Tỉnh Khánh Hòa,Phường Ninh Hòa,Trường Trung học phổ thông Trần Cao Vân,THPT
Tỉnh Khánh Hòa,Phường Ninh Hòa,Trường ĐH Mở Thành phố Hồ Chí Minh,
Tỉnh Khánh Hòa,Phường Phan Rang,Nguyễn Trãi High School,THPT
Tỉnh Khánh Hòa,Phường Phan Rang,Thpt Nguyễn Trãi,THPT
Tỉnh Khánh Hòa,Phường Phan Rang,Trường Tiểu Học Thanh Sơn,Tiểu học
Tỉnh Khánh Hòa,Phường Phan Rang,Trường Tiểu học Kinh Dinh,Tiểu học
Tỉnh Khánh Hòa,Phường Phan Rang,Trường Tiểu học Mỹ Hương,Tiểu học
Tỉnh Khánh Hòa,Phường Phan Rang,Trường Tiểu học Phủ Hà 2,Tiểu học
Tỉnh Khánh Hòa,Phường Phan Rang,Trường Tiểu học Tấn Tài 1,Tiểu học
Tỉnh Khánh Hòa,Phường Phan Rang,Trường Tiểu học Đài Sơn,Tiểu học
Tỉnh Khánh Hòa,Phường Phan Rang,Trường Tiểu học Đạo Long,Tiểu học
Tỉnh Khánh Hòa,Phường Phan Rang,Trường Trung học cơ sở Lý Tự Trọng,THCS
Tỉnh Khánh Hòa,Phường Phan Rang,Trường Trung học cơ sở Trần Thi,THCS
Tỉnh Khánh Hòa,Phường Phan Rang,Trường Trung học phổ thông Dân tộc nội trú Ninh Thuận,THPT
Tỉnh Khánh Hòa,Phường Phan Rang,Trường Trung học phổ thông Nguyễn Trãi,THPT
Tỉnh Khánh Hòa,Phường Phan Rang,iSchool Ninh Thuận,
Tỉnh Khánh Hòa,Phường Tây Nha Trang,Lê Quí Đôn High School,THPT
Tỉnh Khánh Hòa,Phường Tây Nha Trang,Trường Mầm Non Vĩnh Trung (Cơ sở 2),Mầm non
Tỉnh Khánh Hòa,Phường Tây Nha Trang,Trường Mầm non Vĩnh Trung,Mầm non
Tỉnh Khánh Hòa,Phường Tây Nha Trang,Trường THCS Cao Thắng,THCS
Tỉnh Khánh Hòa,Phường Tây Nha Trang,Trường THCS Lương Thế Vinh,THCS
Tỉnh Khánh Hòa,Phường Tây Nha Trang,Trường THCS Nguyễn Đình Chiểu,THCS
Tỉnh Khánh Hòa,Phường Tây Nha Trang,Trường THPT Hà Huy Tập,THPT
Tỉnh Khánh Hòa,Phường Tây Nha Trang,Trường Tiểu học Phương Sài,Tiểu học
Tỉnh Khánh Hòa,Phường Tây Nha Trang,Trường Tiểu học Phương Sơn,Tiểu học
Tỉnh Khánh Hòa,Phường Tây Nha Trang,Trường Tiểu học Vĩnh Hiệp,Tiểu học
Tỉnh Khánh Hòa,Phường Tây Nha Trang,Trường Tiểu học Vĩnh Thạnh,Tiểu học
Tỉnh Khánh Hòa,Phường Tây Nha Trang,Trường Tiểu học Vĩnh Trung,Tiểu học
Tỉnh Khánh Hòa,Phường Tây Nha Trang,Trường Trung học cơ sở Lương Định Của,THCS
Tỉnh Khánh Hòa,Phường Tây Nha Trang,Trường liên cấp quốc tế Việt Nam Singapore,Liên cấp
Tỉnh Khánh Hòa,Phường Đô Vinh,Trường THCS Nguyễn Văn Trỗi,THCS
Tỉnh Khánh Hòa,Phường Đô Vinh,Trường Tiểu học Nha Hố,Tiểu học
Tỉnh Khánh Hòa,Phường Đô Vinh,Trường Tiểu học Đô Vinh 2,Tiểu học
Tỉnh Khánh Hòa,Phường Đô Vinh,Trường Trung học phổ thông Lê Duẩn,THPT
Tỉnh Khánh Hòa,Phường Đông Hải,Mỹ Bình,Mầm non
Tỉnh Khánh Hòa,Phường Đông Hải,Trường Tiểu học & Trung học cơ sở Nguyễn Đình Chính,Liên cấp
Tỉnh Khánh Hòa,Phường Đông Hải,Trường Tiểu học & Trung học cơ sở Võ Nguyên Giáp,Liên cấp
Tỉnh Khánh Hòa,Phường Đông Hải,Trường Tiểu học Mỹ Đông,Tiểu học
Tỉnh Khánh Hòa,Phường Đông Hải,Trường Tiểu học Đông Hải 1,Tiểu học
Tỉnh Khánh Hòa,Phường Đông Hải,Trường Tiểu học Đông Hải 2,Tiểu học
Tỉnh Khánh Hòa,Phường Đông Hải,Trường Trung học cơ sở & Trung học phổ thông Trần Hưng Đạo,THCS
Tỉnh Khánh Hòa,Phường Đông Hải,Trường Trung học cơ sở Trần Phú,THCS
Tỉnh Khánh Hòa,Phường Đông Hải,Trường Trung học phổ thông chuyên Lê Quý Đôn,THPT
Tỉnh Khánh Hòa,Phường Đông Ninh Hòa,Trường Mầm non Ninh Hải,Mầm non
Tỉnh Khánh Hòa,Phường Đông Ninh Hòa,Trường THCS Nguyễn Trung Trực,THCS
Tỉnh Khánh Hòa,Phường Đông Ninh Hòa,Trường THCS Trần Quốc Toản,THCS
Tỉnh Khánh Hòa,Phường Đông Ninh Hòa,Trường THCS Trịnh Phong,THCS
Tỉnh Khánh Hòa,Phường Đông Ninh Hòa,Trường THPT Trần Quý Cáp,THPT
Tỉnh Khánh Hòa,Phường Đông Ninh Hòa,Trường Tiểu học Ninh Diêm,Tiểu học
Tỉnh Khánh Hòa,Phường Đông Ninh Hòa,Trường Tiểu học Ninh Thủy,Tiểu học
Tỉnh Khánh Hòa,Xã Anh Dũng,Trường Trung học cơ sở Hoàng Hoa Thám,THCS
Tỉnh Khánh Hòa,Xã Bác Ái Đông,Phước Đại,Mầm non
Tỉnh Khánh Hòa,Xã Bác Ái Đông,Ptdt bán trú Tiểu Học Phước Đại A,Tiểu học
Tỉnh Khánh Hòa,Xã Bắc Khánh Vĩnh,Trường Mầm non Sen Hồng,Mầm non
Tỉnh Khánh Hòa,Xã Bắc Khánh Vĩnh,Trường Mầm non Trầm Hương,Mầm non
Tỉnh Khánh Hòa,Xã Bắc Khánh Vĩnh,Trường THCS Nguyễn Thái Bình,THCS
Tỉnh Khánh Hòa,Xã Bắc Khánh Vĩnh,Trường Tiểu Học Khánh Đông,Tiểu học
Tỉnh Khánh Hòa,Xã Bắc Khánh Vĩnh,Trường Tiểu học Khánh Bình,Tiểu học
Tỉnh Khánh Hòa,Xã Bắc Ninh Hòa,Trường Mầm non Ninh Thọ,Mầm non
Tỉnh Khánh Hòa,Xã Bắc Ninh Hòa,Trường THCS Nguyễn Tri Phương,THCS
Tỉnh Khánh Hòa,Xã Bắc Ninh Hòa,Trường THCS Phạm Ngũ Lão,THCS
Tỉnh Khánh Hòa,Xã Bắc Ninh Hòa,Trường THPT Nguyễn Du,THPT
Tỉnh Khánh Hòa,Xã Bắc Ninh Hòa,Trường Tiểu Học Ninh An,Tiểu học
Tỉnh Khánh Hòa,Xã Bắc Ninh Hòa,Trường Tiểu Học Ninh Sơn,Tiểu học
Tỉnh Khánh Hòa,Xã Bắc Ninh Hòa,Trường Tiểu học Ninh Thọ,Tiểu học
Tỉnh Khánh Hòa,Xã Bắc Ninh Hòa,Trường Tiểu học Ninh Thọ (Điểm Bình Sơn),Tiểu học
Tỉnh Khánh Hòa,Xã Cam An,Trường Mầm Non Thiên Nga,Mầm non
Tỉnh Khánh Hòa,Xã Cam An,Trường Tiểu học Cam An Bắc,Tiểu học
Tỉnh Khánh Hòa,Xã Cam An,Trường Tiểu học Cam An Nam (Điểm A),Tiểu học
Tỉnh Khánh Hòa,Xã Cam An,Trường Trung học cơ sở Nguyễn Trãi,THCS
Tỉnh Khánh Hòa,Xã Cam Lâm,Trường Mầm non Hoa Hồng,Mầm non
Tỉnh Khánh Hòa,Xã Cam Lâm,Trường Mầm non Hướng Dương,Mầm non
Tỉnh Khánh Hòa,Xã Cam Lâm,Trường Mầm non Sen Hồng,Mầm non
Tỉnh Khánh Hòa,Xã Cam Lâm,Trường Mầm non Thỏ Hồng,Mầm non
Tỉnh Khánh Hòa,Xã Cam Lâm,Trường Mầm non Thỏ Ngọc,Mầm non
Tỉnh Khánh Hòa,Xã Cam Lâm,Trường Mẫu giáo Hoàng Yến,Mầm non
Tỉnh Khánh Hòa,Xã Cam Lâm,Trường THCS Hoàng Hoa Thám,THCS
Tỉnh Khánh Hòa,Xã Cam Lâm,Trường THCS Lê Thánh Tôn,THCS
Tỉnh Khánh Hòa,Xã Cam Lâm,Trường THCS Lương Thế Vinh,THCS
Tỉnh Khánh Hòa,Xã Cam Lâm,Trường THCS Nguyễn Hiền,THCS
Tỉnh Khánh Hòa,Xã Cam Lâm,Trường THCS Phan Đình Phùng,THCS
Tỉnh Khánh Hòa,Xã Cam Lâm,Trường Tiểu Học Cam Hoà 2,Tiểu học
Tỉnh Khánh Hòa,Xã Cam Lâm,Trường Tiểu học Cam Hiệp Bắc,Tiểu học
Tỉnh Khánh Hòa,Xã Cam Lâm,Trường Tiểu học Cam Hiệp Nam,Tiểu học
Tỉnh Khánh Hòa,Xã Cam Lâm,Trường Tiểu học Cam Hòa 1,Tiểu học
Tỉnh Khánh Hòa,Xã Cam Lâm,Trường Tiểu học Cam Hòa 1 - Điểm Văn Tứ,Tiểu học
Tỉnh Khánh Hòa,Xã Cam Lâm,Trường Tiểu học Cam Hải Tây,Tiểu học
Tỉnh Khánh Hòa,Xã Cam Lâm,Trường Tiểu học Cam Thành Bắc,Tiểu học
Tỉnh Khánh Hòa,Xã Cam Lâm,Trường Tiểu học Cam Tân,Tiểu học
Tỉnh Khánh Hòa,Xã Cam Lâm,Trường Tiểu học Cam Đức 1,Tiểu học
Tỉnh Khánh Hòa,Xã Cam Lâm,Trường Tiểu học Cam Đức 2,Tiểu học
Tỉnh Khánh Hòa,Xã Cam Lâm,Trường Tiểu học Suối Tân,Tiểu học
Tỉnh Khánh Hòa,Xã Cam Lâm,Trường Trung học cơ sở Hùng Vương,THCS
Tỉnh Khánh Hòa,Xã Cam Lâm,Trường Trung học cơ sở Nguyễn Công Trứ,THCS
Tỉnh Khánh Hòa,Xã Cam Lâm,Trường Trung học phổ thông Trần Bình Trọng,THPT
Tỉnh Khánh Hòa,Xã Cam Lâm,Trường mầm non Vàng Anh,Mầm non
Tỉnh Khánh Hòa,Xã Cà Ná,Trường Mẫu giáo Cà Ná,Mầm non
Tỉnh Khánh Hòa,Xã Cà Ná,Trường Mẫu giáo Phước Diêm,Mầm non
Tỉnh Khánh Hòa,Xã Cà Ná,Trường TH Lạc Nghiệp,Tiểu học
Tỉnh Khánh Hòa,Xã Cà Ná,Trường THCS Trương Văn Ly,THCS
Tỉnh Khánh Hòa,Xã Diên Khánh,Trường Mầm non Diên Khánh,Mầm non
Tỉnh Khánh Hòa,Xã Diên Khánh,Trường Mầm non Diên Toàn,Mầm non
Tỉnh Khánh Hòa,Xã Diên Khánh,Trường Mầm non Thị trấn Diên Khánh,Mầm non
Tỉnh Khánh Hòa,Xã Diên Khánh,Trường THCS Diên Khánh,THCS
Tỉnh Khánh Hòa,Xã Diên Khánh,Trường THPT Hoàng Hoa Thám,THPT
Tỉnh Khánh Hòa,Xã Diên Khánh,Trường Tiểu học Diên An 2,Tiểu học
Tỉnh Khánh Hòa,Xã Diên Khánh,Trường Tiểu học Diên Khánh,Tiểu học
Tỉnh Khánh Hòa,Xã Diên Khánh,Trường Tiểu học Diên Khánh (Phân hiệu 2),Tiểu học
Tỉnh Khánh Hòa,Xã Diên Khánh,Trường Tiểu học Diên Khánh (Phân hiệu 3),Tiểu học
Tỉnh Khánh Hòa,Xã Diên Khánh,Trường Tiểu học Diên Khánh (Phân hiệu 4),Tiểu học
Tỉnh Khánh Hòa,Xã Diên Lâm,Trường Mầm non Diên Lâm,Mầm non
Tỉnh Khánh Hòa,Xã Diên Lâm,Trường Mầm non Diên Xuân,Mầm non
Tỉnh Khánh Hòa,Xã Diên Lâm,Trường Mầm non Diên Đồng,Mầm non
Tỉnh Khánh Hòa,Xã Diên Lâm,Trường TH & THCS Diên Đồng,Liên cấp
Tỉnh Khánh Hòa,Xã Diên Lâm,Trường THCS Đinh Bộ Lĩnh,THCS
Tỉnh Khánh Hòa,Xã Diên Lâm,Trường Tiểu học Diên Lâm,Tiểu học
Tỉnh Khánh Hòa,Xã Diên Lâm,Trường Tiểu học Diên Lâm 2,Tiểu học
Tỉnh Khánh Hòa,Xã Diên Lâm,Trường Tiểu học Diên Xuân,Tiểu học
Tỉnh Khánh Hòa,Xã Diên Lâm,Trường Tiểu học Diên Đồng,Tiểu học
Tỉnh Khánh Hòa,Xã Diên Lạc,Trường Mầm non Diên Lạc,Mầm non
Tỉnh Khánh Hòa,Xã Diên Lạc,Trường Mầm non Diên Thạnh,Mầm non
Tỉnh Khánh Hòa,Xã Diên Lạc,Trường THCS Nguyễn Du,THCS
Tỉnh Khánh Hòa,Xã Diên Lạc,Trường THCS Trần Đại Nghĩa,THCS
Tỉnh Khánh Hòa,Xã Diên Lạc,Trường THPT Võ Nguyên Giáp,THPT
Tỉnh Khánh Hòa,Xã Diên Lạc,Trường Tiểu học Diên Lạc,Tiểu học
Tỉnh Khánh Hòa,Xã Diên Lạc,Trường Tiểu học Diên Lạc (Cơ sở 2),Tiểu học
Tỉnh Khánh Hòa,Xã Diên Lạc,Trường Tiểu học Diên Thạnh,Tiểu học
Tỉnh Khánh Hòa,Xã Diên Thọ,Trường Mầm non Diên Phước,Mầm non
Tỉnh Khánh Hòa,Xã Diên Thọ,Trường Mầm non Diên Thọ,Mầm non
Tỉnh Khánh Hòa,Xã Diên Thọ,Trường Mầm non Diên Tân,Mầm non
Tỉnh Khánh Hòa,Xã Diên Thọ,Trường TH & THCS Diên Tân,Liên cấp
Tỉnh Khánh Hòa,Xã Diên Thọ,Trường THCS Nguyễn Huệ,THCS
Tỉnh Khánh Hòa,Xã Diên Thọ,Trường THPT Nguyễn Thái Học,THPT
Tỉnh Khánh Hòa,Xã Diên Thọ,Trường Tiểu học Diên Phước,Tiểu học
Tỉnh Khánh Hòa,Xã Diên Thọ,TrườngTiểu học Diên Thọ,Tiểu học
Tỉnh Khánh Hòa,Xã Diên Điền,Trường Mầm non Diên Phú,Mầm non
Tỉnh Khánh Hòa,Xã Diên Điền,Trường Mầm non Diên Sơn,Mầm non
Tỉnh Khánh Hòa,Xã Diên Điền,Trường Mầm non Diên Điền,Mầm non
Tỉnh Khánh Hòa,Xã Diên Điền,Trường THCS Mạc Đĩnh Chi,THCS
Tỉnh Khánh Hòa,Xã Diên Điền,Trường THCS Trần Quang Khải,THCS
Tỉnh Khánh Hòa,Xã Diên Điền,Trường THCS Trịnh Phong,THCS
Tỉnh Khánh Hòa,Xã Diên Điền,Trường Tiểu học Diên Phú,Tiểu học
Tỉnh Khánh Hòa,Xã Diên Điền,Trường Tiểu học Diên Phú 2,Tiểu học
Tỉnh Khánh Hòa,Xã Diên Điền,Trường Tiểu học Diên Sơn 2,Tiểu học
Tỉnh Khánh Hòa,Xã Diên Điền,Trường Tiểu học Diên Điền,Tiểu học
Tỉnh Khánh Hòa,Xã Hòa Trí,Trường Mẫu Giáo Ninh Trung,Mầm non
Tỉnh Khánh Hòa,Xã Hòa Trí,Trường Mẫu giáo Ninh Thượng,Mầm non
Tỉnh Khánh Hòa,Xã Hòa Trí,Trường THCS Lê Hồng Phong,THCS
Tỉnh Khánh Hòa,Xã Hòa Trí,Trường THCS Ngô Thì Nhậm,THCS
Tỉnh Khánh Hòa,Xã Hòa Trí,Trường Tiểu học Ninh Thượng,Tiểu học
Tỉnh Khánh Hòa,Xã Hòa Trí,Trường tiểu học Ninh Trung,Tiểu học
Tỉnh Khánh Hòa,Xã Khánh Sơn,Trường THCS Sơn Bình,THCS
Tỉnh Khánh Hòa,Xã Khánh Sơn,Trường THCS Tô Hạp,THCS
Tỉnh Khánh Hòa,Xã Khánh Sơn,Trường THPT Khánh Sơn,THPT
Tỉnh Khánh Hòa,Xã Khánh Sơn,Trường Tiểu học Sơn Bình,Tiểu học
Tỉnh Khánh Hòa,Xã Khánh Sơn,Trường Tiểu học Thị trấn Tô Hạp,Tiểu học
Tỉnh Khánh Hòa,Xã Khánh Vĩnh,Trường Mầm non Ngọc Lan,Mầm non
Tỉnh Khánh Hòa,Xã Khánh Vĩnh,Trường PTDT nội trú Trung học cơ sở Khánh Vĩnh,THCS
Tỉnh Khánh Hòa,Xã Khánh Vĩnh,Trường THCS Cao Văn Bé,THCS
Tỉnh Khánh Hòa,Xã Khánh Vĩnh,Trường Tiểu học Khánh Phú,Tiểu học
Tỉnh Khánh Hòa,Xã Khánh Vĩnh,Trường Tiểu học Khánh Phú - Điểm Nước Nhĩ,Tiểu học
Tỉnh Khánh Hòa,Xã Khánh Vĩnh,Trường Tiểu học Khánh Phú 1,Tiểu học
Tỉnh Khánh Hòa,Xã Khánh Vĩnh,Trường Tiểu học Khánh Phú 1 - Điểm trường Xóm Mới,Tiểu học
Tỉnh Khánh Hòa,Xã Khánh Vĩnh,Trường Tiểu học Khánh Vĩnh,Tiểu học
Tỉnh Khánh Hòa,Xã Khánh Vĩnh,Trường Trung học cơ sở Khánh Vĩnh,THCS
Tỉnh Khánh Hòa,Xã Khánh Vĩnh,Trường Trung học phổ thông Lạc Long Quân,THPT
Tỉnh Khánh Hòa,Xã Khánh Vĩnh,trường mầm non Vành Khuyên,Mầm non
Tỉnh Khánh Hòa,Xã Khánh Vĩnh,trường mẫu giáo 2 tháng 8,Mầm non
Tỉnh Khánh Hòa,Xã Khánh Vĩnh,trường mẫu giáo Sao Mai,Mầm non
Tỉnh Khánh Hòa,Xã Khánh Vĩnh,trường phổ thông dân tộc nội trú khánh vĩnh,THPT
Tỉnh Khánh Hòa,Xã Khánh Vĩnh,trường thcs thị trấn khánh vĩnh,THCS
Tỉnh Khánh Hòa,Xã Khánh Vĩnh,trường tiểu học Sông Cầu,Tiểu học
Tỉnh Khánh Hòa,Xã Khánh Vĩnh,trường tiểu học thị trấn Khánh Vĩnh,Tiểu học
Tỉnh Khánh Hòa,Xã Lâm Sơn,Trường Mẫu giáo Lâm Sơn,Mầm non
Tỉnh Khánh Hòa,Xã Lâm Sơn,Trường THCS Huỳnh Thúc Kháng,THCS
Tỉnh Khánh Hòa,Xã Lâm Sơn,Trường THCS Lê Lợi,THCS
Tỉnh Khánh Hòa,Xã Lâm Sơn,Trường Tiểu học Lâm Sơn,Tiểu học
Tỉnh Khánh Hòa,Xã Lâm Sơn,Trường Tiểu học Lương Sơn A,Tiểu học
Tỉnh Khánh Hòa,Xã Lâm Sơn,Trường Tiểu học Lập Lá,Tiểu học
Tỉnh Khánh Hòa,Xã Mỹ Sơn,Mỹ Sơn,Mầm non
Tỉnh Khánh Hòa,Xã Mỹ Sơn,Trường Tiểu học Mỹ Sơn A,Tiểu học
Tỉnh Khánh Hòa,Xã Nam Khánh Vĩnh,Trường Mầm Non Khánh Thành,Mầm non
Tỉnh Khánh Hòa,Xã Nam Khánh Vĩnh,Trường Mầm non Hoa Lan,Mầm non
Tỉnh Khánh Hòa,Xã Nam Khánh Vĩnh,Trường THCS Lê Văn Tám,THCS
Tỉnh Khánh Hòa,Xã Nam Khánh Vĩnh,Trường Tiểu học Cầu Bà,Tiểu học
Tỉnh Khánh Hòa,Xã Nam Khánh Vĩnh,Trường Tiểu học Khánh Thành (Điểm Trường thôn Tà Mơ),Tiểu học
Tỉnh Khánh Hòa,Xã Nam Khánh Vĩnh,Trường Tiểu học Liên Sang,Tiểu học
Tỉnh Khánh Hòa,Xã Nam Ninh Hòa,Trường Mầm non Ninh Hưng,Mầm non
Tỉnh Khánh Hòa,Xã Nam Ninh Hòa,Trường Mầm non Ninh Lộc,Mầm non
Tỉnh Khánh Hòa,Xã Nam Ninh Hòa,Trường Mầm non Điểm Tân Đảo,Mầm non
Tỉnh Khánh Hòa,Xã Nam Ninh Hòa,Trường Mầm non điểm Ngọc Diêm,Mầm non
Tỉnh Khánh Hòa,Xã Nam Ninh Hòa,Trường THCS Lê Thánh Tông,THCS
Tỉnh Khánh Hòa,Xã Nam Ninh Hòa,Trường THCS Ngô Gia Tự,THCS
Tỉnh Khánh Hòa,Xã Nam Ninh Hòa,Trường THCS Võ Thị Sáu,THCS
Tỉnh Khánh Hòa,Xã Nam Ninh Hòa,Trường Tiểu học Ninh Hưng,Tiểu học
Tỉnh Khánh Hòa,Xã Nam Ninh Hòa,Trường Tiểu học Ninh Lộc,Tiểu học
Tỉnh Khánh Hòa,Xã Nam Ninh Hòa,Trường Tiểu học Ninh Ích,Tiểu học
Tỉnh Khánh Hòa,Xã Nam Ninh Hòa,Trường Tiểu học số 2 Ninh Ích,Tiểu học
Tỉnh Khánh Hòa,Xã Nam Ninh Hòa,Trường Trung học phổ thông Tôn Đức Thắng,THPT
Tỉnh Khánh Hòa,Xã Ninh Hải,Trường Trung học cơ sở Lý Thường Kiệt,THCS
Tỉnh Khánh Hòa,Xã Ninh Phước,Trường Tiểu học Thuận Hòa - Hiệp Hòa,Tiểu học
Tỉnh Khánh Hòa,Xã Ninh Phước,Trường Tiểu học Thuận Hòa A - Hiệp  Hòa,Tiểu học
Tỉnh Khánh Hòa,Xã Ninh Sơn,Trường THPT Trường Chinh,THPT
Tỉnh Khánh Hòa,Xã Ninh Sơn,Trường Tiểu học Quảng Sơn A,Tiểu học
Tỉnh Khánh Hòa,Xã Ninh Sơn,Trường Tiểu học Quảng Sơn B,Tiểu học
Tỉnh Khánh Hòa,Xã Ninh Sơn,Trường Tiểu học Tân Sơn A,Tiểu học
Tỉnh Khánh Hòa,Xã Ninh Sơn,Trường Trung học cơ sở Nguyễn Trường Tộ,THCS
Tỉnh Khánh Hòa,Xã Phước Dinh,Trường TH Sơn Hải,Tiểu học
Tỉnh Khánh Hòa,Xã Phước Dinh,Trường THCS Nguyễn Tiệm,THCS
Tỉnh Khánh Hòa,Xã Phước Hà,Nhị Hà,Mầm non
Tỉnh Khánh Hòa,Xã Phước Hà,Trường Trung học cơ sở Hoàng Hoa Thám,THCS
Tỉnh Khánh Hòa,Xã Phước Hậu,Trường THCS Phước Vinh,THCS
Tỉnh Khánh Hòa,Xã Phước Hậu,Trường Tiểu học Phước Thiện,Tiểu học
Tỉnh Khánh Hòa,Xã Phước Hậu,Trường Trung học cơ sở Phan Bội Châu,THCS
Tỉnh Khánh Hòa,Xã Suối Dầu,Trường Mầm Non Vành Khuyên,Mầm non
Tỉnh Khánh Hòa,Xã Suối Dầu,Trường THCS Alexander Yersin,THCS
Tỉnh Khánh Hòa,Xã Suối Dầu,Trường THPT Đoàn Thị Điểm,THPT
Tỉnh Khánh Hòa,Xã Suối Dầu,Trường Tiểu Học Khánh Hòa Jeju,Tiểu học
Tỉnh Khánh Hòa,Xã Suối Dầu,Trường Tiểu học Suối Cát,Tiểu học
Tỉnh Khánh Hòa,Xã Suối Hiệp,Trường Mầm non Bình Lộc,Mầm non
Tỉnh Khánh Hòa,Xã Suối Hiệp,Trường Mầm non Diên Bình,Mầm non
Tỉnh Khánh Hòa,Xã Suối Hiệp,Trường Mầm non Suối Hiệp,Mầm non
Tỉnh Khánh Hòa,Xã Suối Hiệp,Trường Mầm non Suối Tiên,Mầm non
Tỉnh Khánh Hòa,Xã Suối Hiệp,Trường THCS Ngô Quyền,THCS
Tỉnh Khánh Hòa,Xã Suối Hiệp,Trường Tiểu học Bình Lộc (Cơ sở 2),Tiểu học
Tỉnh Khánh Hòa,Xã Suối Hiệp,Trường Tiểu học Diên Bình,Tiểu học
Tỉnh Khánh Hòa,Xã Suối Hiệp,Trường Tiểu học Suối Hiệp 2,Tiểu học
Tỉnh Khánh Hòa,Xã Suối Hiệp,Trường Tiểu học Suối Tiên,Tiểu học
Tỉnh Khánh Hòa,Xã Thuận Bắc,BẮC PHONG,Mầm non
Tỉnh Khánh Hòa,Xã Thuận Bắc,Trường Phổ thông Dân tộc Nội trú Thuận Bắc,THPT
Tỉnh Khánh Hòa,Xã Thuận Bắc,Trường THCS Cao Bá Quát,THCS
Tỉnh Khánh Hòa,Xã Thuận Bắc,Trường Tiểu học Bà Râu,Tiểu học
Tỉnh Khánh Hòa,Xã Thuận Bắc,Trường Tiểu học Gò Sạn,Tiểu học
Tỉnh Khánh Hòa,Xã Thuận Bắc,Trường Tiểu học Lợi Hải,Tiểu học
Tỉnh Khánh Hòa,Xã Thuận Bắc,Trường Tiểu học Lợi Hải (Cơ sở Suối Đá),Tiểu học
Tỉnh Khánh Hòa,Xã Thuận Bắc,Trường Trung học cơ sở Bùi Thị Xuân,THCS
Tỉnh Khánh Hòa,Xã Thuận Nam,MNTT Phương Trang,Mầm non
Tỉnh Khánh Hòa,Xã Trung Khánh Vĩnh,Trường Trung Học Cơ Sở Chu Văn An,THCS
Tỉnh Khánh Hòa,Xã Trung Khánh Vĩnh,Trường Mầm Non Hoa Phượng 1,Mầm non
Tỉnh Khánh Hòa,Xã Trung Khánh Vĩnh,Trường Mầm non Hoa Phượng,Mầm non
Tỉnh Khánh Hòa,Xã Trung Khánh Vĩnh,Trường Mầm non Họa My,Mầm non
Tỉnh Khánh Hòa,Xã Trung Khánh Vĩnh,Trường TH & THCS Khánh Trung,Liên cấp
Tỉnh Khánh Hòa,Xã Trung Khánh Vĩnh,Trường TH&THCS Khánh Trung,Liên cấp
Tỉnh Khánh Hòa,Xã Trung Khánh Vĩnh,Trường Tiểu học Khánh Hiệp,Tiểu học
Tỉnh Khánh Hòa,Xã Trung Khánh Vĩnh,Trường Tiểu học Khánh Hiệp (Điểm Ba Cẳng 1),Tiểu học
Tỉnh Khánh Hòa,Xã Trung Khánh Vĩnh,Trường Tiểu học Khánh Hiệp (Điểm Soi Mít),Tiểu học
Tỉnh Khánh Hòa,Xã Trung Khánh Vĩnh,Trường Tiểu học Khánh Hiệp 1 (Điểm thôn Cà Thiêu),Tiểu học
Tỉnh Khánh Hòa,Xã Tu Bông,Trường THCS Nguyễn Huệ,THCS
Tỉnh Khánh Hòa,Xã Tu Bông,Trường THCS Nguyễn Trung Trực,THCS
Tỉnh Khánh Hòa,Xã Tu Bông,Trường THCS Trần Quốc Tuấn,THCS
Tỉnh Khánh Hòa,Xã Tu Bông,Trường THPT Tô Văn Ơn,THPT
Tỉnh Khánh Hòa,Xã Tu Bông,Trường Tiểu Học Vạn Khánh 1,Tiểu học
Tỉnh Khánh Hòa,Xã Tu Bông,Trường Tiểu Học Vạn Khánh 2,Tiểu học
Tỉnh Khánh Hòa,Xã Tu Bông,Trường Tiểu học Vạn Long,Tiểu học
Tỉnh Khánh Hòa,Xã Tu Bông,Trường Tiểu học Vạn Phước 1,Tiểu học
Tỉnh Khánh Hòa,Xã Tân Định,Trường Tiểu học Ninh Quang,Tiểu học
Tỉnh Khánh Hòa,Xã Tân Định,Trường Tiểu học Ninh Xuân 1,Tiểu học
Tỉnh Khánh Hòa,Xã Tây Khánh Sơn,Trường Mầm non Anh Đào,Mầm non
Tỉnh Khánh Hòa,Xã Tây Khánh Sơn,Trường THCS Sơn Lâm,THCS
Tỉnh Khánh Hòa,Xã Tây Khánh Sơn,Trường Tiểu học &THCS Thành Sơn,Liên cấp
Tỉnh Khánh Hòa,Xã Tây Khánh Sơn,Trường Tiểu học Sơn Lâm,Tiểu học
Tỉnh Khánh Hòa,Xã Tây Khánh Vĩnh,Trường Mầm non A Xây,Mầm non
Tỉnh Khánh Hòa,Xã Tây Khánh Vĩnh,Trường Tiểu học Khánh Nam,Tiểu học
Tỉnh Khánh Hòa,Xã Tây Ninh Hòa,Trường PTDTNT khu vực Ninh Hòa,
Tỉnh Khánh Hòa,Xã Vạn Ninh,Trường THCS Mê Linh,THCS
Tỉnh Khánh Hòa,Xã Vạn Ninh,Trường THCS Văn Lang (Cơ sở 2),THCS
Tỉnh Khánh Hòa,Xã Vạn Ninh,Trường THPT Huỳnh Thúc Kháng,THPT
Tỉnh Khánh Hòa,Xã Vạn Ninh,Trường Tiểu Học Vạn Giã 1,Tiểu học
Tỉnh Khánh Hòa,Xã Vạn Ninh,Trường Tiểu học Vạn Giã 2,Tiểu học
Tỉnh Khánh Hòa,Xã Vạn Ninh,Trường Tiểu học Vạn Lương 1,Tiểu học
Tỉnh Khánh Hòa,Xã Vạn Ninh,Trường Tiểu học Vạn Phú 2,Tiểu học
Tỉnh Khánh Hòa,Xã Vạn Thắng,Trường Mầm non Vạn Thắng,Mầm non
Tỉnh Khánh Hòa,Xã Vạn Thắng,Trường THCS Nguyễn Bỉnh Khiêm,THCS
Tỉnh Khánh Hòa,Xã Vạn Thắng,Trường THCS Trần Phú,THCS
Tỉnh Khánh Hòa,Xã Vạn Thắng,Trường Tiểu Học Vạn Thắng 2,Tiểu học
Tỉnh Khánh Hòa,Xã Xuân Hải,Trường THCS Nguyễn Thái Bình,THCS
Tỉnh Khánh Hòa,Xã Xuân Hải,Trường Tiểu Học - THCS Mai Thúc Loan,Liên cấp
Tỉnh Khánh Hòa,Xã Xuân Hải,Trường Tiểu Học Gò Thao,Tiểu học
Tỉnh Khánh Hòa,Xã Xuân Hải,Trường Tiểu Học Gò Đền,Tiểu học
Tỉnh Khánh Hòa,Xã Xuân Hải,Trường Tiểu học Hộ Diêm,Tiểu học
Tỉnh Khánh Hòa,Xã Xuân Hải,Trường Tiểu học Lương Cách,Tiểu học
Tỉnh Khánh Hòa,Xã Xuân Hải,Xuân Hải B,Mầm non
Tỉnh Khánh Hòa,Xã Đông Khánh Sơn,Trường Mầm non Hoàng Oanh,Mầm non
Tỉnh Khánh Hòa,Xã Đông Khánh Sơn,Trường PTDT Nội trú Khánh Sơn,
Tỉnh Khánh Hòa,Đặc khu Trường Sa,Trường Song Tử Tây,
Tỉnh Khánh Hòa,Đặc khu Trường Sa,Trường Tiểu học thị trấn Trường Sa,Tiểu học
Tỉnh Lai Châu,Phường Tân Phong,Trường Tiểu học Kim Đồng,Tiểu học
Tỉnh Lai Châu,Phường Tân Phong,Trường Tiểu học Tân Phong,Tiểu học
Tỉnh Lai Châu,Phường Tân Phong,Trường Tiểu học số 2,Tiểu học
Tỉnh Lai Châu,Phường Tân Phong,Trường Trung học cơ sở Tân Phong,THCS
Tỉnh Lai Châu,Phường Tân Phong,Trường Trung học phổ thông Chuyên Lê Quý Đôn,THPT
Tỉnh Lai Châu,Phường Tân Phong,Trường Trung học phổ thông Thành phố Lai Châu,THPT
Tỉnh Lai Châu,Phường Đoàn Kết,Trường PT DTNT Tỉnh Lai Châu,
Tỉnh Lai Châu,Phường Đoàn Kết,Trường PTDTBT Tiểu học Sùng Phài,Tiểu học
Tỉnh Lai Châu,Phường Đoàn Kết,Trường Tiểu học Quyết Thắng,Tiểu học
Tỉnh Lai Châu,Phường Đoàn Kết,Trường Tiểu học Quyết Tiến,Tiểu học
Tỉnh Lai Châu,Phường Đoàn Kết,Trường Tiểu học số 1,Tiểu học
Tỉnh Lai Châu,Phường Đoàn Kết,Trường Trung học cơ sở Quyết Thắng,THCS
Tỉnh Lai Châu,Phường Đoàn Kết,Trường Trung học cơ sở Sùng Phài,THCS
Tỉnh Lai Châu,Phường Đoàn Kết,Trường Trung học cơ sở Đoàn Kết,THCS
Tỉnh Lai Châu,Phường Đoàn Kết,Trường Trung học phổ thông Lê Quý Đôn,THPT
Tỉnh Lai Châu,Phường Đoàn Kết,Trường Trung học phổ thông Quyết Thắng,THPT
Tỉnh Lai Châu,Xã Bum Nưa,Trường Trung học cơ sở Bán trú Pa Vệ Sử,THCS
Tỉnh Lai Châu,Xã Bum Tở,Trường PT DTNT Huyện Mường Tè,
Tỉnh Lai Châu,Xã Bum Tở,Trường PTDTBT Tiểu học Bum Tở - Điểm trường Pa Thoóng 2,Tiểu học
Tỉnh Lai Châu,Xã Bum Tở,Trường Tiểu học Chu Văn An,Tiểu học
Tỉnh Lai Châu,Xã Bum Tở,Trường Tiểu học số 1 Thị trấn Mường Tè,Tiểu học
Tỉnh Lai Châu,Xã Bum Tở,Trường Tiểu học số 2 Thị trấn Mường Tè,Tiểu học
Tỉnh Lai Châu,Xã Bum Tở,Trường Trung học phổ thông Mường Tè,THPT
Tỉnh Lai Châu,Xã Bum Tở,Điểm trường Bản Nậm Xả,
Tỉnh Lai Châu,Xã Bình Lư,Trường Tiểu học Thị trấn Tam Đường,Tiểu học
Tỉnh Lai Châu,Xã Bình Lư,Trường Trung học cơ sở Thị trấn Tam Đường,THCS
Tỉnh Lai Châu,Xã Bình Lư,Trường Trung học phổ thông Tam Đường,THPT
Tỉnh Lai Châu,Xã Dào San,Trường PTDTBT Trung học cơ sở Mù Sang,THCS
Tỉnh Lai Châu,Xã Hua Bum,Trường Mầm non Hua Bum,Mầm non
Tỉnh Lai Châu,Xã Hua Bum,Trường PTDTBT Tiểu học Hua Bum,Tiểu học
Tỉnh Lai Châu,Xã Hua Bum,Trường PTDTBT Trung học cơ sở Hua Bum,THCS
Tỉnh Lai Châu,Xã Khổng Lào,Trường Tiểu học Khổng Lào,Tiểu học
Tỉnh Lai Châu,Xã Khổng Lào,Trường Trung học cơ sở Hoang Thèn,THCS
Tỉnh Lai Châu,Xã Khổng Lào,Trường Trung học cơ sở Khổng Lào,THCS
Tỉnh Lai Châu,Xã Lê Lợi,Điểm trường tiểu học bản Chiềng Lè,Tiểu học
Tỉnh Lai Châu,Xã Mường Tè,Trường PTDTBT Tiểu học Pắc Ma,Tiểu học
Tỉnh Lai Châu,Xã Nậm Hàng,Trường PTDTNT Tiểu học số 1 Nậm Hàng,Tiểu học
Tỉnh Lai Châu,Xã Nậm Hàng,Trường PTDTNT Trung học cơ sở Nậm Hàng,THCS
Tỉnh Lai Châu,Xã Nậm Hàng,Trường Tiểu học Thị trấn Nậm Nhùn,Tiểu học
Tỉnh Lai Châu,Xã Nậm Hàng,Trường Trung học cơ sở Thị trấn Nậm Nhùn,THCS
Tỉnh Lai Châu,Xã Nậm Hàng,Trường Trung học phổ thông Nậm Nhùn,THPT
Tỉnh Lai Châu,Xã Nậm Tăm,Trường Mầm non Nậm Tăm,Mầm non
Tỉnh Lai Châu,Xã Nậm Tăm,Trường PTDTBT Trung học cơ sở Nậm Tăm,THCS
Tỉnh Lai Châu,Xã Nậm Tăm,Trường Tiểu học Nậm Tăm,Tiểu học
Tỉnh Lai Châu,Xã Nậm Tăm,Trường Trung học phổ thông Nậm Tăm,THPT
Tỉnh Lai Châu,Xã Pa Tần,Trường PTDTBT Trung học cơ sở Pa Tần,THCS
Tỉnh Lai Châu,Xã Phong Thổ,Trường Phổ Thông Dân Tộc Nội Trú Phong Thổ,THPT
Tỉnh Lai Châu,Xã Phong Thổ,Trường Tiểu học Mường So,Tiểu học
Tỉnh Lai Châu,Xã Phong Thổ,Trường Tiểu học thị trấn Phong Thổ,Tiểu học
Tỉnh Lai Châu,Xã Phong Thổ,Trường Trung học cơ sở Huổi Luông,THCS
Tỉnh Lai Châu,Xã Phong Thổ,Trường Trung học cơ sở Ma Ly Pho,THCS
Tỉnh Lai Châu,Xã Phong Thổ,Trường Trung học cơ sở Mường So,THCS
Tỉnh Lai Châu,Xã Phong Thổ,Trường Trung học cơ sở Thị trấn Phong Thổ,THCS
Tỉnh Lai Châu,Xã Phong Thổ,Trường Trung học phổ thông Mường So,THPT
Tỉnh Lai Châu,Xã Phong Thổ,Trường Trung học phổ thông Phong Thổ,THPT
Tỉnh Lai Châu,Xã Sìn Hồ,Trường PTDTNT huyện Sìn Hồ,
Tỉnh Lai Châu,Xã Sìn Hồ,Trường Tiểu học Thị trấn Sìn Hồ,Tiểu học
Tỉnh Lai Châu,Xã Sìn Hồ,Trường Trung học cơ sở Thị trấn Sìn Hồ,THCS
Tỉnh Lai Châu,Xã Sìn Hồ,Trường Trung học phổ thông Sìn Hồ,THPT
Tỉnh Lai Châu,Xã Than Uyên,Trường Trung học cơ sở số 1 Than Uyên,THCS
Tỉnh Lai Châu,Xã Thu Lũm,Trường Mầm non Ka Lăng,Mầm non
Tỉnh Lai Châu,Xã Thu Lũm,Điểm trường Ló Na,
Tỉnh Lai Châu,Xã Tà Tổng,Trường PTDTBT Tiểu học số 1 Tà Tổng,Tiểu học
Tỉnh Lai Châu,Xã Tà Tổng,Trường PTDTBT Trung học cơ sở Nậm Ngà,THCS
Tỉnh Lai Châu,Xã Tả Lèng,Trường Mầm non Giang Ma,Mầm non
Tỉnh Lai Châu,Xã Tả Lèng,Trường PT DT BT xã Hồ Thầu,
Tỉnh Lai Châu,Xã Tả Lèng,Trường PT DTNT Tiểu học Giang Ma,Tiểu học
Tỉnh Lai Châu,Xã Tả Lèng,Trường Trung học cơ sở Giang Ma,THCS
Tỉnh Lai Châu,Xã Tả Lèng,Trường Trung học cơ sở Hồ Thầu,THCS
Tỉnh Lào Cai,Phường Cam Đường,Trường PTDTNT Trung học phổ thông Lào Cai,THPT
Tỉnh Lào Cai,Phường Cam Đường,Trường Quốc tế Canada Lào Cai,
Tỉnh Lào Cai,Phường Cam Đường,Trường Tiểu học Bắc Cường,Tiểu học
Tỉnh Lào Cai,Phường Cam Đường,Trường Tiểu học Bắc Lệnh,Tiểu học
Tỉnh Lào Cai,Phường Cam Đường,Trường Tiểu học Nam Cường,Tiểu học
Tỉnh Lào Cai,Phường Cam Đường,Trường Trung học cơ sở Bắc Cường,THCS
Tỉnh Lào Cai,Phường Cam Đường,Trường Trung học cơ sở Bắc Lệnh,THCS
Tỉnh Lào Cai,Phường Cam Đường,Trường Trung học cơ sở Lý Tự Trọng,THCS
Tỉnh Lào Cai,Phường Cam Đường,Trường Trung học cơ sở Nam Cường,THCS
Tỉnh Lào Cai,Phường Cam Đường,Trường Trung học phổ thông Cam Đường,THPT
Tỉnh Lào Cai,Phường Cam Đường,Trường Trung học phổ thông Lương Thế Vinh,THPT
Tỉnh Lào Cai,Phường Cam Đường,Trường Trung học phổ thông chuyên Lào Cai,THPT
Tỉnh Lào Cai,Phường Lào Cai,Trường Mầm non Hoa Hồng,Mầm non
Tỉnh Lào Cai,Phường Lào Cai,Trường Tiểu học Duyên Hải,Tiểu học
Tỉnh Lào Cai,Phường Lào Cai,Trường Tiểu học Hoàng Văn Thụ,Tiểu học
Tỉnh Lào Cai,Phường Lào Cai,Trường Tiểu học Kim Đồng,Tiểu học
Tỉnh Lào Cai,Phường Lào Cai,Trường Tiểu học Lê Ngọc Hân,Tiểu học
Tỉnh Lào Cai,Phường Lào Cai,Trường Tiểu học Lê Văn Tám,Tiểu học
Tỉnh Lào Cai,Phường Lào Cai,Trường Trung học cơ sở Hoàng Hoa Thám,THCS
Tỉnh Lào Cai,Phường Lào Cai,Trường Trung học cơ sở Kim Tân,THCS
Tỉnh Lào Cai,Phường Lào Cai,Trường Trung học cơ sở Lê Quý Đôn,THCS
Tỉnh Lào Cai,Phường Lào Cai,Trường Trung học cơ sở Ngô Văn Sở,THCS
Tỉnh Lào Cai,Phường Lào Cai,Trường Trung học phổ thông Dân tộc Nội trú Lào Cai,THPT
Tỉnh Lào Cai,Phường Lào Cai,Trường Trung học phổ thông Lê Hồng Phong,THPT
Tỉnh Lào Cai,Phường Nghĩa Lộ,Trường PTDTNT - THCS Miền Tây (Nghĩa Lộ),THCS
Tỉnh Lào Cai,Phường Nghĩa Lộ,Trường TH - THCS Lý Tự Trọng,Liên cấp
Tỉnh Lào Cai,Phường Sa Pa,Trường Tiểu học Sa Pa,Tiểu học
Tỉnh Lào Cai,Phường Trung Tâm,Trường THCS Tô Hiệu,THCS
Tỉnh Lào Cai,Phường Trung Tâm,Trường THPT Nguyễn Trãi,THPT
Tỉnh Lào Cai,Phường Văn Phú,Trường Phổ thông Dân tộc nội trú Trung học phổ thông tỉnh Yên Bái,THPT
Tỉnh Lào Cai,Phường Văn Phú,Trường Trung học phổ thông chuyên Nguyễn Tất Thành,THPT
Tỉnh Lào Cai,Phường Yên Bái,Trường Tiểu học Nguyễn Trãi,Tiểu học
Tỉnh Lào Cai,Phường Yên Bái,Trường Trung học cơ sở Quang Trung,THCS
Tỉnh Lào Cai,Phường Yên Bái,Trường Trung học phổ thông Nguyễn Huệ,THPT
Tỉnh Lào Cai,Xã Bảo Nhai,Trường Trung học cơ sở Cốc Ly,THCS
Tỉnh Lào Cai,Xã Bảo Thắng,Trường PTDTNT Trung học cơ sở & Trung học phổ thông Bảo Thắng,THCS
Tỉnh Lào Cai,Xã Bảo Thắng,Trường Tiểu học số 2,Tiểu học
Tỉnh Lào Cai,Xã Bắc Hà,Trường Mầm Mon Thị Trấn Bắc Hà,Mầm non
Tỉnh Lào Cai,Xã Bắc Hà,Trường Trung Học Cơ Sở Thị Trấn Bắc Hà,THCS
Tỉnh Lào Cai,Xã Bắc Hà,Trường mầm non Cồ Đề Chài II,Mầm non
Tỉnh Lào Cai,Xã Bắc Hà,Trường tiểu học Nậm Mòn 2 - phân hiệu Làng Mương,Tiểu học
Tỉnh Lào Cai,Xã Cao Sơn,Trường Trung học cơ sở Cao Sơn,THCS
Tỉnh Lào Cai,Xã Dương Quỳ,PTDTBT Trung học cơ sở Thẳm Dương,THCS
Tỉnh Lào Cai,Xã Dương Quỳ,Trường mầm non xã Thẩm Dương,Mầm non
Tỉnh Lào Cai,Xã Lùng Phình,Trường Trung học cơ sở & Trung học phổ thông Bắc Hà,THCS
Tỉnh Lào Cai,Xã Mường Khương,Trường Trung học phổ thông số 1 Mường Khương,THPT
Tỉnh Lào Cai,Xã Tả Phìn,"Trường Mầm non Tả Phìn
điểm trường thôn lư khâu",Mầm non
Tỉnh Lào Cai,Xã Tả Van,Lao Chai Primary School,Tiểu học
Tỉnh Lào Cai,Xã Tả Van,Phân Hieu Thcs Lao Chai,THCS
Tỉnh Lào Cai,Xã Tả Van,Su Pan school,
Tỉnh Lào Cai,Xã Y Tý,Điểm trường Hồng Ngài,
Tỉnh Lâm Đồng,Phường 1 Bảo Lộc,Trường Tiểu học Lộc Thanh,Tiểu học
Tỉnh Lâm Đồng,Phường 1 Bảo Lộc,Trường Tiểu học Trung Vương,Tiểu học
Tỉnh Lâm Đồng,Phường 1 Bảo Lộc,Trường Trung học cơ sở Hùng Vương,THCS
Tỉnh Lâm Đồng,Phường 1 Bảo Lộc,Trường Trung học phổ thông Bảo Lộc,THPT
Tỉnh Lâm Đồng,Phường 1 Bảo Lộc,Trường Trung học phổ thông Chuyên Bảo Lộc,THPT
Tỉnh Lâm Đồng,Phường 2 Bảo Lộc,Trường tiểu học Nguyễn Trãi,Tiểu học
Tỉnh Lâm Đồng,Phường 2 Bảo Lộc,Trưởng Trung học cơ sở Quang Trung,THCS
Tỉnh Lâm Đồng,Phường 3 Bảo Lộc,Trường Trung học phổ thông BC Nguyễn Tri Phương,THPT
Tỉnh Lâm Đồng,Phường Bình Thuận,Trường Tiểu Học Văn Thánh,Tiểu học
Tỉnh Lâm Đồng,Phường Bắc Gia Nghĩa,Trường Tiểu học Nguyễn Thị Minh Khai,Tiểu học
Tỉnh Lâm Đồng,Phường Bắc Gia Nghĩa,Trường Tiểu học Phan Chu Trinh,Tiểu học
Tỉnh Lâm Đồng,Phường Bắc Gia Nghĩa,Trường Tiểu học Võ Thị Sáu,Tiểu học
Tỉnh Lâm Đồng,Phường Bắc Gia Nghĩa,Trường Trung học phổ thông Chu Văn An,THPT
Tỉnh Lâm Đồng,Phường Cam Ly - Đà Lạt,Truong Mam Non Du Sing,Mầm non
Tỉnh Lâm Đồng,Phường Cam Ly - Đà Lạt,Trường Dân tộc nội trú tỉnh Lâm Đồng,
Tỉnh Lâm Đồng,Phường Cam Ly - Đà Lạt,Trường Mầm non Tà Nung,Mầm non
Tỉnh Lâm Đồng,Phường Cam Ly - Đà Lạt,Trường THCS & THPT Tà Nung,Liên cấp
Tỉnh Lâm Đồng,Phường Cam Ly - Đà Lạt,Trường Tiểu Học Nam Thiên,Tiểu học
Tỉnh Lâm Đồng,Phường Cam Ly - Đà Lạt,Trường Tiểu học Lê Lợi,Tiểu học
Tỉnh Lâm Đồng,Phường Cam Ly - Đà Lạt,Trường Tiểu học Trần Bình Trọng,Tiểu học
Tỉnh Lâm Đồng,Phường Cam Ly - Đà Lạt,Trường Trung học cơ sở Lam Sơn Đà Lạt,THCS
Tỉnh Lâm Đồng,Phường Cam Ly - Đà Lạt,Trường mầm non 6,Mầm non
Tỉnh Lâm Đồng,Phường Hàm Thắng,Trường Tiểu học Xuân An,Tiểu học
Tỉnh Lâm Đồng,Phường La Gi,Trường Tiểu học Tân An 1,Tiểu học
Tỉnh Lâm Đồng,Phường La Gi,Trường Tiểu học Tân An 2,Tiểu học
Tỉnh Lâm Đồng,Phường La Gi,Trường Trung học phổ thông Lý Thường Kiệt,THPT
Tỉnh Lâm Đồng,Phường La Gi,Trường Trung học phổ thông Nguyễn Huệ,THPT
Tỉnh Lâm Đồng,Phường Lang Biang - Đà Lạt,Da Nghit,Mầm non
Tỉnh Lâm Đồng,Phường Lang Biang - Đà Lạt,Trường Tiểu học Đa Thành,Tiểu học
Tỉnh Lâm Đồng,Phường Lang Biang - Đà Lạt,Trường Trung học cơ sở & Trung học phổ thông Đống Đa,THCS
Tỉnh Lâm Đồng,Phường Lâm Viên - Đà Lạt,Tiny Stars,Mầm non
Tỉnh Lâm Đồng,Phường Lâm Viên - Đà Lạt,Trường PT Hermann Gmeiner Đà Lạt,
Tỉnh Lâm Đồng,Phường Lâm Viên - Đà Lạt,Trường Tiểu học Thái Phiên,Tiểu học
Tỉnh Lâm Đồng,Phường Nam Gia Nghĩa,Trường Tiểu học Nguyễn Bá Ngọc,Tiểu học
Tỉnh Lâm Đồng,Phường Nam Gia Nghĩa,Trường Trung học Phổ thông Nguyễn Chí Thanh,THPT
Tỉnh Lâm Đồng,Phường Nam Gia Nghĩa,Trường Trung học cơ sở Nguyễn Bỉnh Khiêm,THCS
Tỉnh Lâm Đồng,Phường Nam Gia Nghĩa,Trường Trung học phổ thông Gia Nghĩa,THPT
Tỉnh Lâm Đồng,Phường Phan Thiết,Trường Trung học phổ thông Phan Thiết,THPT
Tỉnh Lâm Đồng,Phường Phú Thủy,Trung học Phổ thông Phan Bội Châu,THPT
Tỉnh Lâm Đồng,Phường Phú Thủy,Trường Trung học cơ sở Lương Thế Vinh,THCS
Tỉnh Lâm Đồng,Phường Phú Thủy,Trường Trung học phổ thông Phan Châu Trinh,THPT
Tỉnh Lâm Đồng,Phường Phú Thủy,Trường Trung học phổ thông chuyên Trần Hưng Đạo,THPT
Tỉnh Lâm Đồng,Phường Phú Thủy,Trường tiểu học Phú Thủy 2,Tiểu học
Tỉnh Lâm Đồng,Phường Phú Thủy,Trường trung học cơ sỡ Nguyễn Trải,
Tỉnh Lâm Đồng,Phường Phước Hội,Trường Tiểu học Phước Hội 1,Tiểu học
Tỉnh Lâm Đồng,Phường Phước Hội,Trường Tiểu học Phước Lộc 2,Tiểu học
Tỉnh Lâm Đồng,Phường Phước Hội,Trường Tiểu học Tân Phước 1,Tiểu học
Tỉnh Lâm Đồng,Phường Phước Hội,Trường Trung học cơ sở Phước Hội,THCS
Tỉnh Lâm Đồng,Phường Tiến Thành,Trường tiểu học Đức Long,Tiểu học
Tỉnh Lâm Đồng,Phường Xuân Hương - Đà Lạt,Hoang Tu Be,Mầm non
Tỉnh Lâm Đồng,Phường Xuân Hương - Đà Lạt,Thiên Hương,Mầm non
Tỉnh Lâm Đồng,Phường Xuân Hương - Đà Lạt,Truong Mam Non Thien Y,Mầm non
Tỉnh Lâm Đồng,Phường Xuân Hương - Đà Lạt,Truòng Mâm 2,Mầm non
Tỉnh Lâm Đồng,Phường Xuân Hương - Đà Lạt,Trường Mầm Non 1,Mầm non
Tỉnh Lâm Đồng,Phường Xuân Hương - Đà Lạt,Trường Mầm Non Song Ngữ,Mầm non
Tỉnh Lâm Đồng,Phường Xuân Hương - Đà Lạt,Trường Mầm non Thăng Long,Mầm non
Tỉnh Lâm Đồng,Phường Xuân Hương - Đà Lạt,Trường THCS Quang Trung,THCS
Tỉnh Lâm Đồng,Phường Xuân Hương - Đà Lạt,Trường Tiểu Học Mê Linh 2,Tiểu học
Tỉnh Lâm Đồng,Phường Xuân Hương - Đà Lạt,Trường Tiểu học Lê Quý Đôn,Tiểu học
Tỉnh Lâm Đồng,Phường Xuân Hương - Đà Lạt,Trường Tiểu học Mê Linh,Tiểu học
Tỉnh Lâm Đồng,Phường Xuân Hương - Đà Lạt,Trường Tiểu học Trưng Vương,Tiểu học
Tỉnh Lâm Đồng,Phường Xuân Hương - Đà Lạt,Trường Tiểu học Trần Phú,Tiểu học
Tỉnh Lâm Đồng,Phường Xuân Hương - Đà Lạt,Trường Trung học cơ sở & Trung học phổ thông Tây Sơn,THCS
Tỉnh Lâm Đồng,Phường Xuân Hương - Đà Lạt,Trường Trung học cơ sở Nguyễn Du,THCS
Tỉnh Lâm Đồng,Phường Xuân Hương - Đà Lạt,Trường Trung học phổ thông Bùi Thị Xuân,THPT
Tỉnh Lâm Đồng,Phường Xuân Hương - Đà Lạt,Trường Trung học phổ thông chuyên Thăng Long,THPT
Tỉnh Lâm Đồng,Phường Xuân Trường - Đà Lạt,Trường Tiểu học Nam Hồ,Tiểu học
Tỉnh Lâm Đồng,Phường Xuân Trường - Đà Lạt,Trường Tiểu học Xuân Thọ,Tiểu học
Tỉnh Lâm Đồng,Phường Xuân Trường - Đà Lạt,Trường mầm non Phường 11,Mầm non
Tỉnh Lâm Đồng,Phường Đông Gia Nghĩa,Trường Tiểu học - Trung học cơ sở Trần Văn Ơn,Liên cấp
Tỉnh Lâm Đồng,Phường Đông Gia Nghĩa,Trường Tiểu học Thăng Long,Tiểu học
Tỉnh Lâm Đồng,Phường Đông Gia Nghĩa,Trường Trung học cơ sở Nguyễn Tất Thành,THCS
Tỉnh Lâm Đồng,Phường Đông Gia Nghĩa,Trường Trung học cơ sở Phan Bội Châu,THCS
Tỉnh Lâm Đồng,Phường Đông Gia Nghĩa,Trường Trung học phổ thông Dân tộc Nội trú N'Trang Lơng,THPT
Tỉnh Lâm Đồng,Xã Bảo Lâm 1,Trường PTDTNT Trung học cơ sở Bảo Lâm,THCS
Tỉnh Lâm Đồng,Xã Bảo Lâm 1,Trường Tiểu học Kim Đồng,Tiểu học
Tỉnh Lâm Đồng,Xã Bảo Lâm 1,Trường Tiểu học Lê Quý Đôn,Tiểu học
Tỉnh Lâm Đồng,Xã Bảo Lâm 1,Trường Tiểu học Trần Hưng Đạo,Tiểu học
Tỉnh Lâm Đồng,Xã Bảo Lâm 1,Trường Trung học cơ sở Nguyễn Du,THCS
Tỉnh Lâm Đồng,Xã Bảo Lâm 1,Trường Trung học phổ thông Bảo Lâm,THPT
Tỉnh Lâm Đồng,Xã Bảo Lâm 2,Trường Tiểu học Nguyễn Trãi,Tiểu học
Tỉnh Lâm Đồng,Xã Bảo Lâm 3,Trường Tiểu học Nguyễn Khuyến,Tiểu học
Tỉnh Lâm Đồng,Xã Bảo Lâm 3,Trường Trung học Cơ sở Lộc Thành,THCS
Tỉnh Lâm Đồng,Xã Bảo Lâm 4,Trường Tiểu học & Trung học cơ sở Lương Thế Vinh,Liên cấp
Tỉnh Lâm Đồng,Xã Bảo Thuận,Trường THCS Đinh Lạc,THCS
Tỉnh Lâm Đồng,Xã Bắc Bình,Trường Tiểu học Chợ Lầu 2,Tiểu học
Tỉnh Lâm Đồng,Xã Bắc Bình,Trường Trung học cơ sở Chợ Lầu,THCS
Tỉnh Lâm Đồng,Xã Bắc Bình,Trường Trung học phổ thông Bắc Bình,THPT
Tỉnh Lâm Đồng,Xã Cát Tiên,Trường Trung học cơ sở Quảng Ngãi,THCS
Tỉnh Lâm Đồng,Xã Cát Tiên 2,phước cát 1,Mầm non
Tỉnh Lâm Đồng,Xã Cát Tiên 2,trường thcs phước cát 1,THCS
Tỉnh Lâm Đồng,Xã Cát Tiên 2,trường trung học phổ thông quang trung,THPT
Tỉnh Lâm Đồng,Xã Cát Tiên 3,Trường Tiểu học và Trung học Cơ sở Đồng Nai Thượng,Liên cấp
Tỉnh Lâm Đồng,Xã Cư Jút,Trường Trung học phổ thông Phan Chu Trinh,THPT
Tỉnh Lâm Đồng,Xã D''Ran',Trường Mẫu Giáo Vành Khuyên,Mầm non
Tỉnh Lâm Đồng,Xã D''Ran',Trường Tiểu học Trần Quốc Toản,Tiểu học
Tỉnh Lâm Đồng,Xã D''Ran',Trường Trung học cơ sở D'RAN,THCS
Tỉnh Lâm Đồng,Xã D''Ran',Trường Trung học cơ sở Lạc Nghiệp,THCS
Tỉnh Lâm Đồng,Xã D''Ran',Trường Trung học cơ sở Lạc Xuân,THCS
Tỉnh Lâm Đồng,Xã D''Ran',Trường Trung học phổ thông Hùng Vương,THPT
Tỉnh Lâm Đồng,Xã Di Linh,Trường Mầm Non Sao Mai,Mầm non
Tỉnh Lâm Đồng,Xã Di Linh,Trường Mầm Non Tuổi Ngọc,Mầm non
Tỉnh Lâm Đồng,Xã Di Linh,Trường Mầm non Vành Khuyên,Mầm non
Tỉnh Lâm Đồng,Xã Di Linh,Trường Mẫu giáo Gung Ré,Mầm non
Tỉnh Lâm Đồng,Xã Di Linh,Trường Phổ thông Dân Tộc Nội Trú Di Linh,THPT
Tỉnh Lâm Đồng,Xã Di Linh,Trường THCS Gung Ré,THCS
Tỉnh Lâm Đồng,Xã Di Linh,Trường THCS Lê Lợi,THCS
Tỉnh Lâm Đồng,Xã Di Linh,Trường THPT Phan Bội Châu,THPT
Tỉnh Lâm Đồng,Xã Di Linh,Trường Tiểu học Kim Đồng,Tiểu học
Tỉnh Lâm Đồng,Xã Di Linh,Trường Tiểu học Lam Sơn,Tiểu học
Tỉnh Lâm Đồng,Xã Di Linh,Trường Tiểu học Trần Quốc Toản,Tiểu học
Tỉnh Lâm Đồng,Xã Di Linh,Trường Tiểu học Võ Thị Sáu,Tiểu học
Tỉnh Lâm Đồng,Xã Gia Hiệp,Trường Mầm non Gia Hiệp,Mầm non
Tỉnh Lâm Đồng,Xã Gia Hiệp,Trường THCS Gia Hiệp,THCS
Tỉnh Lâm Đồng,Xã Gia Hiệp,Trường THPT Nguyễn Viết Xuân,THPT
Tỉnh Lâm Đồng,Xã Gia Hiệp,Trường Tiểu học Gia Hiệp,Tiểu học
Tỉnh Lâm Đồng,Xã Gia Hiệp,Trường Tiểu học Phú Hiệp,Tiểu học
Tỉnh Lâm Đồng,Xã Gia Hiệp,Trường Trung học Cơ sở Tam Bố,THCS
Tỉnh Lâm Đồng,Xã Hiệp Thạnh,Trường Mẫu Giáo Liên Hiệp,Mầm non
Tỉnh Lâm Đồng,Xã Hiệp Thạnh,Trường Tiểu Học An Hiệp,Tiểu học
Tỉnh Lâm Đồng,Xã Hiệp Thạnh,Trường Trung học cơ sở An Hiệp,THCS
Tỉnh Lâm Đồng,Xã Hoài Đức,Trường THPT Hùng Vương,THPT
Tỉnh Lâm Đồng,Xã Hoài Đức,Trường THPT Phan Bội Châu,THPT
Tỉnh Lâm Đồng,Xã Hoài Đức,Trường Tiểu học Phan Đình Phùng,Tiểu học
Tỉnh Lâm Đồng,Xã Hoài Đức,Trường Tiểu học Trần Hưng Đạo,Tiểu học
Tỉnh Lâm Đồng,Xã Hoài Đức,Trường Tiểu học và THCS Trần Quốc Tuấn (Cơ sở 2),Liên cấp
Tỉnh Lâm Đồng,Xã Hoài Đức,trường Tiểu học Bùi Thị Xuân (Cơ sở 1),Tiểu học
Tỉnh Lâm Đồng,Xã Hàm Thuận,Trung Học Cơ Sở Hàm Đức,THCS
Tỉnh Lâm Đồng,Xã Hàm Thuận Nam,Trường Tiểu học Thuận Nam 1,Tiểu học
Tỉnh Lâm Đồng,Xã Hàm Thuận Nam,Trường Trung học phổ thông Hàm Thuận Nam,THPT
Tỉnh Lâm Đồng,Xã Hàm Tân,Trung Học Cơ Sở Tân Xuân,THCS
Tỉnh Lâm Đồng,Xã Hàm Tân,Trường Tiểu học Tân Hà,Tiểu học
Tỉnh Lâm Đồng,Xã Hàm Tân,Trường Tiểu học Tân Nghĩa 1,Tiểu học
Tỉnh Lâm Đồng,Xã Hàm Tân,Trường Tiểu học Tân Nghĩa 2,Tiểu học
Tỉnh Lâm Đồng,Xã Hàm Tân,Trường Tiểu học Tân Nghĩa 3,Tiểu học
Tỉnh Lâm Đồng,Xã Hàm Tân,Trường Tiểu học Tân Xuân 1,Tiểu học
Tỉnh Lâm Đồng,Xã Hàm Tân,Trường Trung học cơ sở Tân Nghĩa,THCS
Tỉnh Lâm Đồng,Xã Hàm Tân,Trường Trung học phổ thông Hàm Tân,THPT
Tỉnh Lâm Đồng,Xã Hòa Ninh,Trường trung học phổ thông Trường Chinh - Hòa Ninh,THPT
Tỉnh Lâm Đồng,Xã Kiến Đức,Trường Trung học cơ sở Nguyễn Du,THCS
Tỉnh Lâm Đồng,Xã Kiến Đức,Trường Trung học phổ thông Phạm Văn Đồng,THPT
Tỉnh Lâm Đồng,Xã Krông Nô,Trường Tiểu học Trần Phú,Tiểu học
Tỉnh Lâm Đồng,Xã Krông Nô,Trường Trung học cơ sở TT Đắk Mâm,THCS
Tỉnh Lâm Đồng,Xã Krông Nô,Trường Trung học phổ thông Krông Nô,THPT
Tỉnh Lâm Đồng,Xã Liên Hương,Mẫu giáo,Mầm non
Tỉnh Lâm Đồng,Xã Liên Hương,Trường TH Liên Hương 1,Tiểu học
Tỉnh Lâm Đồng,Xã Liên Hương,Trường TH Liên Hương 2,Tiểu học
Tỉnh Lâm Đồng,Xã Liên Hương,Trường TH Liên Hương 3,Tiểu học
Tỉnh Lâm Đồng,Xã Liên Hương,Trường TH Liên Hương 4,Tiểu học
Tỉnh Lâm Đồng,Xã Liên Hương,Trường Tiểu học Liên Hương 1,Tiểu học
Tỉnh Lâm Đồng,Xã Liên Hương,Trường Tiểu học Liên Hương 2,Tiểu học
Tỉnh Lâm Đồng,Xã Liên Hương,Trường Tiểu học Liên Hương 3 (Cơ sở 2),Tiểu học
Tỉnh Lâm Đồng,Xã Liên Hương,Trường Tiểu học Liên Hương 4,Tiểu học
Tỉnh Lâm Đồng,Xã Liên Hương,Trường Trung học cơ sở Lê Văn Tám,THCS
Tỉnh Lâm Đồng,Xã Liên Hương,Trường Trung học cơ sở Nguyễn Bỉnh Khiêm,THCS
Tỉnh Lâm Đồng,Xã Liên Hương,Trường Trung học cơ sở Phước Thể,THCS
Tỉnh Lâm Đồng,Xã Liên Hương,Trường Trung học phổ thông Tuy Phong,THPT
Tỉnh Lâm Đồng,Xã Liên Hương,Trường cấp 2 Lê Văn Tám,
Tỉnh Lâm Đồng,Xã Lương Sơn,Trường THCS Lương Sơn,THCS
Tỉnh Lâm Đồng,Xã Lương Sơn,Trường THPT Nguyễn Thị Minh Khai,THPT
Tỉnh Lâm Đồng,Xã Lương Sơn,Trường Tiểu học Lương Sơn 1,Tiểu học
Tỉnh Lâm Đồng,Xã Lương Sơn,Trường Tiểu học Lương Sơn 3,Tiểu học
Tỉnh Lâm Đồng,Xã Nam Ban Lâm Hà,Trường Trung học cơ sở Nam Ban,THCS
Tỉnh Lâm Đồng,Xã Nam Ban Lâm Hà,Trường tiểu học Nam Ban 1,Tiểu học
Tỉnh Lâm Đồng,Xã Nam Thành,Trường Trung học Phổ thông Quang Trung,THPT
Tỉnh Lâm Đồng,Xã Nam Đà,Trường Trung học Phổ thông Trần Phú,THPT
Tỉnh Lâm Đồng,Xã Nâm Nung,Trường Tiểu học Kim Đồng,Tiểu học
Tỉnh Lâm Đồng,Xã Nâm Nung,Trường Trung học cơ sở Nâm N' Đir,THCS
Tỉnh Lâm Đồng,Xã Phan Rí Cửa,Trường Mẫu giáo Bông Mai,Mầm non
Tỉnh Lâm Đồng,Xã Phan Rí Cửa,Trường Mẫu giáo Phan Rí Cửa (cơ sở Minh Tân),Mầm non
Tỉnh Lâm Đồng,Xã Phan Rí Cửa,Trường Tiểu học Phan Rí Cửa 1,Tiểu học
Tỉnh Lâm Đồng,Xã Phan Rí Cửa,Trường Tiểu học Phan Rí Cửa 2,Tiểu học
Tỉnh Lâm Đồng,Xã Phan Rí Cửa,Trường Tiểu học Phan Rí Cửa 3,Tiểu học
Tỉnh Lâm Đồng,Xã Phan Rí Cửa,Trường Tiểu học Phan Rí Cửa 4,Tiểu học
Tỉnh Lâm Đồng,Xã Phan Rí Cửa,Trường Tiểu học Phan Rí Cửa 6,Tiểu học
Tỉnh Lâm Đồng,Xã Phan Rí Cửa,Trường Trung học cơ sở Trần Quốc Toản,THCS
Tỉnh Lâm Đồng,Xã Phan Rí Cửa,Trường Trung học cơ sở Võ Thị Sáu,THCS
Tỉnh Lâm Đồng,Xã Phan Rí Cửa,Trường Trung học phổ thông Hòa Đa,THPT
Tỉnh Lâm Đồng,Xã Phú Sơn Lâm Hà,Trường Phổ Thông Dân Tộc Nội Trú Lâm Hà,THPT
Tỉnh Lâm Đồng,Xã Phú Sơn Lâm Hà,Trường THCS Phú Sơn,THCS
Tỉnh Lâm Đồng,Xã Phú Sơn Lâm Hà,Trường Trung học Phổ thông Lê Quý Đôn,THPT
Tỉnh Lâm Đồng,Xã Phúc Thọ Lâm Hà,Trường Mẫu Giáo Phúc Thọ,Mầm non
Tỉnh Lâm Đồng,Xã Quảng Khê,Trường Trung học cơ sở Quảng Khê,THCS
Tỉnh Lâm Đồng,Xã Quảng Khê,Trường Trung học phổ thông Đăk Glong,THPT
Tỉnh Lâm Đồng,Xã Quảng Tân,Trường Giáo dục Đào tạo và Giải quyết Việc làm Số 1,
Tỉnh Lâm Đồng,Xã Quảng Tín,Trường Trung học phổ thông Nguyễn Đình Chiểu,THPT
Tỉnh Lâm Đồng,Xã Quảng Tín,Trường Trung học cơ sở Nguyễn Trãi,THCS
Tỉnh Lâm Đồng,Xã Quảng Tín,Trường mầm non Hoa Lan,Mầm non
Tỉnh Lâm Đồng,Xã Quảng Tín,Trường mầm non Hoa Đào,Mầm non
Tỉnh Lâm Đồng,Xã Quảng Tín,Trường tiểu học Lê Lợi 1,Tiểu học
Tỉnh Lâm Đồng,Xã Quảng Tín,Trường tiểu học Lê Lợi 2,Tiểu học
Tỉnh Lâm Đồng,Xã Quảng Tín,Trường tiểu học Ngô Gia Tự,Tiểu học
Tỉnh Lâm Đồng,Xã Suối Kiết,Trường Trung học Cơ sở Gia Huynh,THCS
Tỉnh Lâm Đồng,Xã Sông Lũy,Trường Tiểu học Sông Luỹ 2,Tiểu học
Tỉnh Lâm Đồng,Xã Sông Lũy,Trường Tiểu học Sông Luỹ 3,Tiểu học
Tỉnh Lâm Đồng,Xã Sông Lũy,Trường Trung học Cơ sở Sông Luỹ,THCS
Tỉnh Lâm Đồng,Xã Sơn Mỹ,Trường Tiểu học Thắng Hải 1,Tiểu học
Tỉnh Lâm Đồng,Xã Sơn Mỹ,Trường Tiểu học Tân Thắng 1,Tiểu học
Tỉnh Lâm Đồng,Xã Sơn Mỹ,Trường Trung học cơ sở Phan Đình Phùng,THCS
Tỉnh Lâm Đồng,Xã Sơn Mỹ,Trường Trung học cơ sở Tân Thắng,THCS
Tỉnh Lâm Đồng,Xã Sơn Mỹ,Trường Trung học phổ thông Huỳnh Thúc Kháng,THPT
Tỉnh Lâm Đồng,Xã Sơn Điền,Trường THCS Gia Bắc,THCS
Tỉnh Lâm Đồng,Xã Sơn Điền,Trường Tiểu học Gia Bắc,Tiểu học
Tỉnh Lâm Đồng,Xã Trường Xuân,Tiểu Học Lê Đình Chinh,Tiểu học
Tỉnh Lâm Đồng,Xã Tánh Linh,Trường Trung học cơ sở Đức Thuận,THCS
Tỉnh Lâm Đồng,Xã Tân Hà Lâm Hà,Trường Mẫu Giáo Tân Kết,Mầm non
Tỉnh Lâm Đồng,Xã Tân Hà Lâm Hà,Trường Mẫu giáo Tân Hà,Mầm non
Tỉnh Lâm Đồng,Xã Tân Hà Lâm Hà,Trường Phổ Thông Cơ Sở Liên Hà,THPT
Tỉnh Lâm Đồng,Xã Tân Hà Lâm Hà,Trường THCS Liên Hà,THCS
Tỉnh Lâm Đồng,Xã Tân Hà Lâm Hà,Trường THCS Tân Hà,THCS
Tỉnh Lâm Đồng,Xã Tân Hà Lâm Hà,Trường THCS Đan Phượng,THCS
Tỉnh Lâm Đồng,Xã Tân Hà Lâm Hà,Trường THPT Tân Hà,THPT
Tỉnh Lâm Đồng,Xã Tân Hà Lâm Hà,Trường Tiểu học Lán Tranh II,Tiểu học
Tỉnh Lâm Đồng,Xã Tân Hà Lâm Hà,Trường Tiểu học Tân Hà 1,Tiểu học
Tỉnh Lâm Đồng,Xã Tân Hội,Trường Trung học phổ thông Hoàng Hoa Thám,THPT
Tỉnh Lâm Đồng,Xã Tân Minh,Trường Tiểu học Tân Minh,Tiểu học
Tỉnh Lâm Đồng,Xã Tân Minh,Trường Tiểu học Tân Phúc,Tiểu học
Tỉnh Lâm Đồng,Xã Tân Minh,Trường Trung học cơ sở Tân Minh,THCS
Tỉnh Lâm Đồng,Xã Tân Minh,Trường Trung học cơ sở Tân Phúc,THCS
Tỉnh Lâm Đồng,Xã Tân Minh,Trường Trung học phổ thông Đức Tân,THPT
Tỉnh Lâm Đồng,Xã Tân Thành,Trường Tiểu học Tân Thành 1,Tiểu học
Tỉnh Lâm Đồng,Xã Tân Thành,Trường Tiểu học Tân Thành 2,Tiểu học
Tỉnh Lâm Đồng,Xã Đam Rông 2,Trường Tiểu học Bằng Lăng,Tiểu học
Tỉnh Lâm Đồng,Xã Đam Rông 2,Trường Trung học cơ sở & Trung học phổ thông Võ Nguyên Giáp,THCS
Tỉnh Lâm Đồng,Xã Đam Rông 3,Trường Tiểu học Lương Thế Vinh,Tiểu học
Tỉnh Lâm Đồng,Xã Đam Rông 3,Trường Tiểu học Đạ R'Sal,Tiểu học
Tỉnh Lâm Đồng,Xã Đam Rông 3,Trường Trung học cơ sở Lê Hồng Phong,THCS
Tỉnh Lâm Đồng,Xã Đam Rông 3,Trường Trung học phổ thông Phan Đình Phùng,THPT
Tỉnh Lâm Đồng,Xã Đam Rông 4,Trường THCS Đạ Long,THCS
Tỉnh Lâm Đồng,Xã Đam Rông 4,Trường Tiểu Học Đạ Long,Tiểu học
Tỉnh Lâm Đồng,Xã Đơn Dương,Trường THCS Thạnh Mỹ,THCS
Tỉnh Lâm Đồng,Xã Đơn Dương,Trường THCS Tu Tra,THCS
Tỉnh Lâm Đồng,Xã Đơn Dương,Trường THPT Đơn Dương,THPT
Tỉnh Lâm Đồng,Xã Đơn Dương,Trường Tiểu Học R’Lơm,Tiểu học
Tỉnh Lâm Đồng,Xã Đơn Dương,Trường Tiểu học Thạnh Mỹ,Tiểu học
Tỉnh Lâm Đồng,Xã Đơn Dương,Trường Tiểu học Tu Tra,Tiểu học
Tỉnh Lâm Đồng,Xã Đạ Huoai,Trường THCS Thị trấn Madaguoi,THCS
Tỉnh Lâm Đồng,Xã Đạ Huoai,Trường Tiểu Học Xã MaĐaGuôi,Tiểu học
Tỉnh Lâm Đồng,Xã Đạ Huoai,Trường Tiểu học Trần Quốc Toản,Tiểu học
Tỉnh Lâm Đồng,Xã Đạ Huoai,Trường Trung học cơ sở Đạ Oai,THCS
Tỉnh Lâm Đồng,Xã Đạ Huoai,Trường Trung học phổ thông Đạ Huoai,THPT
Tỉnh Lâm Đồng,Xã Đạ Huoai 2,Trường THPT Thị trấn Đạm Ri,THPT
Tỉnh Lâm Đồng,Xã Đạ Huoai 3,Trường Mầm non Hoạ Mi,Mầm non
Tỉnh Lâm Đồng,Xã Đạ Huoai 3,Trường Tiểu học Đoàn Kết,Tiểu học
Tỉnh Lâm Đồng,Xã Đạ Huoai 3,Trường Tiểu học Đạ Ploa,Tiểu học
Tỉnh Lâm Đồng,Xã Đạ Tẻh,Trường Tiểu học Võ Thị Sáu,Tiểu học
Tỉnh Lâm Đồng,Xã Đạ Tẻh,Trường Trung học Phổ thông Đạ Tẻh,THPT
Tỉnh Lâm Đồng,Xã Đạ Tẻh 2,Trường Tiểu học Triệu Hải,Tiểu học
Tỉnh Lâm Đồng,Xã Đạ Tẻh 2,Trường Trung học Cơ sở Triệu Hải,THCS
Tỉnh Lâm Đồng,Xã Đắk Wil,Trường Tiểu Học Nguyễn Huệ,Tiểu học
Tỉnh Lâm Đồng,Xã Đắk Wil,Trường Trung học cơ sở Phạm Hồng Thái,THCS
Tỉnh Lâm Đồng,Xã Đồng Kho,Tiểu học Đồng Kho 1,Tiểu học
Tỉnh Lâm Đồng,Xã Đức An,Tiểu học Lê Văn Tám (Trường tộc),Tiểu học
Tỉnh Lâm Đồng,Xã Đức An,Trường Trung học phổ thông ĐakSong,THPT
Tỉnh Lâm Đồng,Xã Đức Linh,Trường Mẫu giáo Vàng Anh,Mầm non
Tỉnh Lâm Đồng,Xã Đức Linh,Trường THCS Nguyễn Khuyến,THCS
Tỉnh Lâm Đồng,Xã Đức Linh,Trường Tiểu Học Hoàng Hoa Thám,Tiểu học
Tỉnh Lâm Đồng,Xã Đức Linh,Trường Tiểu Học Lý Thái Tổ,Tiểu học
Tỉnh Lâm Đồng,Xã Đức Linh,Trường Trung học Phổ thông Đức Linh,THPT
Tỉnh Lâm Đồng,Xã Đức Lập,trường học,
Tỉnh Lâm Đồng,Xã Đức Trọng,Trường Mầm non Phú Hội,Mầm non
Tỉnh Lâm Đồng,Xã Đức Trọng,Trường Mầm non Vành Khuyên,Mầm non
Tỉnh Lâm Đồng,Xã Đức Trọng,Trường THCS Nguyễn Trãi (Cơ sở 2),THCS
Tỉnh Lâm Đồng,Xã Đức Trọng,Trường THCS Phú Hội,THCS
Tỉnh Lâm Đồng,Xã Đức Trọng,Trường THCS Trần Phú,THCS
Tỉnh Lâm Đồng,Xã Đức Trọng,Trường THPT Lương Thế Vinh,THPT
Tỉnh Lâm Đồng,Xã Đức Trọng,Trường Tiểu học Nguyễn Bá Ngọc,Tiểu học
Tỉnh Lâm Đồng,Xã Đức Trọng,Trường Tiểu học Phú Hội,Tiểu học
Tỉnh Lâm Đồng,Xã Đức Trọng,Trường Trung học Phổ thông Nguyễn Thái Bình,THPT
Tỉnh Lâm Đồng,Xã Đức Trọng,Trường tiểu học Liên Nghĩa,Tiểu học
Tỉnh Lâm Đồng,Đặc khu Phú Quý,Trường Mầm non Ngũ Phụng,Mầm non
Tỉnh Lâm Đồng,Đặc khu Phú Quý,Trường Mầm non Ngũ Phụng (cơ sở 3),Mầm non
Tỉnh Lâm Đồng,Đặc khu Phú Quý,Trường Mầm non Tam Thanh,Mầm non
Tỉnh Lâm Đồng,Đặc khu Phú Quý,Trường Mầm non Tam Thanh (cơ sở 2),Mầm non
Tỉnh Lâm Đồng,Đặc khu Phú Quý,Trường Tiểu học Ngũ Phụng (cơ sở 3),Tiểu học
Tỉnh Lâm Đồng,Đặc khu Phú Quý,Trường Tiểu học Phú An,Tiểu học
Tỉnh Lâm Đồng,Đặc khu Phú Quý,Trường Tiểu học Tam Thanh,Tiểu học
Tỉnh Lâm Đồng,Đặc khu Phú Quý,Trường Tiểu học Triều Dương,Tiểu học
Tỉnh Lâm Đồng,Đặc khu Phú Quý,Trường Trung học cơ sở Ngũ Phụng,THCS
Tỉnh Lâm Đồng,Đặc khu Phú Quý,Trường Trung học cơ sở Tam Thanh,THCS
Tỉnh Lâm Đồng,Đặc khu Phú Quý,Trường Trung học phổ thông Ngô Quyền,THPT
Tỉnh Lạng Sơn,Phường Lương Văn Tri,Trường Tiểu học Quảng Lạc,Tiểu học
Tỉnh Lạng Sơn,Phường Lương Văn Tri,Trường Trung học cơ sở Quảng Lạc,THCS
Tỉnh Lạng Sơn,Phường Lương Văn Tri,Trường Trung học phổ thông Hoàng Văn Thụ,THPT
Tỉnh Lạng Sơn,Phường Đông Kinh,Trường Trung học phổ thông Dân tộc nội trú tỉnh Lạng Sơn,THPT
Tỉnh Lạng Sơn,Phường Đông Kinh,Trường Trung học phổ thông chuyên Chu Văn An,THPT
Tỉnh Lạng Sơn,Xã Bắc Sơn,Trường Trung học phổ thông Bắc Sơn,THPT
Tỉnh Lạng Sơn,Xã Chi Lăng,Trường Trung học cơ sở Thị trấn Chi Lăng,THCS
Tỉnh Lạng Sơn,Xã Công Sơn,Trường Phổ thông Dân tộc Bán trú Trung học cơ sở Xã Mẫu Sơn,THCS
Tỉnh Lạng Sơn,Xã Khuất Xá,Trường Trung học cơ sở Khuất Xá,THCS
Tỉnh Lạng Sơn,Xã Lộc Bình,Trường Tiểu học Xã Đồng Bục,Tiểu học
Tỉnh Lạng Sơn,Xã Lộc Bình,Trường Trung học cơ sở xã Đồng Bục,THCS
Tỉnh Lạng Sơn,Xã Mẫu Sơn,Trường Tiểu học Xã Yên Khoái,Tiểu học
Tỉnh Lạng Sơn,Xã Mẫu Sơn,Trường Tiểu học Xã Yên Khoái - Điểm trường Chi Ma,Tiểu học
Tỉnh Lạng Sơn,Xã Na Sầm,Trường Trung học phổ thông Văn Lãng,THPT
Tỉnh Lạng Sơn,Xã Na Sầm,Trường tiểu học Thị trấn Na Sầm,Tiểu học
Tỉnh Lạng Sơn,Xã Tuấn Sơn,Trường Tiểu học Minh Sơn,Tiểu học
Tỉnh Lạng Sơn,Xã Văn Quan,Trường Mầm non 2 Văn Quan,Mầm non
Tỉnh Lạng Sơn,Xã Văn Quan,Trường Tiểu học 1 Văn Quan,Tiểu học
Tỉnh Lạng Sơn,Xã Văn Quan,Trường Trung học cơ sở Văn Quan,THCS
Tỉnh Lạng Sơn,Xã Đồng Đăng,Trường Tiểu học Đồng Đăng,Tiểu học
Tỉnh Lạng Sơn,Xã Đồng Đăng,Trường Trung học Phổ Thông Đồng Đăng,THPT
Tỉnh Lạng Sơn,Xã Đồng Đăng,Trường Trung học cơ sở Đồng Đăng,THCS
Tỉnh Nghệ An,Phường Cửa Lò,Trường Mầm non Nghi Tân,Mầm non
Tỉnh Nghệ An,Phường Cửa Lò,Trường Tiểu học Nghi Hương,Tiểu học
Tỉnh Nghệ An,Phường Cửa Lò,Trường Tiểu học Nghi Tân,Tiểu học
Tỉnh Nghệ An,Phường Cửa Lò,Trường Trung học cơ sở Nghi Hương,THCS
Tỉnh Nghệ An,Phường Cửa Lò,Trường Trung học cơ sở Nghi Tân,THCS
Tỉnh Nghệ An,Phường Cửa Lò,Trường Trung học phổ thông Cửa Lò,THPT
Tỉnh Nghệ An,Phường Cửa Lò,Trường Trung học phổ thông Cửa Lò 2,THPT
Tỉnh Nghệ An,Phường Thành Vinh,Quang Trung,Mầm non
Tỉnh Nghệ An,Phường Thành Vinh,Trường Tiểu học Cửa Nam,Tiểu học
Tỉnh Nghệ An,Phường Thành Vinh,Trường Tiểu học Cửa Nam 1,Tiểu học
Tỉnh Nghệ An,Phường Thành Vinh,Trường Tiểu học Đông Vĩnh,Tiểu học
Tỉnh Nghệ An,Phường Thành Vinh,Trường Tiểu học Đội Cung,Tiểu học
Tỉnh Nghệ An,Phường Thành Vinh,Trường Trung học cơ sở Cửa Nam,THCS
Tỉnh Nghệ An,Phường Thành Vinh,Trường Trung học cơ sở Đội Cung,THCS
Tỉnh Nghệ An,Phường Thành Vinh,Trường Trung học phổ thông Huỳnh Thúc Kháng,THPT
Tỉnh Nghệ An,Phường Thái Hòa,Trường Tiểu học Hoà Hiếu 1,Tiểu học
Tỉnh Nghệ An,Phường Thái Hòa,Trường Trung học phổ thông Thái Hòa,THPT
Tỉnh Nghệ An,Phường Trường Vinh,"Trường Mần non Hoàng Thị Loan Bến Thủy, Thành phố Vinh",
Tỉnh Nghệ An,Phường Trường Vinh,Trường Phổ thông Hermann Gmeiner Vinh,THPT
Tỉnh Nghệ An,Phường Trường Vinh,Trường Tiểu học Bến Thuỷ,Tiểu học
Tỉnh Nghệ An,Phường Trường Vinh,Trường Tiểu học Hưng Dũng 1,Tiểu học
Tỉnh Nghệ An,Phường Trường Vinh,Trường Tiểu học Hưng Dũng 2,Tiểu học
Tỉnh Nghệ An,Phường Trường Vinh,Trường Trung học cơ sở Bến Thuỷ,THCS
Tỉnh Nghệ An,Phường Trường Vinh,Trường Trung học cơ sở Hưng Dũng,THCS
Tỉnh Nghệ An,Phường Trường Vinh,Trường Trung học cơ sở Đặng Thai Mai,THCS
Tỉnh Nghệ An,Phường Trường Vinh,Trường Trung học phổ thông Lê Viết Thuật,THPT
Tỉnh Nghệ An,Phường Trường Vinh,Trường Trung học phổ thông chuyên Phan Bội Châu,THPT
Tỉnh Nghệ An,Phường Trường Vinh,Trường mẫu giáo Hoàng Thị Loan,Mầm non
Tỉnh Nghệ An,Phường Tây Hiếu,THCS Quang Tiến,THCS
Tỉnh Nghệ An,Phường Vinh Hưng,Trường Trung học phổ thông Nguyễn Trãi,THPT
Tỉnh Nghệ An,Phường Vinh Phú,Trường Tiểu học Hà Huy Tập 1,Tiểu học
Tỉnh Nghệ An,Phường Vinh Phú,Trường Tiểu học Hà Huy Tập 2,Tiểu học
Tỉnh Nghệ An,Phường Vinh Phú,Trường Trung học cơ sở Hà Huy Tập,THCS
Tỉnh Nghệ An,Phường Vinh Phú,Trường Trung học phổ thông Nguyễn Trường Tộ,THPT
Tỉnh Nghệ An,Xã Mường Xén,Trường Trung học phổ thông Kỳ Sơn,THPT
Tỉnh Nghệ An,Xã Nghi Lộc,Trường Mầm non Nghi Trung,Mầm non
Tỉnh Nghệ An,Xã Nghi Lộc,Trường Tiểu học Nghi Trung,Tiểu học
Tỉnh Nghệ An,Xã Nghi Lộc,Trường Trung học cơ sở Nghi Trung,THCS
Tỉnh Ninh Bình,Phường Duy Tiên,Mẫu giáo Chuyên Ngoại,Mầm non
Tỉnh Ninh Bình,Phường Duy Tiên,Trường Trung học phổ thông A Duy Tiên,THPT
Tỉnh Ninh Bình,Phường Duy Tiên,Trường Trung học phổ thông Nguyễn Hữu Tiến,THPT
Tỉnh Ninh Bình,Phường Duy Tân,Trường Trung học cơ sở Châu Giang,THCS
Tỉnh Ninh Bình,Phường Hoa Lư,IQ SCHOOL,
Tỉnh Ninh Bình,Phường Hoa Lư,Thcs Đinh Tiên Hoàng,THCS
Tỉnh Ninh Bình,Phường Hoa Lư,Tiểu Học Lê Hồng Phong,Tiểu học
Tỉnh Ninh Bình,Phường Hoa Lư,Tiểu học Đinh Tiên Hoàng,Tiểu học
Tỉnh Ninh Bình,Phường Hoa Lư,Truờng Trung học cơ sở Lê Hồng Phong,THCS
Tỉnh Ninh Bình,Phường Hoa Lư,Trường Chính Trị,
Tỉnh Ninh Bình,Phường Hoa Lư,Trường Mầm Non Thanh Bình,Mầm non
Tỉnh Ninh Bình,Phường Hoa Lư,Trường Mầm Non Thúy Sơn,Mầm non
Tỉnh Ninh Bình,Phường Hoa Lư,Trường Mầm non Thị trấn Thiên Tôn,Mầm non
Tỉnh Ninh Bình,Phường Hoa Lư,Trường Tiểu Học Thanh Bình,Tiểu học
Tỉnh Ninh Bình,Phường Hoa Lư,Trường Tiểu học Thị trấn Thiên Tôn,Tiểu học
Tỉnh Ninh Bình,Phường Hoa Lư,Trường Tiểu học Tân Thành,Tiểu học
Tỉnh Ninh Bình,Phường Hoa Lư,Trường Trung học cơ sở Lý Tự Trọng,THCS
Tỉnh Ninh Bình,Phường Hoa Lư,Trường Trung học cơ sở Trường Hán Siêu,THCS
Tỉnh Ninh Bình,Phường Hoa Lư,Trường Trung học cơ sở Tân Thành,THCS
Tỉnh Ninh Bình,Phường Hoa Lư,Trường Trung học phổ thông Hoa Lư A,THPT
Tỉnh Ninh Bình,Phường Hoa Lư,Trường Trung học phổ thông Nguyễn Công Trứ,THPT
Tỉnh Ninh Bình,Phường Hoa Lư,Trường Trung học phổ thông Ninh Bình - Bạc Liêu,THPT
Tỉnh Ninh Bình,Phường Hoa Lư,Trường Trung học phổ thông chuyên Lương Văn Tụy,THPT
Tỉnh Ninh Bình,Phường Hoa Lư,Trường Trung học phổ thông Đinh Tiên Hoàng,THPT
Tỉnh Ninh Bình,Phường Hà Nam,Trường Trung học phổ thông C Phủ Lý,THPT
Tỉnh Ninh Bình,Phường Kim Bảng,Trường Trung học phổ thông A Kim Bảng,THPT
Tỉnh Ninh Bình,Phường Lê Hồ,Trường Trung học phổ thông C Kim Bảng,THPT
Tỉnh Ninh Bình,Phường Lý Thường Kiệt,Trường Trung học phổ thông Lý Thường Kiệt,THPT
Tỉnh Ninh Bình,Phường Nam Hoa Lư,Truong Thcs Ninh Hai,THCS
Tỉnh Ninh Bình,Phường Nam Hoa Lư,Trường Trung học phổ thông Trần Hưng Đạo,THPT
Tỉnh Ninh Bình,Phường Nam Định,TH Chu Văn An,Tiểu học
Tỉnh Ninh Bình,Phường Nam Định,Trường 8-3,Mầm non
Tỉnh Ninh Bình,Phường Nam Định,Trường Tiểu học Hùng Vương,Tiểu học
Tỉnh Ninh Bình,Phường Nam Định,Trường Tiểu học Kim Đồng,Tiểu học
Tỉnh Ninh Bình,Phường Nam Định,Trường Tiểu học Lê Quý Đôn,Tiểu học
Tỉnh Ninh Bình,Phường Nam Định,Trường Tiểu học Nguyễn Tất Thành,Tiểu học
Tỉnh Ninh Bình,Phường Nam Định,Trường Tiểu học Nguyễn Viết Xuân,Tiểu học
Tỉnh Ninh Bình,Phường Nam Định,Trường Tiểu học Trần Quốc Toản,Tiểu học
Tỉnh Ninh Bình,Phường Nam Định,Trường Tiểu học Trần Tế Xương,Tiểu học
Tỉnh Ninh Bình,Phường Nam Định,Trường Trung học cơ sở Hoàng Văn Thụ,THCS
Tỉnh Ninh Bình,Phường Nam Định,Trường Trung học cơ sở Lương Thế Vinh,THCS
Tỉnh Ninh Bình,Phường Nam Định,Trường Trung học cơ sở Phùng Chí Kiên,THCS
Tỉnh Ninh Bình,Phường Nam Định,Trường Trung học cơ sở Trần Bích San,THCS
Tỉnh Ninh Bình,Phường Nam Định,Trường Trung học cơ sở Tô Hiệu,THCS
Tỉnh Ninh Bình,Phường Nam Định,Trường Trung học phổ thông Nguyễn Huệ,THPT
Tỉnh Ninh Bình,Phường Nam Định,Trường Trung học phổ thông Nguyễn Khuyến,THPT
Tỉnh Ninh Bình,Phường Nam Định,Trường Trung học phổ thông Trần Hưng Đạo,THPT
Tỉnh Ninh Bình,Phường Nam Định,Trường Trung học phổ thông chuyên Lê Hồng Phong,THPT
Tỉnh Ninh Bình,Phường Nguyễn Úy,Trường Trung học phổ thông B Kim Bảng,THPT
Tỉnh Ninh Bình,Phường Phù Vân,Trường Mầm non Lê Hồng Phong,Mầm non
Tỉnh Ninh Bình,Phường Phù Vân,Trường Tiểu học Lê Hồng Phong,Tiểu học
Tỉnh Ninh Bình,Phường Phù Vân,Trường Trung học cơ sở Lê Hồng Phong,THCS
Tỉnh Ninh Bình,Phường Phù Vân,Trường Trung học phổ thông A Phủ Lý,THPT
Tỉnh Ninh Bình,Phường Phủ Lý,Trường Mầm non Hoa Sen,Mầm non
Tỉnh Ninh Bình,Phường Phủ Lý,Trường Mầm non Lương Khánh Thiện,Mầm non
Tỉnh Ninh Bình,Phường Phủ Lý,Trường Tiểu học Lương Khánh Thiện,Tiểu học
Tỉnh Ninh Bình,Phường Phủ Lý,Trường Tiểu học Minh Khai,Tiểu học
Tỉnh Ninh Bình,Phường Phủ Lý,Trường Tiểu học Trần Hưng Đạo,Tiểu học
Tỉnh Ninh Bình,Phường Phủ Lý,Trường Trung học cơ sở Lương Khánh Thiện,THCS
Tỉnh Ninh Bình,Phường Phủ Lý,Trường Trung học cơ sở Trần Phú,THCS
Tỉnh Ninh Bình,Phường Phủ Lý,Trường Trung học cơ sở Trần Quốc Toản,THCS
Tỉnh Ninh Bình,Phường Phủ Lý,Trường Trung học phổ thông B Phủ Lý,THPT
Tỉnh Ninh Bình,Phường Phủ Lý,Trường Trung học phổ thông chuyên Biên Hoà,THPT
Tỉnh Ninh Bình,Phường Tam Điệp,Trường Mầm non Việt Thắng,Mầm non
Tỉnh Ninh Bình,Phường Tam Điệp,Trường Tiểu học Trần Phú,Tiểu học
Tỉnh Ninh Bình,Phường Tam Điệp,Trường Trung học cơ sở Đồng Giao,THCS
Tỉnh Ninh Bình,Phường Tam Điệp,Trường Trung học phổ thông Nguyễn Huệ,THPT
Tỉnh Ninh Bình,Phường Thiên Trường,TH Lộc Hạ,Tiểu học
Tỉnh Ninh Bình,Phường Thiên Trường,Trường Trung học cơ sở Lộc Hạ,THCS
Tỉnh Ninh Bình,Phường Thành Nam,Trường Tiểu học Mỹ Xá,Tiểu học
Tỉnh Ninh Bình,Phường Thành Nam,Trường Trung học cơ sở Mỹ Xá,THCS
Tỉnh Ninh Bình,Phường Trung Sơn,Trường Tiểu học Lê Hồng Phong,Tiểu học
Tỉnh Ninh Bình,Phường Trung Sơn,Trường Trung học cơ sở Quang Trung,THCS
Tỉnh Ninh Bình,Phường Trung Sơn,trường Trung học phổ thông Ngô Thì Nhậm,THPT
Tỉnh Ninh Bình,Phường Trường Thi,Trường Tiểu học Lộc An,Tiểu học
Tỉnh Ninh Bình,Phường Yên Thắng,Trường Mầm non Yên Bình,Mầm non
Tỉnh Ninh Bình,Phường Yên Thắng,Trường Tiểu học Yên Bình,Tiểu học
Tỉnh Ninh Bình,Phường Đông A,Trường Tiểu học Trần Nhân Tông,Tiểu học
Tỉnh Ninh Bình,Phường Đồng Văn,Trường Trung học phổ thông B Duy Tiên,THPT
Tỉnh Ninh Bình,Xã Bình Giang,Trường Trung học phổ thông B Bình Lục,THPT
Tỉnh Ninh Bình,Xã Bình Lục,Trường Trung học phổ thông C Bình Lục,THPT
Tỉnh Ninh Bình,Xã Bình Mỹ,Trường Trung học phổ thông A Bình Lục,THPT
Tỉnh Ninh Bình,Xã Bình Sơn,Trường Trung học phổ thông Nguyễn Khuyến,THPT
Tỉnh Ninh Bình,Xã Bắc Lý,Trường Mầm non Bắc Lý,Mầm non
Tỉnh Ninh Bình,Xã Bắc Lý,Trường Mầm non Đạo Lý,Mầm non
Tỉnh Ninh Bình,Xã Bắc Lý,Trường Tiểu học Bắc Lý,Tiểu học
Tỉnh Ninh Bình,Xã Bắc Lý,Trường Tiểu học Đạo Lý,Tiểu học
Tỉnh Ninh Bình,Xã Bắc Lý,Trường Trung học cơ sở Bắc Lý,THCS
Tỉnh Ninh Bình,Xã Bắc Lý,Trường Trung học cơ sở Đạo Lý,THCS
Tỉnh Ninh Bình,Xã Bắc Lý,Trường Trung học phổ thông Bắc Lý,THPT
Tỉnh Ninh Bình,Xã Cổ Lễ,Trường Trung học phổ thông Đoàn Kết,THPT
Tỉnh Ninh Bình,Xã Giao Bình,Trường Trung học phổ thông Giao Thuỷ B,THPT
Tỉnh Ninh Bình,Xã Giao Hòa,Trường Trung học phổ thông Giao Thuỷ C,THPT
Tỉnh Ninh Bình,Xã Giao Ninh,Trường Trung học phổ thông Quất Lâm,THPT
Tỉnh Ninh Bình,Xã Giao Phúc,Trường Trung học cơ sở Giao Xuân,THCS
Tỉnh Ninh Bình,Xã Giao Thủy,Trường Trung học phổ thông Giao Thuỷ,THPT
Tỉnh Ninh Bình,Xã Hiển Khánh,Trường tiểu học xã Trung Thành,Tiểu học
Tỉnh Ninh Bình,Xã Hải Anh,Trường Tiểu học Hải Anh,Tiểu học
Tỉnh Ninh Bình,Xã Hải Anh,Trường Trung học cơ sở Hải Anh,THCS
Tỉnh Ninh Bình,Xã Hải Anh,Trường Trung học phổ thông Vũ Văn Hiếu,THPT
Tỉnh Ninh Bình,Xã Hải Hậu,Popodoo Smart English,Mầm non
Tỉnh Ninh Bình,Xã Hải Hậu,Trường Trung học phổ thông A Hải Hậu,THPT
Tỉnh Ninh Bình,Xã Hải Quang,Trường Trung học cơ sở Hải Tây,THCS
Tỉnh Ninh Bình,Xã Hải Quang,Trường tiểu học cơ sở Hải Tây,Tiểu học
Tỉnh Ninh Bình,Xã Kim Sơn,Trường Trung học phổ thông Kim Sơn B,THPT
Tỉnh Ninh Bình,Xã Liêm Hà,Trường Trung học phổ thông Lê Hoàn,THPT
Tỉnh Ninh Bình,Xã Lý Nhân,Trường Tiểu học Văn Lý,Tiểu học
Tỉnh Ninh Bình,Xã Lý Nhân,Trường Trung học cơ sở Văn Lý,THCS
Tỉnh Ninh Bình,Xã Nam Lý,Trường Trung học phổ thông Nam Lý,THPT
Tỉnh Ninh Bình,Xã Nam Minh,Trường Trung học phổ thông Nguyễn Du,THPT
Tỉnh Ninh Bình,Xã Nghĩa Hưng,Tiểu học Nghĩa Thái,Tiểu học
Tỉnh Ninh Bình,Xã Nghĩa Hưng,Trường Mầm non Thị trấn Liễu Đề,Mầm non
Tỉnh Ninh Bình,Xã Nghĩa Hưng,Trường Tiểu học Thị trấn Liễu Đề,Tiểu học
Tỉnh Ninh Bình,Xã Nghĩa Hưng,Trường Trung học cơ sở Nghĩa Hưng,THCS
Tỉnh Ninh Bình,Xã Nghĩa Hưng,Trường Trung học cơ sở Thị trấn Liễu Đề,THCS
Tỉnh Ninh Bình,Xã Nghĩa Hưng,Trường Trung học phổ thông A Nghĩa Hưng,THPT
Tỉnh Ninh Bình,Xã Nhân Hà,Trường Tiểu học Nhân Mỹ,Tiểu học
Tỉnh Ninh Bình,Xã Nhân Hà,Trường Trung học cơ sở Nhân Mỹ,THCS
Tỉnh Ninh Bình,Xã Nhân Hà,Trường Trung học phổ thông Nam Cao,THPT
Tỉnh Ninh Bình,Xã Phát Diệm,Trường Trung học cơ sở Phát Diệm B,THCS
Tỉnh Ninh Bình,Xã Phát Diệm,Trường Trung học phổ thông Kim Sơn A,THPT
Tỉnh Ninh Bình,Xã Quang Thiện,Trường Tiểu Học Quang Thiện,Tiểu học
Tỉnh Ninh Bình,Xã Quang Thiện,Trường Tiểu học Đồng Hướng,Tiểu học
Tỉnh Ninh Bình,Xã Quang Thiện,Trường Trung học cơ sở Như Hòa,THCS
Tỉnh Ninh Bình,Xã Quang Thiện,Trường Trung học cơ sở Quang Thiện,THCS
Tỉnh Ninh Bình,Xã Quang Thiện,Trường Trung học cơ sở Đồng Hướng,THCS
Tỉnh Ninh Bình,Xã Thanh Bình,Trường Trung học phổ thông A Thanh Liêm,THPT
Tỉnh Ninh Bình,Xã Thanh Liêm,Trường Trung học phổ thông B Thanh Liêm,THPT
Tỉnh Ninh Bình,Xã Trực Ninh,Trường Trung học phổ thông Nguyễn Trãi,THPT
Tỉnh Ninh Bình,Xã Tân Thanh,Trường Trung học phổ thông C Thanh Liêm,THPT
Tỉnh Ninh Bình,Xã Vĩnh Trụ,Trường Trung học phổ thông Lý Nhân,THPT
Tỉnh Ninh Bình,Xã Vạn Thắng,Trường Trung học phổ thông Đỗ Huy Liêu,THPT
Tỉnh Ninh Bình,Xã Xuân Giang,Trường Trung học phổ thông Trường Xuân C,THPT
Tỉnh Ninh Bình,Xã Xuân Hưng,Trường Trung học cơ sở Thọ Nghiệp,THCS
Tỉnh Ninh Bình,Xã Xuân Hưng,Trường Trung học phổ thông Nguyễn Trường Thuý,THPT
Tỉnh Ninh Bình,Xã Xuân Hồng,Trường Trung học phổ thông Xuân Trường,THPT
Tỉnh Ninh Bình,Xã Xuân Trường,Trường Trung học cơ sở Xuân Trường,THCS
Tỉnh Ninh Bình,Xã Xuân Trường,Trường Trung học phổ thông Xuân Trường B,THPT
Tỉnh Ninh Bình,Xã Yên Cường,Trường Trung học phổ thông Phạm Văn Nghị,THPT
Tỉnh Ninh Bình,Xã Ý Yên,Trường Mầm non Thị trấn Lâm,Mầm non
Tỉnh Ninh Bình,Xã Ý Yên,Trường Tiểu học Thị trấn Lâm,Tiểu học
Tỉnh Ninh Bình,Xã Ý Yên,Trường Trung học cơ sở Thị trấn Lâm,THCS
Tỉnh Ninh Bình,Xã Ý Yên,Trường Trung học phổ thông Tống Văn Trân,THPT
Tỉnh Ninh Bình,Xã Ý Yên,Trường Trung học phổ thông Ý Yên,THPT
Tỉnh Phú Thọ,Phường Hòa Bình,Trường Chính Trị Hòa Bình,
Tỉnh Phú Thọ,Phường Hòa Bình,Trường Trung học cơ sở Lê Quý Đôn,THCS
Tỉnh Phú Thọ,Phường Hòa Bình,Trường Trung học phổ thông Công Nghiệp,THPT
Tỉnh Phú Thọ,Phường Hòa Bình,Trường Trung học phổ thông Lạc Long Quân,THPT
Tỉnh Phú Thọ,Phường Hòa Bình,Trường Trung học phổ thông chuyên Hoàng Văn Thụ,THPT
Tỉnh Phú Thọ,Phường Nông Trang,Trường THCS Nông Trang - Phân Hiệu Minh Phương,THCS
Tỉnh Phú Thọ,Phường Nông Trang,Trường Tiểu Học Nông Trang,Tiểu học
Tỉnh Phú Thọ,Phường Nông Trang,Trường Tiểu Học Nông Trang - Phân Hiệu Minh Phương,Tiểu học
Tỉnh Phú Thọ,Phường Nông Trang,Trường Trung học cơ sở Nông Trang,THCS
Tỉnh Phú Thọ,Phường Phong Châu,Trường Mầm Non Hà Thạch,Mầm non
Tỉnh Phú Thọ,Phường Phú Thọ,Trường Phổ thông Dân tộc nội trú tỉnh Phú Thọ,THPT
Tỉnh Phú Thọ,Phường Phú Thọ,Trường Trung học phổ thông Hùng Vương,THPT
Tỉnh Phú Thọ,Phường Phú Thọ,Trường Trung học phổ thông thị xã Phú Thọ,THPT
Tỉnh Phú Thọ,Phường Phúc Yên,Trường Mầm non Trưng Nhị,Mầm non
Tỉnh Phú Thọ,Phường Phúc Yên,Trường Tiểu học Trưng Nhị,Tiểu học
Tỉnh Phú Thọ,Phường Phúc Yên,Trường Trung học cơ sở Hai Bà Trưng,THCS
Tỉnh Phú Thọ,Phường Phúc Yên,Trường Trung học cơ sở Hùng Vương,THCS
Tỉnh Phú Thọ,Phường Phúc Yên,Trường Trung học cơ sở Lê Hồng Phong,THCS
Tỉnh Phú Thọ,Phường Phúc Yên,Trường Trung học cơ sở Phúc Yên,THCS
Tỉnh Phú Thọ,Phường Phúc Yên,Trường Trung học phổ thông Bến Tre,THPT
Tỉnh Phú Thọ,Phường Phúc Yên,Trường Trung học phổ thông Hai Bà Trưng,THPT
Tỉnh Phú Thọ,Phường Thanh Miếu,Trường Trung học phổ thông Công nghiệp Việt Trì,THPT
Tỉnh Phú Thọ,Phường Thanh Miếu,Trường Trung học phổ thông Trần Phú,THPT
Tỉnh Phú Thọ,Phường Thống Nhất,Trường Mầm non Dân Chủ,Mầm non
Tỉnh Phú Thọ,Phường Thống Nhất,Trường Tiểu học & Trung học cơ sở Dân Chủ,Liên cấp
Tỉnh Phú Thọ,Phường Thống Nhất,Trường Tiểu học&Trung học cơ sở Võ Thị Sáu,Liên cấp
Tỉnh Phú Thọ,Phường Thống Nhất,Trường Trung học phổ thông Ngô Quyền,THPT
Tỉnh Phú Thọ,Phường Tân Hòa,Trường Phổ thông Dân tộc nội trú Trung học phổ thông tỉnh Hoà Bình,THPT
Tỉnh Phú Thọ,Phường Việt Trì,Mầm non Ngọc Hoa,Mầm non
Tỉnh Phú Thọ,Phường Việt Trì,Trường Phổ thông Hermann Gmeiner Việt Trì,THPT
Tỉnh Phú Thọ,Phường Việt Trì,Trường THCS Hạc Trì - Phân Hiệu Gia Cẩm,THCS
Tỉnh Phú Thọ,Phường Việt Trì,Trường THCS Hạc Trì - Phân Hiệu Minh Nông,THCS
Tỉnh Phú Thọ,Phường Việt Trì,Trường THCS Việt Trì - Phân Hiệu Dữu Lâu,THCS
Tỉnh Phú Thọ,Phường Việt Trì,Trường Tiểu Học Hạc Trì - Phân Hiệu Gia Cẩm,Tiểu học
Tỉnh Phú Thọ,Phường Việt Trì,Trường Tiểu Học Hạc Trì - Phân Hiệu Minh Nông,Tiểu học
Tỉnh Phú Thọ,Phường Việt Trì,Trường Tiểu Học Việt Trì - Phân Hiệu Dữu Lâu,Tiểu học
Tỉnh Phú Thọ,Phường Việt Trì,Trường Tiểu học Tân Dân,Tiểu học
Tỉnh Phú Thọ,Phường Việt Trì,Trường Trung học cơ sở Văn Lang,THCS
Tỉnh Phú Thọ,Phường Việt Trì,Trường Trung học phổ thông Nguyễn Tât Thành,THPT
Tỉnh Phú Thọ,Phường Việt Trì,Trường Trung học phổ thông Việt Trì,THPT
Tỉnh Phú Thọ,Phường Việt Trì,Trường Trung học phổ thông Vũ Thê Lang,THPT
Tỉnh Phú Thọ,Phường Việt Trì,Trường Trung học phổ thông chuyên Hùng Vương,THPT
Tỉnh Phú Thọ,Phường Vân Phú,Trường Trung học phổ thông Kỹ thuật Việt Trì,THPT
Tỉnh Phú Thọ,Phường Vĩnh Phúc,Trường Mầm non Ngô Quyền,Mầm non
Tỉnh Phú Thọ,Phường Vĩnh Phúc,Trường Mầm non Định Trung,Mầm non
Tỉnh Phú Thọ,Phường Vĩnh Phúc,Trường Mầm non Đống Đa,Mầm non
Tỉnh Phú Thọ,Phường Vĩnh Phúc,Trường PTTH Trần Phú,
Tỉnh Phú Thọ,Phường Vĩnh Phúc,Trường Phổ thông Liên cấp Newton Vĩnh Phúc,Liên cấp
Tỉnh Phú Thọ,Phường Vĩnh Phúc,Trường Tiểu học Kim Ngọc,Tiểu học
Tỉnh Phú Thọ,Phường Vĩnh Phúc,Trường Tiểu học Liên Bảo,Tiểu học
Tỉnh Phú Thọ,Phường Vĩnh Phúc,Trường Tiểu học Liên Minh,Tiểu học
Tỉnh Phú Thọ,Phường Vĩnh Phúc,Trường Tiểu học Ngô Quyền,Tiểu học
Tỉnh Phú Thọ,Phường Vĩnh Phúc,Trường Tiểu học Định Trung,Tiểu học
Tỉnh Phú Thọ,Phường Vĩnh Phúc,Trường Tiểu học Đống Đa,Tiểu học
Tỉnh Phú Thọ,Phường Vĩnh Phúc,Trường Trung học cơ sở Liên Bảo,THCS
Tỉnh Phú Thọ,Phường Vĩnh Phúc,Trường Trung học cơ sở Tô Hiệu,THCS
Tỉnh Phú Thọ,Phường Vĩnh Phúc,Trường Trung học cơ sở Vĩnh Yên,THCS
Tỉnh Phú Thọ,Phường Vĩnh Phúc,Trường Trung học cơ sở Định Trung,THCS
Tỉnh Phú Thọ,Phường Vĩnh Phúc,Trường Trung học phổ thông Nguyễn Thái Học,THPT
Tỉnh Phú Thọ,Phường Vĩnh Phúc,Trường Trung học phổ thông Trần Phú,THPT
Tỉnh Phú Thọ,Phường Vĩnh Phúc,Trường Trung học phổ thông chuyên Vĩnh Phúc,THPT
Tỉnh Phú Thọ,Phường Vĩnh Yên,Trường Mầm non Hội Hợp A,Mầm non
Tỉnh Phú Thọ,Phường Vĩnh Yên,Trường Mầm non Hội Hợp B,Mầm non
Tỉnh Phú Thọ,Phường Vĩnh Yên,Trường Mầm non Thanh Trù,Mầm non
Tỉnh Phú Thọ,Phường Vĩnh Yên,Trường Mầm non Đồng Tâm,Mầm non
Tỉnh Phú Thọ,Phường Vĩnh Yên,Trường Mầm non Đồng Tâm B,Mầm non
Tỉnh Phú Thọ,Phường Vĩnh Yên,Trường Tiểu học Hội Hợp A,Tiểu học
Tỉnh Phú Thọ,Phường Vĩnh Yên,Trường Tiểu học Hội Hợp B,Tiểu học
Tỉnh Phú Thọ,Phường Vĩnh Yên,Trường Tiểu học Thanh Trù,Tiểu học
Tỉnh Phú Thọ,Phường Vĩnh Yên,Trường Tiểu học Tích Sơn,Tiểu học
Tỉnh Phú Thọ,Phường Vĩnh Yên,Trường Tiểu học Đồng Tâm,Tiểu học
Tỉnh Phú Thọ,Phường Vĩnh Yên,Trường Tiểu học Đồng Tâm (khu Lạc Ý),Tiểu học
Tỉnh Phú Thọ,Phường Vĩnh Yên,Trường Trung học cơ sở Hội Hợp,THCS
Tỉnh Phú Thọ,Phường Vĩnh Yên,Trường Trung học cơ sở Thanh Trù,THCS
Tỉnh Phú Thọ,Phường Vĩnh Yên,Trường Trung học cơ sở Tích Sơn,THCS
Tỉnh Phú Thọ,Phường Vĩnh Yên,Trường Trung học cơ sở Đồng Tâm,THCS
Tỉnh Phú Thọ,Phường Vĩnh Yên,Trường Trung học phổ thông Kim Ngọc,THPT
Tỉnh Phú Thọ,Phường Vĩnh Yên,Trường Trung học phổ thông Vĩnh Yên,THPT
Tỉnh Phú Thọ,Phường Xuân Hòa,Trường Mầm non Đồng Xuân,Mầm non
Tỉnh Phú Thọ,Phường Xuân Hòa,Trường Tiểu học Xuân Hoà,Tiểu học
Tỉnh Phú Thọ,Phường Xuân Hòa,Trường Trung học cơ sở Xuân Hòa,THCS
Tỉnh Phú Thọ,Phường Xuân Hòa,Trường Trung học phổ thông Xuân Hòa,THPT
Tỉnh Phú Thọ,Xã Bao La,Trường Trung học phổ thông Mai Châu B,THPT
Tỉnh Phú Thọ,Xã Bình Nguyên,Trường Tiểu học Hương Canh B,Tiểu học
Tỉnh Phú Thọ,Xã Bình Nguyên,Trường Tiểu học Sơn Lôi B,Tiểu học
Tỉnh Phú Thọ,Xã Bình Nguyên,Trường Trung học cơ sở Sơn Lôi,THCS
Tỉnh Phú Thọ,Xã Bình Nguyên,Trường Trung học phổ thông Bình Xuyên,THPT
Tỉnh Phú Thọ,Xã Bình Phú,Trường PTCS Bình Bộ,
Tỉnh Phú Thọ,Xã Bình Phú,Trường PTCS Long Châu,
Tỉnh Phú Thọ,Xã Bình Tuyền,Trường Trung học phổ thông Nguyễn Duy Thì,THPT
Tỉnh Phú Thọ,Xã Bình Xuyên,Trường Trung học phổ thông Quang Hà,THPT
Tỉnh Phú Thọ,Xã Cao Dương,Trường Trung học phổ thông Cù Chính Lan,THPT
Tỉnh Phú Thọ,Xã Cao Phong,Trường Trung học phổ thông Cao Phong,THPT
Tỉnh Phú Thọ,Xã Chân Mộng,Trường Trung học phổ thông Chân Mộng,THPT
Tỉnh Phú Thọ,Xã Dũng Tiến,Trường mần non Xóm Chạo,
Tỉnh Phú Thọ,Xã Hiền Lương,Trường Trung học phổ thông Xuân Áng,THPT
Tỉnh Phú Thọ,Xã Hoàng Cương,Trường Trung học phổ thông Thanh Ba,THPT
Tỉnh Phú Thọ,Xã Hạ Hòa,Trường Trung học phổ thông Hạ Hoà,THPT
Tỉnh Phú Thọ,Xã Hải Lựu,Trường Mầm non Nhân Đạo,Mầm non
Tỉnh Phú Thọ,Xã Hải Lựu,Trường Trung học phổ thông Bình Sơn,THPT
Tỉnh Phú Thọ,Xã Hải Lựu,"trường PTCS xã Bạch Lưu, huyện Sông Lô, tỉnh Vĩnh Phúc",
Tỉnh Phú Thọ,Xã Hội Thịnh,Trường Trung học phổ thông Tam Dương II,THPT
Tỉnh Phú Thọ,Xã Kim Bôi,Trường Trung học phổ thông Kim Bôi,THPT
Tỉnh Phú Thọ,Xã Liên Châu,Trường Trung học phổ thông Yên Lạc 2,THPT
Tỉnh Phú Thọ,Xã Liên Hòa,Trường Trung học phổ thông Liễn Sơn,THPT
Tỉnh Phú Thọ,Xã Lâm Thao,Trường Trung học phổ thông Long Châu Sa,THPT
Tỉnh Phú Thọ,Xã Lâm Thao,Trường Trung học phổ thông Lâm Thao,THPT
Tỉnh Phú Thọ,Xã Lập Thạch,Trường Trung học phổ thông Ngô Gia Tự,THPT
Tỉnh Phú Thọ,Xã Lập Thạch,Trường Trung học phổ thông Ngô Gia Tự (cơ sở 2),THPT
Tỉnh Phú Thọ,Xã Mai Châu,Trường Phổ thông DTNT Trung học cơ sở&Trung học phổ thông huyện Mai Châu,THCS
Tỉnh Phú Thọ,Xã Mai Châu,Trường Tiểu học Thị trấn Mai Châu,Tiểu học
Tỉnh Phú Thọ,Xã Mai Châu,Trường Trung học cơ sở Thị trấn Mai Châu,THCS
Tỉnh Phú Thọ,Xã Mai Châu,Trường Trung học phổ thông Mai Châu,THPT
Tỉnh Phú Thọ,Xã Mường Động,Trường Trung học phổ thông 19-5,THPT
Tỉnh Phú Thọ,Xã Nguyệt Đức,Trường Trung học phổ thông Phạm Công Bình,THPT
Tỉnh Phú Thọ,Xã Nhân Nghĩa,Trường Trung học phổ thông Cộng Hoà,THPT
Tỉnh Phú Thọ,Xã Nật Sơn,Trường Trung học phổ thông Bắc Sơn,THPT
Tỉnh Phú Thọ,Xã Phù Ninh,Trường Mầm non Giấy Bãi Bằng,Mầm non
Tỉnh Phú Thọ,Xã Phù Ninh,Trường Tiểu học Giấy Bãi Bằng,Tiểu học
Tỉnh Phú Thọ,Xã Pà Cò,Trường Phổ thông DTNT Trung học cơ sở&Trung học phổ thông B huyện Mai Châu,THCS
Tỉnh Phú Thọ,Xã Pà Cò,Trường Tiểu học xã Pà Cò,Tiểu học
Tỉnh Phú Thọ,Xã Pà Cò,Trường Trung học cơ sở xã Pà Cò,THCS
Tỉnh Phú Thọ,Xã Sông Lô,Trường Trung học phổ thông Sông Lô,THPT
Tỉnh Phú Thọ,Xã Sơn Đông,Trường Trung học phổ thông Trần Nguyên Hãn,THPT
Tỉnh Phú Thọ,Xã Tam Dương,Trường Tiểu học Hợp Hoà B,Tiểu học
Tỉnh Phú Thọ,Xã Tam Dương,Trường Trung học phổ thông Tam Dương,THPT
Tỉnh Phú Thọ,Xã Tam Dương,Trường Trung học phổ thông Trần Hưng Đạo,THPT
Tỉnh Phú Thọ,Xã Tam Dương Bắc,Trường Trung học phổ thông Tam Đảo,THPT
Tỉnh Phú Thọ,Xã Tam Sơn,Trường Trung học phổ thông Sáng Sơn,THPT
Tỉnh Phú Thọ,Xã Tam Đảo,Trường Tiểu học & Trung học cơ sở Tam Đảo,Liên cấp
Tỉnh Phú Thọ,Xã Thanh Ba,Trường Trung học phổ thông Yển Khê,THPT
Tỉnh Phú Thọ,Xã Thái Hòa,Trường Mần non Thái Hòa,Mầm non
Tỉnh Phú Thọ,Xã Thái Hòa,Trường Trung học cơ sở Thái Hòa,THCS
Tỉnh Phú Thọ,Xã Thái Hòa,Trường Trung học phổ thông Liễn Sơn (cơ sở 2),THPT
Tỉnh Phú Thọ,Xã Thái Hòa,Trường tiểu học Thái Hòa,Tiểu học
Tỉnh Phú Thọ,Xã Tiên Lữ,Trường Trung học phổ thông Văn Quán,THPT
Tỉnh Phú Thọ,Xã Tân Lạc,Trường Trung học phổ thông Đoàn Kết,THPT
Tỉnh Phú Thọ,Xã Tây Cốc,Trường Trung học phổ thông Quế Lâm,THPT
Tỉnh Phú Thọ,Xã Tề Lỗ,Trường Trung học phổ thông Đồng Đậu,THPT
Tỉnh Phú Thọ,Xã Vĩnh Chân,Trường Trung học phổ thông Vĩnh Chân,THPT
Tỉnh Phú Thọ,Xã Vĩnh Hưng,Trường Trung học phổ thông Nguyễn Viết Xuân,THPT
Tỉnh Phú Thọ,Xã Vĩnh Phú,Trường Mầm non Vĩnh Thịnh 1,Mầm non
Tỉnh Phú Thọ,Xã Vĩnh Phú,Trường Tiểu học Vĩnh Thịnh 1,Tiểu học
Tỉnh Phú Thọ,Xã Vĩnh Phú,Trường Trung học cơ sở Vĩnh Thịnh,THCS
Tỉnh Phú Thọ,Xã Vĩnh Thành,Trường Trung học phổ thông Nguyễn Thị Giang,THPT
Tỉnh Phú Thọ,Xã Vĩnh Tường,Trường Mầm non Liên Cơ,Mầm non
Tỉnh Phú Thọ,Xã Vĩnh Tường,Trường Trung học cơ sở Vĩnh Tường,THCS
Tỉnh Phú Thọ,Xã Vĩnh Tường,Trường Trung học phổ thông Lê Xoay,THPT
Tỉnh Phú Thọ,Xã Vĩnh Tường,Trường Trung học phổ thông Đội Cấn,THPT
Tỉnh Phú Thọ,Xã Vĩnh Tường,Trường Trung học phổ thông Đội Cấn (cơ sở 2),THPT
Tỉnh Phú Thọ,Xã Vĩnh Tường,Trưởng mầm non Thị trấn Vĩnh Tường,Mầm non
Tỉnh Phú Thọ,Xã Vĩnh Tường,Trưởng tiểu học Xã Vĩnh Tường,Tiểu học
Tỉnh Phú Thọ,Xã Xuân Lãng,Trường Trung học cơ sở Nguyễn Duy Thì,THCS
Tỉnh Phú Thọ,Xã Xuân Lãng,Trường Trung học phổ thông Võ Thị Sáu,THPT
Tỉnh Phú Thọ,Xã Yên Lạc,Trường Trung học phổ thông Yên Lạc,THPT
Tỉnh Phú Thọ,Xã Yên Thủy,Trường mầm non Lạc Thịnh,Mầm non
Tỉnh Phú Thọ,Xã Đoan Hùng,Trường Trung học phổ thông Đoan Hùng,THPT
Tỉnh Phú Thọ,Xã Đà Bắc,Trường Phổ thông Dân tộc nội trú Trung học cơ sở&Trung học phổ thông huyện Đà Bắc,THCS
Tỉnh Phú Thọ,Xã Đà Bắc,Trường Trung học phổ thông Đà Bắc,THPT
Tỉnh Phú Thọ,Xã Đại Đình,Trường Trung học phổ thông Tam Đảo II,THPT
Tỉnh Phú Thọ,Xã Đại Đồng,Trường Trung học phổ thông Đại Đồng,THPT
Tỉnh Quảng Ngãi,Phường Cẩm Thành,Trường Trung học cơ sở Chánh Lộ,THCS
Tỉnh Quảng Ngãi,Phường Cẩm Thành,Trừòng Tiểu học Nguyễn Nghiêm,Tiểu học
Tỉnh Quảng Ngãi,Phường Kon Tum,Phân hiệu Trường Tiểu học Hoàng Văn Thụ,Tiểu học
Tỉnh Quảng Ngãi,Phường Kon Tum,Phân hiệu Trường Tiểu học Kon Tum,Tiểu học
Tỉnh Quảng Ngãi,Phường Kon Tum,Phân hiệu Trường Tiểu học Ngô Quyền,Tiểu học
Tỉnh Quảng Ngãi,Phường Kon Tum,Phân hiệu Trường Tiểu học Phan Đình Phùng,Tiểu học
Tỉnh Quảng Ngãi,Phường Kon Tum,Trường Chính Trị Tỉnh Kon Tum,
Tỉnh Quảng Ngãi,Phường Kon Tum,Trường Mầm Non Sơn Ca,Mầm non
Tỉnh Quảng Ngãi,Phường Kon Tum,Trường Mầm non Hoa Phượng,Mầm non
Tỉnh Quảng Ngãi,Phường Kon Tum,Trường Mầm non Hoa Thạch Thảo,Mầm non
Tỉnh Quảng Ngãi,Phường Kon Tum,Trường Tiểu Học Thực Hành Sư Phạm Nguỵ Như Kon Tum,Tiểu học
Tỉnh Quảng Ngãi,Phường Kon Tum,Trường Tiểu học Lê Hồng Phong,Tiểu học
Tỉnh Quảng Ngãi,Phường Kon Tum,Trường Tiểu học Ngô Quyền,Tiểu học
Tỉnh Quảng Ngãi,Phường Kon Tum,Trường Tiểu học Phan Đình Phùng,Tiểu học
Tỉnh Quảng Ngãi,Phường Kon Tum,Trường Tiểu học và THCS Kon Tum,Liên cấp
Tỉnh Quảng Ngãi,Phường Kon Tum,Trường Trung học cơ sở - Thực hành Sư phạm Lý Tự Trọng,THCS
Tỉnh Quảng Ngãi,Phường Kon Tum,Trường Trung học cơ sở Kon Tum,THCS
Tỉnh Quảng Ngãi,Phường Kon Tum,Trường Trung học phổ thông Kon Tum,THPT
Tỉnh Quảng Ngãi,Phường Kon Tum,Trường Trung học phổ thông Trường Chinh,THPT
Tỉnh Quảng Ngãi,Phường Kon Tum,Trường Trung học phổ thông chuyên Nguyễn Tất Thành,THPT
Tỉnh Quảng Ngãi,Phường Kon Tum,Trường mầm non Sunny,Mầm non
Tỉnh Quảng Ngãi,Phường Nghĩa Lộ,Trường Trung học phổ thông Chuyên Lê Khiết,THPT
Tỉnh Quảng Ngãi,Phường Trà Câu,Tr ường Mẫu giáo Hội An 1,Mầm non
Tỉnh Quảng Ngãi,Phường Trà Câu,Tr ường Mẫu giáo Phổ An,Mầm non
Tỉnh Quảng Ngãi,Phường Trà Câu,Trường Mẫu giáo Phổ Quang,Mầm non
Tỉnh Quảng Ngãi,Phường Trà Câu,Trường Tiểu học Phổ An,Tiểu học
Tỉnh Quảng Ngãi,Phường Trà Câu,Trường Tiểu học Phổ Quang,Tiểu học
Tỉnh Quảng Ngãi,Phường Trà Câu,Trường Trung học Cơ sở Phổ An,THCS
Tỉnh Quảng Ngãi,Phường Trà Câu,Trường Trung học Cơ sở Phổ Quang,THCS
Tỉnh Quảng Ngãi,Phường Đăk Bla,Trường TH - THCS Lê Lợi,Liên cấp
Tỉnh Quảng Ngãi,Phường Đăk Bla,Trường THCS Chu Văn An,THCS
Tỉnh Quảng Ngãi,Phường Đăk Bla,Trường THPT Lê Lợi,THPT
Tỉnh Quảng Ngãi,Phường Đăk Bla,Trường Tiểu Học Nguyễn Trãi,Tiểu học
Tỉnh Quảng Ngãi,Phường Đăk Bla,Trường Trung học cơ sở - Trung học phổ thông Liên Việt Kon Tum,THCS
Tỉnh Quảng Ngãi,Phường Đăk Cấm,Trường THPT Ngô Mây,THPT
Tỉnh Quảng Ngãi,Phường Đăk Cấm,Trường Tiểu Học Lê Văn Tám,Tiểu học
Tỉnh Quảng Ngãi,Phường Đức Phổ,Trường Trung học phổ thông Lương Thế Vinh,THPT
Tỉnh Quảng Ngãi,Phường Đức Phổ,Trường Trung học phổ thông số 1 Đức Phổ,THPT
Tỉnh Quảng Ngãi,Xã Bình Sơn,Trường THPT Bình Sơn,THPT
Tỉnh Quảng Ngãi,Xã Bình Sơn,Trường THPT Lê Quý Đôn,THPT
Tỉnh Quảng Ngãi,Xã Bình Sơn,Trường Tiểu học Bình Trung,Tiểu học
Tỉnh Quảng Ngãi,Xã Bình Sơn,Trường Tiểu học số 1 Thị trấn Châu Ổ,Tiểu học
Tỉnh Quảng Ngãi,Xã Ia Chim,Trường Mầm Non Tuổi Ngọc,Mầm non
Tỉnh Quảng Ngãi,Xã Ia Chim,Trường TH-THCS Ia Chim (Bậc THCS),Liên cấp
Tỉnh Quảng Ngãi,Xã Ia Chim,Trường TH-THCS Ia Chim (Bậc Tiểu học),Liên cấp
Tỉnh Quảng Ngãi,Xã Ia Chim,Trường THCS Lý Thường Kiệt,THCS
Tỉnh Quảng Ngãi,Xã Ia Chim,Trường THPT Phan Bội Châu,THPT
Tỉnh Quảng Ngãi,Xã Kon Braih,Dak Tre,Mầm non
Tỉnh Quảng Ngãi,Xã Kon Braih,Trường Tiểu học Tân Lập,Tiểu học
Tỉnh Quảng Ngãi,Xã Kon Braih,Trường Trung học phổ thông Chu Văn An,THPT
Tỉnh Quảng Ngãi,Xã Lân Phong,Trường Mầm non Đức Phong.,Mầm non
Tỉnh Quảng Ngãi,Xã Lân Phong,Trường Tiểu học Thạch Thang,Tiểu học
Tỉnh Quảng Ngãi,Xã Lân Phong,Trường Tiểu học-Trung học cơ sở Bắc Phong,Liên cấp
Tỉnh Quảng Ngãi,Xã Lân Phong,Trường Tiểu học-Trung học cơ sở Bắc Phong (Cơ sở 2),Liên cấp
Tỉnh Quảng Ngãi,Xã Lân Phong,Trường Trung học phổ thông Trần Quang Diệu,THPT
Tỉnh Quảng Ngãi,Xã Măng Đen,Trường Mầm non-Tiểu học Măng Cành (điểm trường thôn Măng Cành),Mầm non
Tỉnh Quảng Ngãi,Xã Măng Đen,Trường Phổ thông Dân tộc Nội trú Kon Plông,THPT
Tỉnh Quảng Ngãi,Xã Măng Đen,Trường Trung học cơ sở Măng Đen,THCS
Tỉnh Quảng Ngãi,Xã Nghĩa Hành,Trường Trung học phổ thông số 1 Nghĩa Hành,THPT
Tỉnh Quảng Ngãi,Xã Nguyễn Nghiêm,Trường trung học cơ sở Phổ Phong,THCS
Tỉnh Quảng Ngãi,Xã Ngọk Bay,Trường THCS Hàm Nghi,THCS
Tỉnh Quảng Ngãi,Xã Sơn Hạ,Trường Mầm non 17/3,Mầm non
Tỉnh Quảng Ngãi,Xã Sơn Hạ,Trường THPT Sơn Hà,THPT
Tỉnh Quảng Ngãi,Xã Sơn Hạ,Trường Tiểu Học Thị Trấn Di Lăng Số 1,Tiểu học
Tỉnh Quảng Ngãi,Xã Sơn Tây,Trường PTDT Bán Trú TH & THCS Sơn Long,Liên cấp
Tỉnh Quảng Ngãi,Xã Sơn Tây,Trường THPT Đinh Tiên Hoàng,THPT
Tỉnh Quảng Ngãi,Xã Sơn Tây Thượng,Trường Mầm non Hoa Pơ - Niêng,Mầm non
Tỉnh Quảng Ngãi,Xã Sơn Tây Thượng,Trường Đinh Thanh Kháng,
Tỉnh Quảng Ngãi,Xã Sơn Tịnh,Trường Tiểu học Tịnh Bình,Tiểu học
Tỉnh Quảng Ngãi,Xã Thọ Phong,Trường tiểu học,Tiểu học
Tỉnh Quảng Ngãi,Xã Tư Nghĩa,Trường Tiểu học và Trung học cơ sở La Hà,Liên cấp
Tỉnh Quảng Ngãi,Xã Đăk Rve,Trường Tiểu học số 1 Đăk Rve,Tiểu học
Tỉnh Quảng Ngãi,Xã Đăk Rve,Trường Tiểu học số 2 Đăk Rve,Tiểu học
Tỉnh Quảng Ngãi,Xã Đăk Rve,Trường Trung học cơ sở Thị trấn Đăk Rve,THCS
Tỉnh Quảng Ngãi,Xã Đăk Tô,Trường Mầm non Sao Mai,Mầm non
Tỉnh Quảng Ngãi,Xã Đăk Tô,Trường THCS Lương Thế Vinh,THCS
Tỉnh Quảng Ngãi,Xã Đăk Tô,Trường THPT Nguyễn Văn Cừ,THPT
Tỉnh Quảng Ngãi,Xã Đăk Tô,Trường Tiểu Học Lê Quý Đôn,Tiểu học
Tỉnh Quảng Ngãi,Xã Đăk Tô,Trường Tiểu học Nguyễn Bá Ngọc,Tiểu học
Tỉnh Quảng Trị,Phường Ba Đồn,Trường Mầm non Quảng Phong,Mầm non
Tỉnh Quảng Trị,Phường Ba Đồn,Trường Tiểu học Quảng Phong,Tiểu học
Tỉnh Quảng Trị,Phường Nam Đông Hà,Trường THPT Chuyên Lê Quý Đôn,THPT
Tỉnh Quảng Trị,Phường Nam Đông Hà,Trường Tiểu học Đông Lễ,Tiểu học
Tỉnh Quảng Trị,Phường Nam Đông Hà,Trường Trung học cơ sở Nguyễn Tri Phương,THCS
Tỉnh Quảng Trị,Phường Nam Đông Hà,Trường Trung học phổ thông số 1 Lê Lợi,THPT
Tỉnh Quảng Trị,Phường Nam Đông Hà,iSchool Quảng Trị,
Tỉnh Quảng Trị,Phường Quảng Trị,Trường Trung học phổ thông Quảng Trị,THPT
Tỉnh Quảng Trị,Phường Đông Hà,Trường THCS Trần Hưng Đạo,THCS
Tỉnh Quảng Trị,Phường Đông Hà,Trường Tiểu học Hùng Vương,Tiểu học
Tỉnh Quảng Trị,Phường Đông Hà,Trường Trung học phổ thông Đông Hà,THPT
Tỉnh Quảng Trị,Phường Đồng Hới,Trường Trung học cơ sở Hải Đình,THCS
Tỉnh Quảng Trị,Phường Đồng Hới,Trường Trung học cơ sở Số 2 Nam Lý,THCS
Tỉnh Quảng Trị,Phường Đồng Hới,Trường Trung học cơ sở Đồng Phú,THCS
Tỉnh Quảng Trị,Phường Đồng Hới,Trường Trung học cơ sở Đức Ninh Đông,THCS
Tỉnh Quảng Trị,Phường Đồng Hới,Trường Trung học cơ sở-Trung học phổ thông Chu Văn An,THCS
Tỉnh Quảng Trị,Phường Đồng Hới,Trường Trung học phổ thông Phan Đình Phùng,THPT
Tỉnh Quảng Trị,Phường Đồng Hới,Trường Trung học phổ thông chuyên Võ Nguyên Giáp,THPT
Tỉnh Quảng Trị,Phường Đồng Hới,Trường Trung học phổ thông Đào Duy Từ,THPT
Tỉnh Quảng Trị,Phường Đồng Sơn,Trường Trung học phổ thông Đồng Hới,THPT
Tỉnh Quảng Trị,Phường Đồng Thuận,Trường Trung học cơ sở số 1 Bắc Lý,THCS
Tỉnh Quảng Trị,Phường Đồng Thuận,Trường Trung học cơ sở số 2 Bắc Lý,THCS
Tỉnh Quảng Trị,Xã Hướng Phùng,Trường PTDTBT Trung học cơ sở Hướng Phùng,THCS
Tỉnh Quảng Trị,Xã Hướng Phùng,Trường Trung học phổ thông Hướng Phùng,THPT
Tỉnh Quảng Trị,Xã Khe Sanh,Trường Mầm non Bình Minh,Mầm non
Tỉnh Quảng Trị,Xã Khe Sanh,Trường PTDTNT Hướng Hóa,
Tỉnh Quảng Trị,Xã Khe Sanh,Trường Tiểu học số 1 Khe Sanh,Tiểu học
Tỉnh Quảng Trị,Xã Khe Sanh,Trường Tiểu học số 2 Khe Sanh,Tiểu học
Tỉnh Quảng Trị,Xã Khe Sanh,Trường Trung học cơ sở Khe Sanh,THCS
Tỉnh Quảng Trị,Xã Khe Sanh,Trường Trung học phổ thông Hướng Hóa,THPT
Tỉnh Quảng Trị,Xã Lìa,Trường Tiểu học A Túc,Tiểu học
Tỉnh Quảng Trị,Xã Lìa,Trường Trung học cơ sở A Túc,THCS
Tỉnh Quảng Trị,Xã Lìa,Trường Trung học phổ thông A Túc,THPT
Tỉnh Quảng Trị,Xã Lệ Ninh,Trường Mầm non Lệ Ninh,Mầm non
Tỉnh Quảng Trị,Xã Lệ Ninh,Trường Tiểu học Lệ Ninh,Tiểu học
Tỉnh Quảng Trị,Xã Lệ Ninh,Trường Trung học cơ sở Lệ Ninh,THCS
Tỉnh Quảng Trị,Xã Lệ Ninh,Trường Trung học phổ thông Hoàng Hoa Thám,THPT
Tỉnh Quảng Trị,Xã Nam Cửa Việt,Trường Trung học cơ sở Triệu Phước,THCS
Tỉnh Quảng Trị,Xã Nam Gianh,Trường Tiểu học Quảng Minh,Tiểu học
Tỉnh Quảng Trị,Xã Nam Gianh,Trường Trung học Cơ sở Quảng Minh,THCS
Tỉnh Quảng Trị,Xã Ninh Châu,Trường Mầm non Hải Ninh,Mầm non
Tỉnh Quảng Trị,Xã Ninh Châu,Trường Tiểu học Hải Ninh,Tiểu học
Tỉnh Quảng Trị,Xã Ninh Châu,Trường Trung học cơ sở Hải Ninh,THCS
Tỉnh Quảng Trị,Xã Quảng Trạch,Trường Trung học phổ thông Nguyễn Bỉnh Khiêm,THPT
Tỉnh Quảng Trị,Xã Triệu Phong,Trường Tiểu học Triệu Thành,Tiểu học
Tỉnh Quảng Trị,Xã Triệu Phong,Trường Trung học cơ sở Triệu Thành,THCS
Tỉnh Quảng Trị,Xã Tuyên Hóa,Trường Trung học cơ sở Châu Hóa,THCS
Tỉnh Quảng Trị,Xã Tuyên Hóa,Trường mầm non Châu Hóa,Mầm non
Tỉnh Quảng Trị,Xã Tuyên Hóa,Trường tiểu học Châu Hóa,Tiểu học
Tỉnh Quảng Trị,Xã Tân Gianh,Trường Tiểu học Phù Hóa,Tiểu học
Tỉnh Quảng Trị,Xã Tân Gianh,Trường Trung học cơ sở Phù Hóa,THCS
Tỉnh Quảng Trị,Xã Tân Lập,Trường Mầm non Tân Liên,Mầm non
Tỉnh Quảng Trị,Xã Tân Lập,Trường Tiểu học Tân Liên,Tiểu học
Tỉnh Quảng Trị,Xã Tân Lập,Trường Trung học cơ sở Tân Liên,THCS
Tỉnh Sơn La,Phường Chiềng Sinh,Trường Phổ thông Dân tộc Nội trú tỉnh Sơn La,THPT
Tỉnh Sơn La,Phường Chiềng Sinh,Trường Tiểu học Kim Đồng,Tiểu học
Tỉnh Sơn La,Phường Chiềng Sinh,Trường Trung học phổ thông chuyên Sơn La,THPT
Tỉnh Sơn La,Phường Mộc Sơn,Trường PTDTNT Trung học cơ sở & Trung học phổ thông Mộc Châu,THCS
Tỉnh Sơn La,Phường Tô Hiệu,Trường Trung học cơ sở Quyết Thắng,THCS
Tỉnh Sơn La,Xã Bắc Yên,Trường PTDTNT Trung học cơ sở & Trung học phổ thông Bắc Yên,THCS
Tỉnh Sơn La,Xã Phù Yên,Trường PTDTNT Trung học cơ sở & Trung học phổ thông Phù Yên,THCS
Tỉnh Thanh Hóa,Phường Bỉm Sơn,Trường Trung học phổ thông Bỉm Sơn,THPT
Tỉnh Thanh Hóa,Phường Bỉm Sơn,Trường Trung học phổ thông Lê Hồng Phong,THPT
Tỉnh Thanh Hóa,Phường Hạc Thành,Lam Son highschool,
Tỉnh Thanh Hóa,Phường Hạc Thành,Trường Mầm non Đông Sơn,Mầm non
Tỉnh Thanh Hóa,Phường Hạc Thành,Trường Trung học phổ thông Dân tộc nội trú tỉnh Thanh Hóa,THPT
Tỉnh Thanh Hóa,Phường Hạc Thành,Trường Trung học phổ thông Hàm Rồng,THPT
Tỉnh Thanh Hóa,Phường Hạc Thành,Trường Trung học phổ thông Lý Thường Kiệt,THPT
Tỉnh Thanh Hóa,Phường Hạc Thành,Trường Trung học phổ thông Tô Hiến Thành,THPT
Tỉnh Thanh Hóa,Phường Hạc Thành,Trường Trung học phổ thông chuyên Lam Sơn,THPT
Tỉnh Thanh Hóa,Phường Hải Bình,Trường Trung học phổ thông Tĩnh Gia 3,THPT
Tỉnh Thanh Hóa,Phường Nam Sầm Sơn,Trường Trung học phổ thông Chu Văn An,THPT
Tỉnh Thanh Hóa,Phường Nghi Sơn,Trường TIểu học Nghi Sơn,Tiểu học
Tỉnh Thanh Hóa,Phường Nghi Sơn,Trường Tiểu học Hải Thượng,Tiểu học
Tỉnh Thanh Hóa,Phường Nghi Sơn,Trường Trung học cơ sở & Trung học phổ thông Nghi Sơn,THCS
Tỉnh Thanh Hóa,Phường Nghi Sơn,Trường Trung học cơ sở Nghi Sơn,THCS
Tỉnh Thanh Hóa,Phường Ngọc Sơn,Trường Trung học phổ thông Tĩnh Gia 2,THPT
Tỉnh Thanh Hóa,Phường Quảng Phú,"Trường Tiểu học, Trung học cơ sở & Trung học phổ thông Hồng Đức",Liên cấp
Tỉnh Thanh Hóa,Phường Quảng Phú,Trường Trung học phổ thông Nguyễn Huệ,THPT
Tỉnh Thanh Hóa,Phường Sầm Sơn,Trường Mầm non Ánh Dương,Mầm non
Tỉnh Thanh Hóa,Phường Sầm Sơn,Trường Tiểu Học Trường Sơn,Tiểu học
Tỉnh Thanh Hóa,Phường Sầm Sơn,Trường Trung học cơ sở Bắc Sơn,THCS
Tỉnh Thanh Hóa,Phường Sầm Sơn,Trường Trung học cơ sở Nguyễn Hồng Lễ,THCS
Tỉnh Thanh Hóa,Phường Sầm Sơn,Trường Trung học cơ sở Trường Sơn,THCS
Tỉnh Thanh Hóa,Phường Sầm Sơn,Trường Trung học phổ thông Nguyễn Thị Lợi,THPT
Tỉnh Thanh Hóa,Phường Sầm Sơn,Trường Trung học phổ thông Sầm Sơn,THPT
Tỉnh Thanh Hóa,Phường Tân Dân,Trường Trung học phổ thông Tĩnh Gia 4,THPT
Tỉnh Thanh Hóa,Phường Tĩnh Gia,Trường Mầm non Hải Hoà,Mầm non
Tỉnh Thanh Hóa,Phường Tĩnh Gia,Trường Mầm non Thị Trấn,Mầm non
Tỉnh Thanh Hóa,Phường Tĩnh Gia,Trường Tiểu học - Trung học cơ sở Lương Chí,Liên cấp
Tỉnh Thanh Hóa,Phường Tĩnh Gia,Trường Tiểu học Hải Hoà,Tiểu học
Tỉnh Thanh Hóa,Phường Tĩnh Gia,Trường Tiểu học Thị Trấn,Tiểu học
Tỉnh Thanh Hóa,Phường Tĩnh Gia,Trường Trung học cơ sở Hải Hoà,THCS
Tỉnh Thanh Hóa,Phường Tĩnh Gia,Trường Trung học cơ sở Thị Trấn,THCS
Tỉnh Thanh Hóa,Phường Tĩnh Gia,Trường Trung học phổ thông Tĩnh Gia 1,THPT
Tỉnh Thanh Hóa,Phường Đào Duy Từ,Trường Mầm non Hải Yến,Mầm non
Tỉnh Thanh Hóa,Phường Đào Duy Từ,Trường Tiểu học và Trung học cơ sở Hải Yến,Liên cấp
Tỉnh Thanh Hóa,Phường Đông Quang,Trường Trung học phổ thông Đông Sơn 2,THPT
Tỉnh Thanh Hóa,Phường Đông Sơn,Trường Phổ thông Nguyễn Mộng Tuân,THPT
Tỉnh Thanh Hóa,Phường Đông Sơn,Trường Trung học cơ sở Nguyễn Chích,THCS
Tỉnh Thanh Hóa,Phường Đông Sơn,Trường Trung học phổ thông Đông Sơn 1,THPT
Tỉnh Thanh Hóa,Xã Bá Thước,Trường Trung học phổ thông Bá Thước,THPT
Tỉnh Thanh Hóa,Xã Cẩm Thạch,Trường Trung học phổ thông Cẩm Thuỷ 3,THPT
Tỉnh Thanh Hóa,Xã Cẩm Thủy,Trường Trung học phổ thông Cẩm Thuỷ 1,THPT
Tỉnh Thanh Hóa,Xã Cẩm Tân,Trường Trung học phổ thông Cẩm Thuỷ 2,THPT
Tỉnh Thanh Hóa,Xã Hoằng Hóa,Trường Trung học phổ thông Lương Đắc Bằng,THPT
Tỉnh Thanh Hóa,Xã Hoằng Phú,Trường Trung học phổ thông Hoằng Hóa (cơ sở 2),THPT
Tỉnh Thanh Hóa,Xã Hoằng Phú,Trường Trung học phổ thông Hoằng Hóa 2,THPT
Tỉnh Thanh Hóa,Xã Hoằng Thanh,Trường Trung học phổ thông Hoằng Hóa,THPT
Tỉnh Thanh Hóa,Xã Hoằng Thanh,Trường Trung học phổ thông Hoằng Hóa 3,THPT
Tỉnh Thanh Hóa,Xã Kim Tân,Trường Trung học cơ sở dân tộc nội trú Thạch Thành,THCS
Tỉnh Thanh Hóa,Xã Lam Sơn,Trường Mầm non Thị trấn Lam Sơn,Mầm non
Tỉnh Thanh Hóa,Xã Lam Sơn,Trường Tiểu học Thị trấn Lam Sơn,Tiểu học
Tỉnh Thanh Hóa,Xã Lam Sơn,Trường Trung học cơ sở Thị trấn Lam Sơn,THCS
Tỉnh Thanh Hóa,Xã Lam Sơn,Trường Trung học phổ thông Lam Kinh,THPT
Tỉnh Thanh Hóa,Xã Lam Sơn,Trường Trung học phổ thông Thọ Xuân 5,THPT
Tỉnh Thanh Hóa,Xã Lưu Vệ,Trường Mầm non Thị trấn Tân Phong,Mầm non
Tỉnh Thanh Hóa,Xã Lưu Vệ,Trường Trung học cơ sở Nguyễn Du,THCS
Tỉnh Thanh Hóa,Xã Lưu Vệ,Trường Trung học phổ thông Quảng Xương 1,THPT
Tỉnh Thanh Hóa,Xã Nga Sơn,Trường Trung học phổ thông Trần Phú,THPT
Tỉnh Thanh Hóa,Xã Ngọc Lặc,Trường Trung học phổ thông Ngọc Lặc,THPT
Tỉnh Thanh Hóa,Xã Pù Luông,Trường Trung học cơ sở và Trung học phổ thông Bá Thước,THCS
Tỉnh Thanh Hóa,Xã Quý Lương,Trường Mầm Non Lương Nội,Mầm non
Tỉnh Thanh Hóa,Xã Quý Lộc,Trường Tiểu học Quý Lộc,Tiểu học
Tỉnh Thanh Hóa,Xã Quý Lộc,Trường Trung học cơ sở Quý Lộc,THCS
Tỉnh Thanh Hóa,Xã Quảng Bình,TrườngTrung học phổ thông Đặng Thai Mai,THPT
Tỉnh Thanh Hóa,Xã Quảng Ngọc,Trường Trung học phổ thông Quảng Xương 2,THPT
Tỉnh Thanh Hóa,Xã Thiệu Trung,Trường Trung học phổ thông Lê Văn Hưu,THPT
Tỉnh Thanh Hóa,Xã Thạch Bình,Trường Tiểu học Thạch Cẩm 1,Tiểu học
Tỉnh Thanh Hóa,Xã Thạch Bình,Trường Trung học cơ sở Thạch Bình,THCS
Tỉnh Thanh Hóa,Xã Thạch Bình,Trường Trung học cơ sở Thạch Cẩm,THCS
Tỉnh Thanh Hóa,Xã Thạch Bình,Trường Trung học cơ sở Thạch Sơn,THCS
Tỉnh Thanh Hóa,Xã Thạch Bình,Trường Trung học phổ thông Thạch Thành 2,THPT
Tỉnh Thanh Hóa,Xã Thạch Bình,Trường mầm non Thạch Bình,Mầm non
Tỉnh Thanh Hóa,Xã Thạch Bình,Trường mầm non Thạch Cẩm,Mầm non
Tỉnh Thanh Hóa,Xã Thạch Bình,Trường mần non Liên Sơn,Mầm non
Tỉnh Thanh Hóa,Xã Thạch Bình,Trường tiểu học Thạch Bình,Tiểu học
Tỉnh Thanh Hóa,Xã Thạch Bình,Trường tiểu học Thạch Cẩm 2,Tiểu học
Tỉnh Thanh Hóa,Xã Thạch Bình,Trường tiểu học Thạch Sơn,Tiểu học
Tỉnh Thanh Hóa,Xã Thạch Quảng,Trường Trung học cơ sở Thạch Lâm,THCS
Tỉnh Thanh Hóa,Xã Thọ Xuân,Trường Trung học phổ thông Lê Lợi,THPT
Tỉnh Thanh Hóa,Xã Tiên Trang,Trường Trung học phổ thông Quảng Xương 4,THPT
Tỉnh Thanh Hóa,Xã Vĩnh Lộc,Trường Trung học phổ thông Vĩnh Lộc,THPT
Tỉnh Thanh Hóa,Xã Xuân Lập,Trường Trung học cơ sở Xuân Tân,THCS
Tỉnh Thanh Hóa,Xã Điền Lư,Trường Tiểu học Điền Trung,Tiểu học
Tỉnh Thanh Hóa,Xã Điền Lư,Trường Trung học cơ sở Điền Trung,THCS
Tỉnh Thanh Hóa,Xã Điền Lư,Trường Trung học phổ thông Hà Văn Mao,THPT
Tỉnh Thái Nguyên,Phường Bá Xuyên,Trường Trung học cơ sở Nguyễn Du,THCS
Tỉnh Thái Nguyên,Phường Bá Xuyên,Trường Trung học cơ sở xã Bá Xuyên,THCS
Tỉnh Thái Nguyên,Phường Bá Xuyên,Trường mầm non Hoa Sen,Mầm non
Tỉnh Thái Nguyên,Phường Bá Xuyên,Trường mầm non Vinh Sơn,Mầm non
Tỉnh Thái Nguyên,Phường Bá Xuyên,Trường mầm non xã Bá Xuyên,Mầm non
Tỉnh Thái Nguyên,Phường Bá Xuyên,Trường tiểu học Vinh Sơn,Tiểu học
Tỉnh Thái Nguyên,Phường Bá Xuyên,Trường tiểu học xã Bá Xuyên,Tiểu học
Tỉnh Thái Nguyên,Phường Bách Quang,Trường Tiểu học Linh Sơn,Tiểu học
Tỉnh Thái Nguyên,Phường Bách Quang,Trường Trung học cơ sở Bách Quang,THCS
Tỉnh Thái Nguyên,Phường Bách Quang,Trường Trung học cơ sở Lương Sơn,THCS
Tỉnh Thái Nguyên,Phường Bắc Kạn,Trường Trung học phổ thông Bắc Kạn,THPT
Tỉnh Thái Nguyên,Phường Bắc Kạn,Trường Trung học phổ thông chuyên Bắc Kạn,THPT
Tỉnh Thái Nguyên,Phường Gia Sàng,Trường Tiểu học Hương Sơn,Tiểu học
Tỉnh Thái Nguyên,Phường Gia Sàng,Trường Trung học cơ sở Hương Sơn,THCS
Tỉnh Thái Nguyên,Phường Linh Sơn,Trường Mầm non Chùa Hang,Mầm non
Tỉnh Thái Nguyên,Phường Linh Sơn,Trường Mầm non Núi Voi,Mầm non
Tỉnh Thái Nguyên,Phường Linh Sơn,Trường Tiểu học Chiến Thắng,Tiểu học
Tỉnh Thái Nguyên,Phường Linh Sơn,Trường Tiểu học Núi Voi,Tiểu học
Tỉnh Thái Nguyên,Phường Linh Sơn,Trường Trung học cơ sở Chùa Hang I,THCS
Tỉnh Thái Nguyên,Phường Linh Sơn,Trường Trung học cơ sở Chùa Hang II,THCS
Tỉnh Thái Nguyên,Phường Linh Sơn,Trường Trung học cơ sở Đồng Bẩm,THCS
Tỉnh Thái Nguyên,Phường Linh Sơn,Trường Trung học phổ thông Đồng Hỷ,THPT
Tỉnh Thái Nguyên,Phường Linh Sơn,Trường mầm non Linh Sơn,Mầm non
Tỉnh Thái Nguyên,Phường Linh Sơn,Trường tiểu học Huống Thượng,Tiểu học
Tỉnh Thái Nguyên,Phường Phan Đình Phùng,Trường Tiểu học Trưng Vương,Tiểu học
Tỉnh Thái Nguyên,Phường Phan Đình Phùng,Trường Trung học cơ sở Chu Văn An,THCS
Tỉnh Thái Nguyên,Phường Phan Đình Phùng,Trường Trung học cơ sở Nha Trang,THCS
Tỉnh Thái Nguyên,Phường Phan Đình Phùng,Trường Trung học cơ sở Trưng Vương,THCS
Tỉnh Thái Nguyên,Phường Phan Đình Phùng,Trường Trung học phổ thông Lương Ngọc Quyến,THPT
Tỉnh Thái Nguyên,Phường Phan Đình Phùng,Trường Trung học phổ thông Thái Nguyên,THPT
Tỉnh Thái Nguyên,Phường Phan Đình Phùng,Trường Trung học phổ thông chuyên Thái Nguyên,THPT
Tỉnh Thái Nguyên,Phường Phổ Yên,Trường Trung học cơ sở Đỗ Cận,THCS
Tỉnh Thái Nguyên,Phường Phổ Yên,Trường Trung học phổ thông Lê Hồng Phong,THPT
Tỉnh Thái Nguyên,Phường Quan Triều,Trường Trung học phổ thông Khánh Hòa,THPT
Tỉnh Thái Nguyên,Phường Quyết Thắng,Trường Phổ thông Vùng Cao Việt Bắc,THPT
Tỉnh Thái Nguyên,Phường Sông Công,Trường Trung học cơ sở Thắng Lợi,THCS
Tỉnh Thái Nguyên,Phường Sông Công,Trường Trung học phổ thông Lương Thế Vinh,THPT
Tỉnh Thái Nguyên,Phường Sông Công,Trường Trung học phổ thông Sông Công,THPT
Tỉnh Thái Nguyên,Phường Sông Công,Trường tiểu học Lý Tự Trọng,Tiểu học
Tỉnh Thái Nguyên,Phường Sông Công,Trường tiểu học Phố Cò,Tiểu học
Tỉnh Thái Nguyên,Phường Trung Thành,Trường Trung học cơ sở Đông Cao,THCS
Tỉnh Thái Nguyên,Phường Tích Lương,Trường Trung học cơ sở Phú Xá,THCS
Tỉnh Thái Nguyên,Phường Đức Xuân,Trường Tiểu học Đức Xuân,Tiểu học
Tỉnh Thái Nguyên,Phường Đức Xuân,Trường Trung học cơ sở Đức Xuân,THCS
Tỉnh Thái Nguyên,Xã Tân Cương,Trường THCS xã Binh Sơn,THCS
Tỉnh Thái Nguyên,Xã Tân Cương,Trường Trung học cơ sở Tân Cương,THCS
Tỉnh Thái Nguyên,Xã Tân Cương,Trường Trung học cơ sở xã Binh Sơn,THCS
Tỉnh Thái Nguyên,Xã Tân Cương,Trường tiểu học xã Bình Sơn,Tiểu học
Tỉnh Thái Nguyên,Xã Tân Cương,Trường tiểu học xã Linh Sơn 2,Tiểu học
Tỉnh Thái Nguyên,Xã Tân Cương,Trường xã Kim Long 1,
Tỉnh Thái Nguyên,Xã Võ Nhai,Trường Trung học phổ thông Võ Nhai,THPT
Tỉnh Thái Nguyên,Xã Điềm Thụy,Trường Trung học phổ thông Điềm Thuỵ,THPT
Tỉnh Thái Nguyên,Xã Đồng Hỷ,Trường Mầm non số 1 Hóa Thượng,Mầm non
Tỉnh Thái Nguyên,Xã Đồng Hỷ,Trường Tiểu học & Trung học cơ sở Hóa Trung,Liên cấp
Tỉnh Thái Nguyên,Xã Đồng Hỷ,Trường Tiểu học Minh Lập 2,Tiểu học
Tỉnh Thái Nguyên,Xã Đồng Hỷ,Trường Tiểu học số 1 Hóa Thượng,Tiểu học
Tỉnh Thái Nguyên,Xã Đồng Hỷ,Trường Trung học cơ sở Hóa Thượng,THCS
Tỉnh Thái Nguyên,Xã Đồng Hỷ,Trường Trung học cơ sở Minh Lập,THCS
Tỉnh Thái Nguyên,Xã Đồng Hỷ,Trường Trung học cơ sở Sông Cầu,THCS
Tỉnh Tuyên Quang,Phường An Tường,Trường Trung học phổ thông Nguyễn Văn Huyên,THPT
Tỉnh Tuyên Quang,Phường Hà Giang 1,Trường Tiểu học Nguyễn Trãi,Tiểu học
Tỉnh Tuyên Quang,Phường Hà Giang 1,Trường Tiểu học Phương Độ,Tiểu học
Tỉnh Tuyên Quang,Phường Hà Giang 1,Trường Trung học cơ sở Phương Độ,THCS
Tỉnh Tuyên Quang,Phường Hà Giang 1,Trường Trung học phổ thông chuyên Hà Giang,THPT
Tỉnh Tuyên Quang,Phường Hà Giang 2,Truờng Trung học phổ thông Lê Hồng Phong,THPT
Tỉnh Tuyên Quang,Phường Hà Giang 2,Trường Phổ thông dân tộc nội trú Trung học phổ thông tỉnh Hà Giang,THPT
Tỉnh Tuyên Quang,Phường Hà Giang 2,Trường Tiểu học Nguyễn Huệ,Tiểu học
Tỉnh Tuyên Quang,Phường Hà Giang 2,Trường Tiểu học Quang Trung,Tiểu học
Tỉnh Tuyên Quang,Phường Hà Giang 2,Trường Trung học cơ sở Minh Khai,THCS
Tỉnh Tuyên Quang,Phường Hà Giang 2,Trường Trung học cơ sở Ngọc Hà,THCS
Tỉnh Tuyên Quang,Phường Hà Giang 2,Trường Trung học cơ sở Quang Trung,THCS
Tỉnh Tuyên Quang,Phường Hà Giang 2,Trường Trung học cơ sở Yên Biên,THCS
Tỉnh Tuyên Quang,Phường Minh Xuân,Trường Tiểu học Hồng Thái,Tiểu học
Tỉnh Tuyên Quang,Phường Minh Xuân,Trường Trung học cơ sở Lê Quý Đôn,THCS
Tỉnh Tuyên Quang,Phường Minh Xuân,Trường Trung học phổ thông chuyên Tuyên Quang,THPT
Tỉnh Tuyên Quang,Phường Minh Xuân,Trường Trung học phổ thông chuyên Tuyên Quang (cũ),THPT
Tỉnh Tuyên Quang,Xã Bắc Quang,Trường Trung học phổ thông Việt Vinh,THPT
Tỉnh Tuyên Quang,Xã Bằng Hành,Trường Trung học phổ thông Kim Ngọc,THPT
Tỉnh Tuyên Quang,Xã Hoàng Su Phì,Trường Phổ thông Dân tộc Nội trú Trung học cơ sở & Trung học phổ thông Hoàng Su Phì,THCS
Tỉnh Tuyên Quang,Xã Hoàng Su Phì,Trường Trung học cơ sở Vinh Quang,THCS
Tỉnh Tuyên Quang,Xã Hoàng Su Phì,Trường Trung học phổ thông Hoàng Su Phì,THPT
Tỉnh Tuyên Quang,Xã Hùng An,Trường Trung học cơ sở Hùng An,THCS
Tỉnh Tuyên Quang,Xã Hùng An,Trường Trung học phổ thông Hùng An,THPT
Tỉnh Tuyên Quang,Xã Khuôn Lùng,Trường Trung học cơ sở & Trung học phổ thông Nà Chì,THCS
Tỉnh Tuyên Quang,Xã Linh Hồ,Trường Trung học cơ sở & Trung học phổ thông Linh Hồ,THCS
Tỉnh Tuyên Quang,Xã Liên Hiệp,Trường Trung học cơ sở & Trung học phổ thông Liên Hiệp,THCS
Tỉnh Tuyên Quang,Xã Lũng Cú,Trường PTDTBT Tiểu học & Trung học cơ sở Lũng Táo,Liên cấp
Tỉnh Tuyên Quang,Xã Lũng Cú,Trường PTDTBT Tiểu học Lũng Cú,Tiểu học
Tỉnh Tuyên Quang,Xã Lũng Cú,Trường PTDTBT Tiểu học Ma Lé,Tiểu học
Tỉnh Tuyên Quang,Xã Lũng Cú,Điểm trường Gì Thàng,
Tỉnh Tuyên Quang,Xã Minh Ngọc,Trường Tiểu học Minh Ngọc,Tiểu học
Tỉnh Tuyên Quang,Xã Minh Ngọc,Trường Trung học cơ sở & Trung học phổ thông Minh Ngọc,THCS
Tỉnh Tuyên Quang,Xã Mèo Vạc,Trường Mầm non Hoa Lan,Mầm non
Tỉnh Tuyên Quang,Xã Mèo Vạc,Trường Mầm non Hoa Đào,Mầm non
Tỉnh Tuyên Quang,Xã Mèo Vạc,Trường Phổ thông Dân tộc nội trú Trung học cơ sở và Trung học phổ thông huyện Mèo Vạc,THCS
Tỉnh Tuyên Quang,Xã Mèo Vạc,Trường Tiểu học Thị trấn Mèo Vạc,Tiểu học
Tỉnh Tuyên Quang,Xã Mèo Vạc,Trường Trung học cơ sở Thị trấn Mèo Vạc,THCS
Tỉnh Tuyên Quang,Xã Mèo Vạc,Trường Trung học phổ thông Mèo Vạc,THPT
Tỉnh Tuyên Quang,Xã Mậu Duệ,Trường Trung học phổ thông Mậu Duệ,THPT
Tỉnh Tuyên Quang,Xã Ngọc Đường,Trường Tiểu học Ngọc Đường,Tiểu học
Tỉnh Tuyên Quang,Xã Ngọc Đường,Trường Trung học phổ thông Ngọc Hà,THPT
Tỉnh Tuyên Quang,Xã Nà Hang,Trường Phổ thông Dân tộc nội trú Trung học cơ sở và Trung học phổ thông huyện Na Hang,THCS
Tỉnh Tuyên Quang,Xã Nà Hang,Trường Tiểu học Thị trấn Na Hang,Tiểu học
Tỉnh Tuyên Quang,Xã Nà Hang,Trường Trung học cơ sở Thị trấn Na Hang,THCS
Tỉnh Tuyên Quang,Xã Nà Hang,Trường Trung học phổ thông Na Hang,THPT
Tỉnh Tuyên Quang,Xã Phố Bảng,Trường PTDTNT Phó Bảng,
Tỉnh Tuyên Quang,Xã Phố Bảng,Trường Tiểu học Phó Bảng,Tiểu học
Tỉnh Tuyên Quang,Xã Phố Bảng,Trường Trung học cơ sở Phố Cáo,THCS
Tỉnh Tuyên Quang,Xã Pà Vầy Sủ,Trường Phổ thông Dân tộc nội trú Trung học cơ sở & Trung học phổ thông Xín Mần,THCS
Tỉnh Tuyên Quang,Xã Pà Vầy Sủ,Trường Trung học phổ thông Xín Mần,THPT
Tỉnh Tuyên Quang,Xã Quang Bình,Trường Phổ thông Dân tộc nội trú Trung học cơ sở & Trung học phổ thông Quang Bình,THCS
Tỉnh Tuyên Quang,Xã Quang Bình,Trường Trung học cơ sở Chu Văn An,THCS
Tỉnh Tuyên Quang,Xã Quang Bình,Trường Trung học phổ thông Quang Bình,THPT
Tỉnh Tuyên Quang,Xã Quản Bạ,Trường Phổ thông dân tộc nội trú Trung học cơ sở & Trung học phổ thông Quản Bạ,THCS
Tỉnh Tuyên Quang,Xã Quản Bạ,Trường Trung học cơ sở Thị trấn Tam Sơn,THCS
Tỉnh Tuyên Quang,Xã Quản Bạ,Trường Trung học phổ thông Quyết Tiến,THPT
Tỉnh Tuyên Quang,Xã Quản Bạ,Trường Trung học phổ thông Quản Bạ,THPT
Tỉnh Tuyên Quang,Xã Sà Phìn,Trường Mầm non Sủng Là,Mầm non
Tỉnh Tuyên Quang,Xã Sà Phìn,Trường PTDTBT Tiểu Học - Trung học cơ sở Sà Phìn,Liên cấp
Tỉnh Tuyên Quang,Xã Sà Phìn,Trường PTDTBT Tiểu Học - Trung học cơ sở Sủng Là,Liên cấp
Tỉnh Tuyên Quang,Xã Sơn Thủy,Trường Tiểu học Sơn Nam,Tiểu học
Tỉnh Tuyên Quang,Xã Sơn Thủy,Trường Trung học cơ sở Ninh Lai,THCS
Tỉnh Tuyên Quang,Xã Sơn Thủy,Trường Trung học cơ sở Sơn Nam,THCS
Tỉnh Tuyên Quang,Xã Thanh Thủy,Trường Trung học cơ sở & Trung học phổ thông Phương Tiến,THCS
Tỉnh Tuyên Quang,Xã Thông Nguyên,Trường Trung học cơ sở & Trung học phổ thông Thông Nguyên,THCS
Tỉnh Tuyên Quang,Xã Tân Quang,Trường Trung học phổ thông Tân Quang,THPT
Tỉnh Tuyên Quang,Xã Tân Thanh,trường TH Kháng Nhật,Tiểu học
Tỉnh Tuyên Quang,Xã Tân Thanh,trường Trung học cơ sở & Trung học phổ thông Kháng Nhật,THCS
Tỉnh Tuyên Quang,Xã Tùng Bá,Trường Trung học cơ sở & Trung học phổ thông Tùng Bá,THCS
Tỉnh Tuyên Quang,Xã Vị Xuyên,Trường Phô thông dân tộc nội trú Trung học cơ sở & Trung học phổ thông huyện Vị Xuyên,THCS
Tỉnh Tuyên Quang,Xã Vị Xuyên,Trường Tiểu học Kim Đồng,Tiểu học
Tỉnh Tuyên Quang,Xã Vị Xuyên,Trường Tiểu học số 1 Thị trấn Vị Xuyên,Tiểu học
Tỉnh Tuyên Quang,Xã Vị Xuyên,Trường Trung học cơ sở Lý Tự Trọng,THCS
Tỉnh Tuyên Quang,Xã Vị Xuyên,Trường Trung học cơ sở thị trấn Vị Xuyên,THCS
Tỉnh Tuyên Quang,Xã Vị Xuyên,Trường Trung học phổ thông Việt Lâm,THPT
Tỉnh Tuyên Quang,Xã Vị Xuyên,Trường Trung học phổ thông Vị Xuyên,THPT
Tỉnh Tuyên Quang,Xã Xuân Giang,Trường Tiểu học & Trung học cơ sở Xuân Giang,Liên cấp
Tỉnh Tuyên Quang,Xã Xuân Giang,Trường Trung học phổ thông Xuân Giang,THPT
Tỉnh Tuyên Quang,Xã Xín Mần,Trường Trung học cơ sở & Trung học phổ thông Xín Mần,THCS
Tỉnh Tuyên Quang,Xã Yên Minh,Truòng mâm non Lao và chài,Mầm non
Tỉnh Tuyên Quang,Xã Yên Minh,Trường PTDTNT Trung học cơ sở và Trung học phổ thông Yên Minh,THCS
Tỉnh Tuyên Quang,Xã Yên Minh,Trường Tiểu học Thị trấn Yên Minh,Tiểu học
Tỉnh Tuyên Quang,Xã Yên Minh,Trường Trung học cơ sở Hữu Vinh,THCS
Tỉnh Tuyên Quang,Xã Yên Minh,Trường Trung học cơ sở Thị trấn Yên Minh,THCS
Tỉnh Tuyên Quang,Xã Yên Minh,Trường Trung học phổ thông Yên Minh,THPT
Tỉnh Tuyên Quang,Xã Yên Minh,Trường mầm non Hoa hồng,Mầm non
Tỉnh Tuyên Quang,Xã Yên Sơn,Trường Mầm Non Thắng Quân,Mầm non
Tỉnh Tuyên Quang,Xã Yên Sơn,Trường Trung học cơ sở Dân Tộc Nội Trú Huyện Yên Sơn,THCS
Tỉnh Tuyên Quang,Xã Đồng Văn,Trường PTDTBT Tiểu Học Thài Phìn Tủng,Tiểu học
Tỉnh Tuyên Quang,Xã Đồng Văn,Trường PTDTNT Trung học cơ sở và Trung học phổ thông Đồng Văn,THCS
Tỉnh Tuyên Quang,Xã Đồng Văn,Trường Tiểu học Tả Phìn,Tiểu học
Tỉnh Tuyên Quang,Xã Đồng Văn,Trường Tiểu học Đồng Văn A,Tiểu học
Tỉnh Tuyên Quang,Xã Đồng Văn,Trường Trung học cơ sở Tả Phìn,THCS
Tỉnh Tuyên Quang,Xã Đồng Văn,Trường Trung học cơ sở Đồng Văn,THCS
Tỉnh Tuyên Quang,Xã Đồng Văn,Trường Trung học phổ thông Đồng Văn,THPT
Tỉnh Tuyên Quang,Xã Đồng Yên,Trường Trung học phổ thông Đồng Yên,THPT
Tỉnh Tây Ninh,Phường Bình Minh,Trường Mầm non Hoa Mai,Mầm non
Tỉnh Tây Ninh,Phường Bình Minh,Trường Phổ thông Dân tộc Nội Trú Tây Ninh,THPT
Tỉnh Tây Ninh,Phường Bình Minh,Trường Tiểu học Lê Ngọc Hân,Tiểu học
Tỉnh Tây Ninh,Phường Bình Minh,Trường Tiểu học Nguyễn Thái Bình,Tiểu học
Tỉnh Tây Ninh,Phường Bình Minh,Trường Tiểu học Phan Chu Trinh,Tiểu học
Tỉnh Tây Ninh,Phường Bình Minh,Trường Tiểu học Trương Định,Tiểu học
Tỉnh Tây Ninh,Phường Bình Minh,Trường Trung học cơ sở Nguyễn Tri Phương,THCS
Tỉnh Tây Ninh,Phường Gò Dầu,Trường Tiểu học Gò Dầu,Tiểu học
Tỉnh Tây Ninh,Phường Gò Dầu,Trường Trung học cơ sở Gò Dầu,THCS
Tỉnh Tây Ninh,Phường Gò Dầu,Trường Trung học phổ thông Quang Trung,THPT
Tỉnh Tây Ninh,Phường Hòa Thành,Trường Mầm non Long Thới,Mầm non
Tỉnh Tây Ninh,Phường Hòa Thành,Trường Tiểu học Bạch Đằng,Tiểu học
Tỉnh Tây Ninh,Phường Hòa Thành,Trường Tiểu học Lê Lai,Tiểu học
Tỉnh Tây Ninh,Phường Hòa Thành,Trường Tiểu học Nguyễn Thị Minh Khai,Tiểu học
Tỉnh Tây Ninh,Phường Hòa Thành,Trường Tiểu học Phạm Ngũ Lão,Tiểu học
Tỉnh Tây Ninh,Phường Hòa Thành,Trường Tiểu học Đoàn Thị Điểm,Tiểu học
Tỉnh Tây Ninh,Phường Hòa Thành,Trường Trung học cơ sở Ngô Quyền,THCS
Tỉnh Tây Ninh,Phường Hòa Thành,Trường Trung học phổ thông Nguyễn Trung Trực,THPT
Tỉnh Tây Ninh,Phường Kiến Tường,Trường THPT Thiên Hộ Dương,THPT
Tỉnh Tây Ninh,Phường Kiến Tường,Trường Trung học cơ sở Võ Duy Dương,THCS
Tỉnh Tây Ninh,Phường Kiến Tường,Trường Trung học phổ thông Kiến Tường,THPT
Tỉnh Tây Ninh,Phường Long An,Lớp Mẫu Giáo Sao Việt,Mầm non
Tỉnh Tây Ninh,Phường Long An,Mầm Non Tư Thục Sao Mai,Mầm non
Tỉnh Tây Ninh,Phường Long An,Truường Trung Học Phổ Thông Hùng Vương,THPT
Tỉnh Tây Ninh,Phường Long An,Truường mầm non Hoa Phượng,Mầm non
Tỉnh Tây Ninh,Phường Long An,Trường Mầm non 1-6,Mầm non
Tỉnh Tây Ninh,Phường Long An,Trường Tiểu học Lý Tự Trọng,Tiểu học
Tỉnh Tây Ninh,Phường Long An,Trường Tiểu học Tân An,Tiểu học
Tỉnh Tây Ninh,Phường Long An,Trường Tiểu học Võ Thị Sáu,Tiểu học
Tỉnh Tây Ninh,Phường Long An,Trường Trung Học Cơ Sở Nhật Tảo,THCS
Tỉnh Tây Ninh,Phường Long An,Trường Trung Học Cơ Sở Thống Nhất,THCS
Tỉnh Tây Ninh,Phường Long An,Trường Trung Học Cơ Sở Và Trung Học Phổ Thông Hà Long,THCS
Tỉnh Tây Ninh,Phường Long An,Trường Trung Học Phổ Thông Chuyên Long An,THPT
Tỉnh Tây Ninh,Phường Long An,Trường Trung Học Phổ Thông Tân An,THPT
Tỉnh Tây Ninh,Phường Long An,Trường Trung Học Phổ Thông Tư Thục Huỳnh Ngọc,THPT
Tỉnh Tây Ninh,Phường Long An,Trường Trung học cơ sở Lý Tự Trọng,THCS
Tỉnh Tây Ninh,Phường Long An,Trường Trung học cơ sở Nhựt Tảo,THCS
Tỉnh Tây Ninh,Phường Long An,Trường Trung học phổ thông Lê Quý Đôn,THPT
Tỉnh Tây Ninh,Phường Long An,Trường Trung học phổ thông chuyên Trần Văn Giàu,THPT
Tỉnh Tây Ninh,Phường Long Hoa,Chợ Trường Lưu,Mầm non
Tỉnh Tây Ninh,Phường Long Hoa,Trường Mầm non Rạng Đông,Mầm non
Tỉnh Tây Ninh,Phường Long Hoa,Trường Mẫu giáo 19 tháng 5,Mầm non
Tỉnh Tây Ninh,Phường Long Hoa,Trường Tiểu học Long Hải,Tiểu học
Tỉnh Tây Ninh,Phường Long Hoa,Trường Tiểu học Long Thành Bắc A,Tiểu học
Tỉnh Tây Ninh,Phường Long Hoa,Trường Tiểu học Lương Thế Vinh,Tiểu học
Tỉnh Tây Ninh,Phường Long Hoa,Trường Tiểu học Nguyễn Đình Chiểu,Tiểu học
Tỉnh Tây Ninh,Phường Long Hoa,Trường Tiểu học Trường Hòa A,Tiểu học
Tỉnh Tây Ninh,Phường Long Hoa,Trường Tiểu học Trường Tây D,Tiểu học
Tỉnh Tây Ninh,Phường Long Hoa,Trường Tiểu học Trường Đông A,Tiểu học
Tỉnh Tây Ninh,Phường Long Hoa,Trường Trung học cơ sở Long Thành Bắc,THCS
Tỉnh Tây Ninh,Phường Long Hoa,Trường Trung học cơ sở Lý Tự Trọng,THCS
Tỉnh Tây Ninh,Phường Long Hoa,Trường Trung học cơ sở Mạc Đĩnh Chi,THCS
Tỉnh Tây Ninh,Phường Long Hoa,Trường Trung học cơ sở Nguyễn Thái Bình,THCS
Tỉnh Tây Ninh,Phường Long Hoa,Trường Trung học cơ sở Trường Hòa,THCS
Tỉnh Tây Ninh,Phường Long Hoa,Trường Trung học cơ sở Trường Tây,THCS
Tỉnh Tây Ninh,Phường Long Hoa,Trường Trung học phổ thông Lý Thường Kiệt,THPT
Tỉnh Tây Ninh,Phường Long Hoa,Trường Trung học phổ thông Nguyễn Chí Thanh,THPT
Tỉnh Tây Ninh,Phường Ninh Thạnh,Trường Mầm non Hướng Dương,Mầm non
Tỉnh Tây Ninh,Phường Ninh Thạnh,Trường Tiểu học Bàu Năng A,Tiểu học
Tỉnh Tây Ninh,Phường Ninh Thạnh,Trường Tiểu học Bàu Năng B,Tiểu học
Tỉnh Tây Ninh,Phường Ninh Thạnh,Trường Tiểu học Bình Linh,Tiểu học
Tỉnh Tây Ninh,Phường Ninh Thạnh,Trường Tiểu học Ninh Hưng,Tiểu học
Tỉnh Tây Ninh,Phường Ninh Thạnh,Trường Tiểu học Ninh Phú,Tiểu học
Tỉnh Tây Ninh,Phường Ninh Thạnh,Trường Tiểu học Võ Trường Toản,Tiểu học
Tỉnh Tây Ninh,Phường Ninh Thạnh,Trường Trung học cơ sở Bàu Năng,THCS
Tỉnh Tây Ninh,Phường Ninh Thạnh,Trường Trung học cơ sở Chà Là,THCS
Tỉnh Tây Ninh,Phường Ninh Thạnh,Trường Trung học cơ sở Nguyễn Thái Học,THCS
Tỉnh Tây Ninh,Phường Thanh Điền,Trường Mầm non Thái Dương,Mầm non
Tỉnh Tây Ninh,Phường Thanh Điền,Trường Tiểu học Hiệp Tân,Tiểu học
Tỉnh Tây Ninh,Phường Thanh Điền,Trường Tiểu học Lê Thị Hồng Gấm,Tiểu học
Tỉnh Tây Ninh,Phường Thanh Điền,Trường Tiểu học Thanh Hùng,Tiểu học
Tỉnh Tây Ninh,Phường Thanh Điền,Trường Tiểu học Thanh Trung,Tiểu học
Tỉnh Tây Ninh,Phường Thanh Điền,Trường Tiểu học Thanh Điền,Tiểu học
Tỉnh Tây Ninh,Phường Thanh Điền,Trường Tiểu học Triệu Thị Trinh,Tiểu học
Tỉnh Tây Ninh,Phường Thanh Điền,Trường Trung học cơ sở Trưng Vương,THCS
Tỉnh Tây Ninh,Phường Thanh Điền,Trường Trung học cơ sở Võ Văn Truyện,THCS
Tỉnh Tây Ninh,Phường Trảng Bàng,Trường Trung học cơ sở An Hòa,THCS
Tỉnh Tây Ninh,Phường Tân An,Trường Tiểu Học Bình Tâm,Tiểu học
Tỉnh Tây Ninh,Phường Tân Ninh,Trường Mầm non Hiệp Ninh,Mầm non
Tỉnh Tây Ninh,Phường Tân Ninh,Trường Mầm non Thái Chánh,Mầm non
Tỉnh Tây Ninh,Phường Tân Ninh,Trường Mẫu giáo Thưc hành,Mầm non
Tỉnh Tây Ninh,Phường Tân Ninh,Trường Tiểu học Kim Đồng,Tiểu học
Tỉnh Tây Ninh,Phường Tân Ninh,Trường Tiểu học Lê Văn Tám,Tiểu học
Tỉnh Tây Ninh,Phường Tân Ninh,Trường Tiểu học Nguyễn Du,Tiểu học
Tỉnh Tây Ninh,Phường Tân Ninh,Trường Tiểu học Trần Phú,Tiểu học
Tỉnh Tây Ninh,Phường Tân Ninh,Trường Tiểu học Trần Quốc Toản,Tiểu học
Tỉnh Tây Ninh,Phường Tân Ninh,Trường Tiểu học Tôn Thất Tùng,Tiểu học
Tỉnh Tây Ninh,Phường Tân Ninh,Trường Tiểu học Võ Thị Sáu,Tiểu học
Tỉnh Tây Ninh,Phường Tân Ninh,"Trường Tiểu học, Trung học cơ sở, Trung học phổ thông Nguyễn Trãi",Liên cấp
Tỉnh Tây Ninh,Phường Tân Ninh,Trường Trung học cơ sở Chu Văn An,THCS
Tỉnh Tây Ninh,Phường Tân Ninh,Trường Trung học cơ sở Nguyễn Hiền,THCS
Tỉnh Tây Ninh,Phường Tân Ninh,Trường Trung học cơ sở Nguyễn Trãi,THCS
Tỉnh Tây Ninh,Phường Tân Ninh,Trường Trung học cơ sở Phan Bội Châu,THCS
Tỉnh Tây Ninh,Phường Tân Ninh,Trường Trung học cơ sở Trần Hưng Đạo,THCS
Tỉnh Tây Ninh,Phường Tân Ninh,Trường Trung học cơ sở Võ Văn Kiệt,THCS
Tỉnh Tây Ninh,Phường Tân Ninh,Trường Trung học phổ thông Chuyển Trần Lê Kha,THPT
Tỉnh Tây Ninh,Phường Tân Ninh,Trường Trung học phổ thông Trần Đại Nghĩa,THPT
Tỉnh Tây Ninh,Phường Tân Ninh,Trường Trung học phổ thông Tây Ninh,THPT
Tỉnh Tây Ninh,Phường Tân Ninh,Trường Trung học phổ thông chuyên Hoàng Lê Kha,THPT
Tỉnh Tây Ninh,Phường Tân Ninh,Trường Văn hóa Công an nhân dân IV,
Tỉnh Tây Ninh,Xã Bình Hiệp,Trường Mần Non Bình Hòa Tây,
Tỉnh Tây Ninh,Xã Bình Hiệp,Trường TH&THCS Bình Hòa Tây,Liên cấp
Tỉnh Tây Ninh,Xã Bình Hòa,Trường TH&THCS Bình Hòa Trung,Liên cấp
Tỉnh Tây Ninh,Xã Bến Cầu,Trường Mẫu giáo An Thạnh,Mầm non
Tỉnh Tây Ninh,Xã Bến Cầu,Trường Tiểu học An Thạnh A,Tiểu học
Tỉnh Tây Ninh,Xã Bến Cầu,Trường Tiểu học An Thạnh B,Tiểu học
Tỉnh Tây Ninh,Xã Bến Cầu,Trường Tiểu học Lợi Thuận,Tiểu học
Tỉnh Tây Ninh,Xã Bến Cầu,Trường Tiểu học Tiên Thuận An,Tiểu học
Tỉnh Tây Ninh,Xã Bến Cầu,Trường Trung học cơ sở An Thạnh,THCS
Tỉnh Tây Ninh,Xã Bến Cầu,Trường Trung học cơ sở Lợi Thuận,THCS
Tỉnh Tây Ninh,Xã Bến Cầu,Trường Trung học cơ sở Thị trấn Bến Cầu,THCS
Tỉnh Tây Ninh,Xã Bến Cầu,Trường Trung học cơ sở Tiên Thuận,THCS
Tỉnh Tây Ninh,Xã Bến Cầu,Trường Trung học phổ thông Nguyễn Huệ,THPT
Tỉnh Tây Ninh,Xã Bến Lức,Trường Tiểu học An Thạnh,Tiểu học
Tỉnh Tây Ninh,Xã Bến Lức,Trường Tiểu học An Thạnh - phân hiệu ấp 6,Tiểu học
Tỉnh Tây Ninh,Xã Bến Lức,Trường Tiểu học Thanh Phú,Tiểu học
Tỉnh Tây Ninh,Xã Bến Lức,Trường Tiểu học Thị trấn Bến Lức,Tiểu học
Tỉnh Tây Ninh,Xã Bến Lức,Trường Trung học cơ sở Nguyễn Trung Trực,THCS
Tỉnh Tây Ninh,Xã Bến Lức,Trường Trung học cơ sở Thanh Phú,THCS
Tỉnh Tây Ninh,Xã Bến Lức,Trường Trung học cơ sở Thị trấn Bến Lức,THCS
Tỉnh Tây Ninh,Xã Bến Lức,Trường Trung học phổ thông Nguyễn Hữu Thọ,THPT
Tỉnh Tây Ninh,Xã Bến Lức,Trường Trung học phổ thông Nguyễn Trung Trực,THPT
Tỉnh Tây Ninh,Xã Châu Thành,Trường Mầm non Trưng Vương,Mầm non
Tỉnh Tây Ninh,Xã Châu Thành,Trường Mẫu giáo Thái Bình,Mầm non
Tỉnh Tây Ninh,Xã Châu Thành,Trường Tiểu học Bình Phong,Tiểu học
Tỉnh Tây Ninh,Xã Châu Thành,Trường Tiểu học Hoàng Lê Kha,Tiểu học
Tỉnh Tây Ninh,Xã Châu Thành,Trường Tiểu học Suối Dộp,Tiểu học
Tỉnh Tây Ninh,Xã Châu Thành,Trường Tiểu học Thị trấn Châu Thành A,Tiểu học
Tỉnh Tây Ninh,Xã Châu Thành,Trường Tiểu học Thị trấn Châu Thành B,Tiểu học
Tỉnh Tây Ninh,Xã Châu Thành,Trường Trung học cơ sở Thái Bình,THCS
Tỉnh Tây Ninh,Xã Châu Thành,Trường Trung học phổ thông Châu Thành,THPT
Tỉnh Tây Ninh,Xã Châu Thành,Trường Trung học phổ thông Hoàng Văn Thụ,THPT
Tỉnh Tây Ninh,Xã Cần Giuộc,Trường Mẫu giáo Long Hậu,Mầm non
Tỉnh Tây Ninh,Xã Cần Giuộc,Trường Trung học cơ sở Long Hậu,THCS
Tỉnh Tây Ninh,Xã Cần Giuộc,Trường Trung học cơ sở Nguyễn Thị Bảy,THCS
Tỉnh Tây Ninh,Xã Cần Giuộc,Trường Trung học cơ sở-Trung học phổ thông Nguyễn Thị Một,THCS
Tỉnh Tây Ninh,Xã Cần Đước,Trường PTCS thị trấn Cần Đước,
Tỉnh Tây Ninh,Xã Cần Đước,Trường Tiểu học Thị trấn Cần Đước,Tiểu học
Tỉnh Tây Ninh,Xã Cần Đước,Trường Trung học cơ sở Tân Ân,THCS
Tỉnh Tây Ninh,Xã Cần Đước,Trường Trung học cơ sở thị trấn Cần Đước 1,THCS
Tỉnh Tây Ninh,Xã Cần Đước,Trường Trung học phổ thông Chu Văn An,THPT
Tỉnh Tây Ninh,Xã Cần Đước,Trường Trung học phổ thông Cần Đước,THPT
Tỉnh Tây Ninh,Xã Cầu Khởi,Trường Tiểu học Phước Ninh,Tiểu học
Tỉnh Tây Ninh,Xã Cầu Khởi,Trường Trung học cơ sở Phước Ninh,THCS
Tỉnh Tây Ninh,Xã Dương Minh Châu,Trường Mẫu giáo Suối Đá,Mầm non
Tỉnh Tây Ninh,Xã Dương Minh Châu,Trường Tiểu học Phước Hội,Tiểu học
Tỉnh Tây Ninh,Xã Dương Minh Châu,Trường Tiểu học Thị trấn A,Tiểu học
Tỉnh Tây Ninh,Xã Dương Minh Châu,Trường Tiểu học xã Phan,Tiểu học
Tỉnh Tây Ninh,Xã Dương Minh Châu,Trường Trung học cơ sở Suối Đá,THCS
Tỉnh Tây Ninh,Xã Dương Minh Châu,Trường Trung học cơ sở Thị trấn,THCS
Tỉnh Tây Ninh,Xã Dương Minh Châu,Trường Trung học cơ sở xã Phan,THCS
Tỉnh Tây Ninh,Xã Dương Minh Châu,Trường Trung học phổ thông Dương Minh Châu,THPT
Tỉnh Tây Ninh,Xã Dương Minh Châu,Trường Trung học phổ thông Nguyễn Đình Chiểu,THPT
Tỉnh Tây Ninh,Xã Hiệp Hòa,Trường Tiểu học Tân Phú A,Tiểu học
Tỉnh Tây Ninh,Xã Hiệp Hòa,Trường Trung học cơ sở Hiệp Hòa,THCS
Tỉnh Tây Ninh,Xã Hảo Đước,Trường Trung học cơ sở Trí Bình,THCS
Tỉnh Tây Ninh,Xã Hậu Nghĩa,Trường Tiểu học Châu Văn Liêm,Tiểu học
Tỉnh Tây Ninh,Xã Hậu Nghĩa,Trường Trung học cơ sở Hậu Nghĩa,THCS
Tỉnh Tây Ninh,Xã Hậu Nghĩa,Trường Trung học phổ thông Nguyễn Công Trứ,THPT
Tỉnh Tây Ninh,Xã Hậu Thạnh,Trường Tiểu hoc Hậu Thạnh Tây,
Tỉnh Tây Ninh,Xã Hậu Thạnh,Trường Tiểu học Hậu Thạnh Đông,Tiểu học
Tỉnh Tây Ninh,Xã Long Cang,Tiểu học long cang,Tiểu học
Tỉnh Tây Ninh,Xã Long Hựu,Trường Tiểu học Long Hựu Đông 1,Tiểu học
Tỉnh Tây Ninh,Xã Long Hựu,Trường Trung học cơ sở Long Hựu Đông,THCS
Tỉnh Tây Ninh,Xã Long Hựu,Trường Trung học phổ thông Long Hựu Đông,THPT
Tỉnh Tây Ninh,Xã Lương Hòa,Trường Tiểu học Lương Hòa,Tiểu học
Tỉnh Tây Ninh,Xã Lương Hòa,Trường Tiểu học Tân Bửu,Tiểu học
Tỉnh Tây Ninh,Xã Lương Hòa,Trường Trung học cơ sở Tân Bửu,THCS
Tỉnh Tây Ninh,Xã Lộc Ninh,Trường Mầm non Phước Minh,Mầm non
Tỉnh Tây Ninh,Xã Lộc Ninh,Trường Tiểu học Phước Minh A,Tiểu học
Tỉnh Tây Ninh,Xã Lộc Ninh,Trường Trung học cơ sở Bến Củi,THCS
Tỉnh Tây Ninh,Xã Lộc Ninh,Trường Trung học cơ sở Phước Minh,THCS
Tỉnh Tây Ninh,Xã Lộc Ninh,Trường tiểu học Bến Củi,Tiểu học
Tỉnh Tây Ninh,Xã Lộc Ninh,Trường tiểu học Lộc Ninh,Tiểu học
Tỉnh Tây Ninh,Xã Mỹ Lệ,Trường Tiểu học Tân Trạch,Tiểu học
Tỉnh Tây Ninh,Xã Mỹ Lệ,Trường tiểu học Nguyễn Văn Tiến,Tiểu học
Tỉnh Tây Ninh,Xã Mỹ Lộc,Trường Tiểu học Trường Bình,Tiểu học
Tỉnh Tây Ninh,Xã Mỹ Lộc,Trường Trung học cơ sở Nguyễn Đình Chiểu,THCS
Tỉnh Tây Ninh,Xã Mỹ Quý,Trường Tiểu học Mỹ Quý,Tiểu học
Tỉnh Tây Ninh,Xã Mỹ Thạnh,Trường Trung học cơ sở Bình An,THCS
Tỉnh Tây Ninh,Xã Mỹ Yên,Trường Mầm non Phước Lợi,Mầm non
Tỉnh Tây Ninh,Xã Mỹ Yên,Trường Tiểu học Gò Đen,Tiểu học
Tỉnh Tây Ninh,Xã Mỹ Yên,Trường Tiểu học Phước Lợi,Tiểu học
Tỉnh Tây Ninh,Xã Mỹ Yên,Trường Trung học cơ sở Gò Đen,THCS
Tỉnh Tây Ninh,Xã Mỹ Yên,Trường Trung học phổ thông Gò Đen,THPT
Tỉnh Tây Ninh,Xã Nhựt Tảo,Trường Tiểu học Lạc Tấn,Tiểu học
Tỉnh Tây Ninh,Xã Nhựt Tảo,Trường Trung học cơ sở Lê Đại Đường,THCS
Tỉnh Tây Ninh,Xã Nhựt Tảo,Trường Trung học cơ sở Nguyễn Thành Nam,THCS
Tỉnh Tây Ninh,Xã Nhựt Tảo,Trường Trung học phổ thông Nguyễn Trung Trực,THPT
Tỉnh Tây Ninh,Xã Nhựt Tảo,Trường tiểu học Nhựt Tảo,Tiểu học
Tỉnh Tây Ninh,Xã Rạch Kiến,Trường Trung học cơ sở Long Trạch,THCS
Tỉnh Tây Ninh,Xã Rạch Kiến,Trường Trung học phổ thông Long Hòa,THPT
Tỉnh Tây Ninh,Xã Rạch Kiến,Trường Trung học phổ thông Rạch Kiến,THPT
Tỉnh Tây Ninh,Xã Rạch Kiến,Trường Tiểu Học Long Hoà,Tiểu học
Tỉnh Tây Ninh,Xã Thuận Mỹ,Trường Tiểu Học Thuận Mỹ,Tiểu học
Tỉnh Tây Ninh,Xã Thuận Mỹ,Trường Trung học cơ sở Thuận Mỹ,THCS
Tỉnh Tây Ninh,Xã Thuận Mỹ,Trường Trung học phổ thông Phan Văn Đạt,THPT
Tỉnh Tây Ninh,Xã Thạnh Hóa,Trường Tiểu học Thị trấn Thạnh Hóa,Tiểu học
Tỉnh Tây Ninh,Xã Thạnh Hóa,Trường Trung học cơ sở Thị trấn Thạnh Hóa,THCS
Tỉnh Tây Ninh,Xã Thạnh Hóa,Trường Trung học phổ thông Thạnh Hóa,THPT
Tỉnh Tây Ninh,Xã Thạnh Lợi,Trường Trung học cơ sở Lương Bình,THCS
Tỉnh Tây Ninh,Xã Thủ Thừa,Trường Tiểu học Thị trấn Thủ Thừa,Tiểu học
Tỉnh Tây Ninh,Xã Thủ Thừa,Trường Trung học cơ sở Thị trấn Thủ Thừa,THCS
Tỉnh Tây Ninh,Xã Thủ Thừa,Trường Trung học cơ sở Thị trấn Thủ Thừa (cơ sở 2),THCS
Tỉnh Tây Ninh,Xã Thủ Thừa,Trường Trung học phổ thông Thủ Thừa,THPT
Tỉnh Tây Ninh,Xã Truông Mít,Trường Trung học phổ thông Nguyễn Thái Bình,THPT
Tỉnh Tây Ninh,Xã Tuyên Bình,Trường Tiểu học-Trung học cơ sở Vĩnh Bình,Liên cấp
Tỉnh Tây Ninh,Xã Tân Biên,Trường Mầm non 2 Tháng 9,Mầm non
Tỉnh Tây Ninh,Xã Tân Biên,Trường Tiểu học Nguyễn Bá Ngọc,Tiểu học
Tỉnh Tây Ninh,Xã Tân Biên,Trường Tiểu học Thị trấn Tân Biên,Tiểu học
Tỉnh Tây Ninh,Xã Tân Biên,Trường Trung học cơ sở Thị trấn Tân Biên,THCS
Tỉnh Tây Ninh,Xã Tân Biên,Trường Trung học phổ thông Nguyễn An Ninh,THPT
Tỉnh Tây Ninh,Xã Tân Biên,Trường Trung học phổ thông Trần Phú,THPT
Tỉnh Tây Ninh,Xã Tân Châu,Trường Tiểu học Thị trấn Tân Châu A,Tiểu học
Tỉnh Tây Ninh,Xã Tân Châu,Trường Tiểu học Tân Châu,Tiểu học
Tỉnh Tây Ninh,Xã Tân Châu,Trường Trung học cơ sở Thị trấn Tân Châu,THCS
Tỉnh Tây Ninh,Xã Tân Châu,Trường Trung học phổ thông Tân Châu,THPT
Tỉnh Tây Ninh,Xã Tân Hòa,Trường Mầm Non Suối Ngô,Mầm non
Tỉnh Tây Ninh,Xã Tân Hòa,Trường Mầm Non Sơn Ca,Mầm non
Tỉnh Tây Ninh,Xã Tân Hòa,Trường Tiểu học Suối Ngô A,Tiểu học
Tỉnh Tây Ninh,Xã Tân Hòa,Trường Trung học cơ sở Suối Ngô,THCS
Tỉnh Tây Ninh,Xã Tân Hòa,Trường tiểu học Tân Hoà B,Tiểu học
Tỉnh Tây Ninh,Xã Tân Hưng,Trường Trung học phổ thông Tân Hưng,THPT
Tỉnh Tây Ninh,Xã Tân Lân,Trường Trung học cơ sở Tân Lân,THCS
Tỉnh Tây Ninh,Xã Tân Lân,Trường mẫu giáo Phước Đông,Mầm non
Tỉnh Tây Ninh,Xã Tân Thạnh,Trường Tiểu Học Tân Thành B,Tiểu học
Tỉnh Tây Ninh,Xã Tân Thạnh,Trường Tiểu học Thị trấn Tân Thạnh,Tiểu học
Tỉnh Tây Ninh,Xã Tân Thạnh,Trường Trung học cơ sở Tân Thạnh,THCS
Tỉnh Tây Ninh,Xã Tân Thạnh,Trường Trung học cơ sở Đồng Rùm,THCS
Tỉnh Tây Ninh,Xã Tân Thạnh,Trường tiểu học Tân Thành A,Tiểu học
Tỉnh Tây Ninh,Xã Tân Thạnh,Trường tiểu học Đồng Kèn,Tiểu học
Tỉnh Tây Ninh,Xã Tân Trụ,Trường Tiểu Học Bình Trinh Đông,Tiểu học
Tỉnh Tây Ninh,Xã Tân Trụ,Trường Trung học phổ thông Tân Trụ,THPT
Tỉnh Tây Ninh,Xã Tân Tây,Trường Tiểu học Tân Tây,Tiểu học
Tỉnh Tây Ninh,Xã Tân Tây,Trường Trung học cơ sở Tân Tây,THCS
Tỉnh Tây Ninh,Xã Tân Đông,Trường Tiểu học Nguyễn Viết Xuân,Tiểu học
Tỉnh Tây Ninh,Xã Tân Đông,Trường Tiểu học Tân Đông a,Tiểu học
Tỉnh Tây Ninh,Xã Tân Đông,Trường Trung học cơ sở Tân Đông,THCS
Tỉnh Tây Ninh,Xã Tân Đông,Trường Trung học phổ thông Tân Đông,THPT
Tỉnh Tây Ninh,Xã Vàm Cỏ,Trường Trung học cơ sở Tân Phước Tây,THCS
Tỉnh Tây Ninh,Xã Vàm Cỏ,Trường mẫu giáo Tân Phước Tây,Mầm non
Tỉnh Tây Ninh,Xã Vàm Cỏ,Trường tiểu học Tân Phước Tây,Tiểu học
Tỉnh Tây Ninh,Xã Vĩnh Châu,Trường Mẫu giáo Vĩnh Châu A,Mầm non
Tỉnh Tây Ninh,Xã Vĩnh Châu,Trường Trung học cơ sở Vĩnh Châu A,THCS
Tỉnh Tây Ninh,Xã Vĩnh Công,Tiểu học vĩnh công,Tiểu học
Tỉnh Tây Ninh,Xã Vĩnh Công,Truường Trung Học Cơ Sở Nguyễn Văn Thăng,THCS
Tỉnh Tây Ninh,Xã Vĩnh Công,Trường Tiểu học Nguyễn Văn Thăng,Tiểu học
Tỉnh Tây Ninh,Xã Vĩnh Hưng,Trường Mẫu giáo TT. Vĩnh Hưng,Mầm non
Tỉnh Tây Ninh,Xã Vĩnh Hưng,Trường Tiểu học Thị trấn Vĩnh Hưng,Tiểu học
Tỉnh Tây Ninh,Xã Vĩnh Hưng,Trường Trung học phổ thông Vĩnh Hưng,THPT
Tỉnh Tây Ninh,Xã Đông Thành,Trường Tiểu học Nguyễn Văn Thể,Tiểu học
Tỉnh Tây Ninh,Xã Đông Thành,Trường Trung học cơ sở Mỹ Thạnh Đông,THCS
Tỉnh Tây Ninh,Xã Đông Thành,Trường Trung học cơ sở Thị trấn Đông Thành,THCS
Tỉnh Tây Ninh,Xã Đông Thành,Trường Trung học phổ thông Đức Huệ,THPT
Tỉnh Tây Ninh,Xã Đức Huệ,Trường Tiểu học Bình Hòa Bắc,Tiểu học
Tỉnh Tây Ninh,Xã Đức Huệ,Trường Tiểu học Bình Thành,Tiểu học
Tỉnh Tây Ninh,Xã Đức Hòa,Trường Trung học cơ sở Võ Văn Tần,THCS
Tỉnh Vĩnh Long,Phường An Hội,Mầm non Hoa Dừa,Mầm non
Tỉnh Vĩnh Long,Phường An Hội,Trường Tiểu học Bến Tre,Tiểu học
Tỉnh Vĩnh Long,Phường An Hội,Trường Tiểu học Phú Thọ,Tiểu học
Tỉnh Vĩnh Long,Phường An Hội,Trường Trung học cơ sở Sơn Phú,THCS
Tỉnh Vĩnh Long,Phường An Hội,Trường Trung học cơ sở Thành phố Bến Tre,THCS
Tỉnh Vĩnh Long,Phường An Hội,Trường Trung học phổ thông Lạc Long Quân,THPT
Tỉnh Vĩnh Long,Phường Bình Minh,Trường Tiểu học Cái Vồn A,Tiểu học
Tỉnh Vĩnh Long,Phường Bình Minh,Trường Tiểu học Cái Vồn B,Tiểu học
Tỉnh Vĩnh Long,Phường Bình Minh,Trường Tiểu học Thoại Ngọc Hầu,Tiểu học
Tỉnh Vĩnh Long,Phường Bình Minh,Trường Trung học cơ sở Cái Vồn,THCS
Tỉnh Vĩnh Long,Phường Bình Minh,Trường Trung học cơ sở Thuận An,THCS
Tỉnh Vĩnh Long,Phường Bình Minh,Trường Trung học cơ sở Thành Phước,THCS
Tỉnh Vĩnh Long,Phường Bình Minh,Trường Trung học phổ thông Bình Minh,THPT
Tỉnh Vĩnh Long,Phường Bình Minh,Trường Trung học phổ thông Hoàng Thái Hiếu,THPT
Tỉnh Vĩnh Long,Phường Bến Tre,Trường Trung học cơ sở Mỹ Hóa,THCS
Tỉnh Vĩnh Long,Phường Cái Vồn,Tiểu học Mỹ Hòa A điểm Mỹ Khánh,Tiểu học
Tỉnh Vĩnh Long,Phường Cái Vồn,Trường Trung học cơ sở Mỹ Hòa,THCS
Tỉnh Vĩnh Long,Phường Duyên Hải,Trường Mầm non Tuổi Ngọc,Mầm non
Tỉnh Vĩnh Long,Phường Duyên Hải,Trường Tiểu học Kim Đồng,Tiểu học
Tỉnh Vĩnh Long,Phường Duyên Hải,Trường Trung học cơ sở Chu Văn An,THCS
Tỉnh Vĩnh Long,Phường Duyên Hải,Trường Trung học phổ thông Duyên Hải,THPT
Tỉnh Vĩnh Long,Phường Long Châu,Trường Mầm Non 9,Mầm non
Tỉnh Vĩnh Long,Phường Long Châu,Trường Mầm non Hoa Lan (cơ sở 1),Mầm non
Tỉnh Vĩnh Long,Phường Long Châu,Trường Mầm non Hoa Lan (cơ sở 2),Mầm non
Tỉnh Vĩnh Long,Phường Long Châu,Trường Năng khiếu Nghệ thuật & Thể dục Thể thao,
Tỉnh Vĩnh Long,Phường Long Châu,Trường Tiểu học Hùng Vương,Tiểu học
Tỉnh Vĩnh Long,Phường Long Châu,Trường Tiểu học Nguyễn Du,Tiểu học
Tỉnh Vĩnh Long,Phường Long Châu,Trường Tiểu học Nguyễn Huệ,Tiểu học
Tỉnh Vĩnh Long,Phường Long Châu,Trường Tiểu học Nguyễn Hữu Huân,Tiểu học
Tỉnh Vĩnh Long,Phường Long Châu,Trường Tiểu học Phạm Hùng,Tiểu học
Tỉnh Vĩnh Long,Phường Long Châu,Trường Trung học cơ sở Lê Quý Đôn,THCS
Tỉnh Vĩnh Long,Phường Long Châu,Trường Trung học cơ sở Nguyễn Trường Tộ,THCS
Tỉnh Vĩnh Long,Phường Long Châu,Trường Trung học cơ sở-Trung học phổ thông Trưng Vương,THCS
Tỉnh Vĩnh Long,Phường Long Châu,Trường Trung học phổ thông Lưu Văn Liệt,THPT
Tỉnh Vĩnh Long,Phường Long Đức,Trường Tiểu học Lương Định Của,Tiểu học
Tỉnh Vĩnh Long,Phường Long Đức,Trường Trung học phổ thông Chuyên Nguyễn Thiện Thành,THPT
Tỉnh Vĩnh Long,Phường Long Đức,Trường Trung học phổ thông DTNT Trà Vinh,THPT
Tỉnh Vĩnh Long,Phường Phú Khương,Trường Tiểu Học Phú Hưng,Tiểu học
Tỉnh Vĩnh Long,Phường Phú Khương,Trường Trung học phổ thông Võ Trường Toản,THPT
Tỉnh Vĩnh Long,Phường Phú Tân,Mầm Non Đại Định,Mầm non
Tỉnh Vĩnh Long,Phường Phú Tân,Trường Tiểu học IGC Bến Tre,Tiểu học
Tỉnh Vĩnh Long,Phường Phú Tân,Trường Trung học cơ sở Vĩnh Phúc,THCS
Tỉnh Vĩnh Long,Phường Phú Tân,Trường Trung học phổ thông chuyên Bến Tre,THPT
Tỉnh Vĩnh Long,Phường Phước Hậu,Trường Mầm non 3,Mầm non
Tỉnh Vĩnh Long,Phường Phước Hậu,Trường Mầm non Tư thục Mai Linh,Mầm non
Tỉnh Vĩnh Long,Phường Phước Hậu,Trường Mẫu giáo Sao Mai,Mầm non
Tỉnh Vĩnh Long,Phường Phước Hậu,Trường THPT chuyên Nguyễn Bỉnh Khiêm,THPT
Tỉnh Vĩnh Long,Phường Phước Hậu,Trường Tiểu Học Trần Quốc Tuấn,Tiểu học
Tỉnh Vĩnh Long,Phường Phước Hậu,Trường Tiểu học Lê Lợi,Tiểu học
Tỉnh Vĩnh Long,Phường Phước Hậu,Trường Tiểu học Trần Đại Nghĩa,Tiểu học
Tỉnh Vĩnh Long,Phường Phước Hậu,Trường Trung học cơ sở Trần Phú,THCS
Tỉnh Vĩnh Long,Phường Phước Hậu,Trường Trung học phổ thông Vĩnh Long,THPT
Tỉnh Vĩnh Long,Phường Thanh Đức,Trường Tiểu học Thiềng Đức,Tiểu học
Tỉnh Vĩnh Long,Phường Thanh Đức,Trường Trung học cơ sở Cao Thắng,THCS
Tỉnh Vĩnh Long,Phường Thanh Đức,Trường Trung học cơ sở Thanh Đức,THCS
Tỉnh Vĩnh Long,Phường Trà Vinh,Trường Trung học phổ thông Thảnh phố Trà Vinh,THPT
Tỉnh Vĩnh Long,Phường Trà Vinh,Trường Trung học phổ thông Phạm Thái Bường,THPT
Tỉnh Vĩnh Long,Phường Trường Long Hòa,Trường Trung học cơ sở Nguyễn Đáng,THCS
Tỉnh Vĩnh Long,Phường Tân Hạnh,Trường Tiểu học Chu Văn An (Cơ Sở 1),Tiểu học
Tỉnh Vĩnh Long,Phường Tân Hạnh,Trường Tiểu học Chu Văn An (Cơ sở 2),Tiểu học
Tỉnh Vĩnh Long,Phường Tân Hạnh,Trường Trung học Cơ Sở Lương Thế Vinh,THCS
Tỉnh Vĩnh Long,Phường Tân Hạnh,Trường Trung học Phổ thông Nguyễn Thông,THPT
Tỉnh Vĩnh Long,Phường Tân Ngãi,Trường Trung học cơ sở Nguyễn Khuyến,THCS
Tỉnh Vĩnh Long,Phường Đông Thành,Trường Mầm Non Sen Hồng,Mầm non
Tỉnh Vĩnh Long,Phường Đông Thành,Trường Trung học cơ sở - Trung học phổ thông Đông Thành,THCS
Tỉnh Vĩnh Long,Phường Đông Thành,Trường Trung học cơ sở Đông Bình,THCS
Tỉnh Vĩnh Long,Xã An Bình,"Trường Trung học phổ thông Hòa Ninh, Vĩnh Long",THPT
Tỉnh Vĩnh Long,Xã Ba Tri,Trường Tiểu học Nguyễn Đình Chiểu,Tiểu học
Tỉnh Vĩnh Long,Xã Ba Tri,Trường Trung học cơ sở Vĩnh Hòa,THCS
Tỉnh Vĩnh Long,Xã Ba Tri,Trường Trung học phổ thông Phan Thanh Giản,THPT
Tỉnh Vĩnh Long,Xã Ba Tri,Trường tiểu học Vĩnh Hòa,Tiểu học
Tỉnh Vĩnh Long,Xã Bình Phước,Trường Trung học cơ sở Bình Phước,THCS
Tỉnh Vĩnh Long,Xã Chợ Lách,Trường Tiểu Học Long Thới A,Tiểu học
Tỉnh Vĩnh Long,Xã Chợ Lách,Trường Trung học cơ sở Long Thới,THCS
Tỉnh Vĩnh Long,Xã Chợ Lách,Trường Trung học phổ thông Võ Văn Kiệt Chợ Lách Bến Tre,THPT
Tỉnh Vĩnh Long,Xã Cầu Kè,Trường Dân tộc nội trú Cầu Kè,
Tỉnh Vĩnh Long,Xã Cầu Kè,Trường Trung học cơ sở Thị trấn Cầu Kè,THCS
Tỉnh Vĩnh Long,Xã Cầu Kè,Trường Trung học phổ thông Cầu Kè,THPT
Tỉnh Vĩnh Long,Xã Cầu Ngang,Trường Trung học cơ sở Thị trấn Cầu Ngang,THCS
Tỉnh Vĩnh Long,Xã Cầu Ngang,Trường Trung học phổ thông Dương Quang Đông,THPT
Tỉnh Vĩnh Long,Xã Giao Long,Trường Trung học phổ thông Mạc Đĩnh,THPT
Tỉnh Vĩnh Long,Xã Giồng Trôm,Trường Tiểu học Thị trấn Giồng Trôm,Tiểu học
Tỉnh Vĩnh Long,Xã Hiệp Mỹ,Trường Tiểu Học - Trung Học Cơ Sở Hiệp Mỹ Đông,Liên cấp
Tỉnh Vĩnh Long,Xã Hùng Hòa,Trường Tiểu học Ngãi Hùng,Tiểu học
Tỉnh Vĩnh Long,Xã Hưng Nhượng,Trường THCS Hưng Nhượng (mới),THCS
Tỉnh Vĩnh Long,Xã Hưng Nhượng,Trường tiểu học Hưng Nhượng,Tiểu học
Tỉnh Vĩnh Long,Xã Long Thành,Trường Mẫu giáo Long Khánh,Mầm non
Tỉnh Vĩnh Long,Xã Long Thành,Trường Tiểu học Long Khánh,Tiểu học
Tỉnh Vĩnh Long,Xã Long Thành,Trường Trung học cơ sở Long Khánh,THCS
Tỉnh Vĩnh Long,Xã Long Thành,Trường Trung học phổ thông Thị trấn Long Thành,THPT
Tỉnh Vĩnh Long,Xã Long Vĩnh,Trường Trung học cơ sở Long Vĩnh,THCS
Tỉnh Vĩnh Long,Xã Lương Hòa,Trường Tiểu học Lương Hòa,Tiểu học
Tỉnh Vĩnh Long,Xã Lương Hòa,Trường Tiểu học Phong Nẫm,Tiểu học
Tỉnh Vĩnh Long,Xã Lương Hòa,Trường Trung học cơ sở Lương Hòa,THCS
Tỉnh Vĩnh Long,Xã Lương Hòa,Trường Trung học cơ sở Phong Nẫm,THCS
Tỉnh Vĩnh Long,Xã Lương Hòa,Trường Trung học phổ thông Nguyễn Thị Định,THPT
Tỉnh Vĩnh Long,Xã Lương Phú,Trường Tiểu học Nguyễn Ngọc Thăng,Tiểu học
Tỉnh Vĩnh Long,Xã Lương Phú,Trường Trung học cơ sở Phạm Viết Chánh,THCS
Tỉnh Vĩnh Long,Xã Mỏ Cày,Trường Trung học cơ sở Tạ Minh Khâm,THCS
Tỉnh Vĩnh Long,Xã Mỹ Chánh Hòa,Trường Tiểu học Mỹ Nhơn,Tiểu học
Tỉnh Vĩnh Long,Xã Mỹ Chánh Hòa,Trường Trung học cơ sở Ba Mỹ,THCS
Tỉnh Vĩnh Long,Xã Mỹ Chánh Hòa,Trường Trung học cơ sở Mỹ Nhơn,THCS
Tỉnh Vĩnh Long,Xã Ngũ Lạc,Trường Mẫu giáo Hoa Mai,Mầm non
Tỉnh Vĩnh Long,Xã Ngũ Lạc,Trường Mẫu giáo Ngũ Lạc,Mầm non
Tỉnh Vĩnh Long,Xã Ngũ Lạc,Trường Phổ thông Dân tộc Nội trú Trung học cơ sở huyện Duyên Hải,THCS
Tỉnh Vĩnh Long,Xã Ngũ Lạc,Trường Tiểu học Ngũ Lạc A,Tiểu học
Tỉnh Vĩnh Long,Xã Ngũ Lạc,Trường Tiểu học Ngũ Lạc A (điểm Đường Liếu),Tiểu học
Tỉnh Vĩnh Long,Xã Ngũ Lạc,Trường Tiểu học Ngũ Lạc B,Tiểu học
Tỉnh Vĩnh Long,Xã Ngũ Lạc,Trường Tiểu học Ngũ Lạc B (điểm Bổn 1),Tiểu học
Tỉnh Vĩnh Long,Xã Ngũ Lạc,Trường Tiểu học Ngũ Lạc B (điểm Bổn 2),Tiểu học
Tỉnh Vĩnh Long,Xã Ngũ Lạc,Trường Tiểu học Ngũ Lạc B (điểm Ông Cui),Tiểu học
Tỉnh Vĩnh Long,Xã Ngũ Lạc,Trường Trung học cơ sở Ngũ Lạc,THCS
Tỉnh Vĩnh Long,Xã Phú Quới,Trường Mầm non KCN Hòa Phú,Mầm non
Tỉnh Vĩnh Long,Xã Phú Quới,Trường THCS và THPT Phú Quới (Cơ sở 1),THCS
Tỉnh Vĩnh Long,Xã Phú Quới,Trường THCS và THPT Phú Quới (Cơ sở 2),THCS
Tỉnh Vĩnh Long,Xã Phú Quới,Trường Tiểu học Phú Quới A,Tiểu học
Tỉnh Vĩnh Long,Xã Phú Túc,Trường Tiểu Học Tân Thạch A,Tiểu học
Tỉnh Vĩnh Long,Xã Phước Mỹ Trung,Trường Thcs phước mỹ trung,THCS
Tỉnh Vĩnh Long,Xã Phước Mỹ Trung,trường tiểu học phước mỹ trung,Tiểu học
Tỉnh Vĩnh Long,Xã Quới Điền,Trường Trung học cơ sở Mỹ Hưng,THCS
Tỉnh Vĩnh Long,Xã Quới Điền,Trường tiểu học Mỹ Hưng,Tiểu học
Tỉnh Vĩnh Long,Xã Thạnh Phong,Trường Tiểu học Thạnh Phong A,Tiểu học
Tỉnh Vĩnh Long,Xã Thạnh Phong,Trường Trung học cơ sở Thạnh Phong,THCS
Tỉnh Vĩnh Long,Xã Thạnh Phú,Trường tiểu học tt.Thạnh Phú,Tiểu học
Tỉnh Vĩnh Long,Xã Thạnh Phước,Trường Mẫu giáo Vành Khuyên,Mầm non
Tỉnh Vĩnh Long,Xã Thạnh Phước,Trường Tiểu học Trà Thị Cụt,Tiểu học
Tỉnh Vĩnh Long,Xã Thạnh Phước,Trường Trung học cơ sở Võ Văn Lân,THCS
Tỉnh Vĩnh Long,Xã Tiểu Cần,Trường PT Dân Tộc Nội Trú - Trung học cơ sở - Trung học phổ thông huyện Tiểu Cần - Tỉnh Trà Vinh,THCS
Tỉnh Vĩnh Long,Xã Tiểu Cần,Trường Trung học phổ thông Tiểu Cần,THPT
Tỉnh Vĩnh Long,Xã Trung Hiệp,Trường Trung học cơ sở & Trung học phổ thông Phan Văn Đáng,THCS
Tỉnh Vĩnh Long,Xã Trà Ôn,Trường Trung học cơ sở Trà Ôn A,THCS
Tỉnh Vĩnh Long,Xã Tân Hòa,Trường Mẫu Giáo Thị Trấn Cầu Quan,Mầm non
Tỉnh Vĩnh Long,Xã Tân Hòa,Trường Trung học cơ sở Thị trấn Cầu Quan,THCS
Tỉnh Vĩnh Long,Xã Tân Hòa,Trường Trung học phổ thông Cầu Quan,THPT
Tỉnh Vĩnh Long,Xã Tân Long Hội,TH Tân Long,Tiểu học
Tỉnh Vĩnh Long,Xã Tân Long Hội,Trường Trung học cơ sở Tân Long,THCS
Tỉnh Vĩnh Long,Xã Tân Lược,Trường Tiểu học Tân Lược,Tiểu học
Tỉnh Vĩnh Long,Xã Tân Lược,Trường Trung học cơ sở Tân Lược,THCS
Tỉnh Vĩnh Long,Xã Tân Lược,trường tiều học Tân Thành,Mầm non
Tỉnh Vĩnh Long,Xã Tân Phú,Trường Tiểu Học Tân Phú A,Tiểu học
Tỉnh Vĩnh Long,Xã Đông Hải,Trường Mẫu giáo Đông Hải,Mầm non
Tỉnh Vĩnh Long,Xã Đông Hải,Trường Tiểu học Đông Hải A,Tiểu học
Tỉnh Vĩnh Long,Xã Đông Hải,Trường Trung học cơ sở Đông Hải,THCS
Tỉnh Điện Biên,Phường Mường Lay,Trường Mầm non 19 tháng 5,Mầm non
Tỉnh Điện Biên,Phường Mường Lay,Trường Tiểu học Nậm Cản,Tiểu học
Tỉnh Điện Biên,Phường Mường Lay,Trường Tiểu học Võ Thị Sáu,Tiểu học
Tỉnh Điện Biên,Phường Mường Lay,Trường Tiểu học Đồi Cao,Tiểu học
Tỉnh Điện Biên,Phường Mường Lay,Trường Trung học cơ sở Lay Nưa,THCS
Tỉnh Điện Biên,Phường Mường Lay,Trường Trung học cơ sở Nguyễn Bá Ngọc,THCS
Tỉnh Điện Biên,Phường Mường Lay,Trường Trung học cơ sở Đoàn KẾt,THCS
Tỉnh Điện Biên,Phường Mường Lay,Trường Trung học phổ thông Mường Lay,THPT
Tỉnh Điện Biên,Phường Mường Thanh,Trường Tiểu học Nam Thanh,Tiểu học
Tỉnh Điện Biên,Phường Mường Thanh,Trường Tiểu học Noong Bua,Tiểu học
Tỉnh Điện Biên,Phường Mường Thanh,Trường Trung học cơ sở Him Lam,THCS
Tỉnh Điện Biên,Phường Điện Biên Phủ,Trường Mầm non 20-10,Mầm non
Tỉnh Điện Biên,Phường Điện Biên Phủ,Trường Tiểu học - Trung học cơ sở Thanh Trường,Liên cấp
Tỉnh Điện Biên,Phường Điện Biên Phủ,Trường Tiểu học Bế Văn Đàn,Tiểu học
Tỉnh Điện Biên,Phường Điện Biên Phủ,Trường Tiểu học Hà Nội - Điện Biên Phủ,Tiểu học
Tỉnh Điện Biên,Phường Điện Biên Phủ,Trường Tiểu học Tô Vĩnh Diện,Tiểu học
Tỉnh Điện Biên,Phường Điện Biên Phủ,Trường Trung học cơ sở Thanh Bình,THCS
Tỉnh Điện Biên,Phường Điện Biên Phủ,Trường Trung học cơ sở Trần Can,THCS
Tỉnh Điện Biên,Phường Điện Biên Phủ,Trường Trung học phổ thông chuyên Lê Quý Đôn,THPT
Tỉnh Điện Biên,Xã Mường Nhé,Trường PTDTBT Tiểu học Trần Văn Thọ,Tiểu học
Tỉnh Điện Biên,Xã Mường Nhé,Trường Phổ thông Dân tộc Nội trú Mường Nhé,THPT
Tỉnh Điện Biên,Xã Mường Nhé,Trường Trung học cơ sở Mường Nhé,THCS
Tỉnh Điện Biên,Xã Mường Nhé,Trường Trung học phổ thông Mường Nhé,THPT
Tỉnh Điện Biên,Xã Na Sang,Trường Phổ thông dân tộc nội trú Trung học phổ thông Na Sang,THPT
Tỉnh Điện Biên,Xã Na Sang,Trường Trung học cơ sở thị trấn Mường Chà,THCS
Tỉnh Điện Biên,Xã Na Sang,Trường Trung học phổ thông Na Sang,THPT
Tỉnh Điện Biên,Xã Na Sang,Trường tiểu học thị trấn Mường Chà,Tiểu học
Tỉnh Điện Biên,Xã Sín Thầu,Trường PTDTBT Tiểu học Leng Su Sìn,Tiểu học
Tỉnh Điện Biên,Xã Sín Thầu,Trường Tiểu học xã Sín Thầu,Tiểu học
Tỉnh Điện Biên,Xã Sín Thầu,Trường Trung học cơ sở Sín Thầu,THCS
Tỉnh Đắk Lắk,Phường Buôn Hồ,Trường Trung học phổ thông Buôn Hồ,THPT
Tỉnh Đắk Lắk,Phường Buôn Ma Thuột,Mầm non quốc tế,Mầm non
Tỉnh Đắk Lắk,Phường Buôn Ma Thuột,Tiểu học Lê Thị Hồng Gấm,Tiểu học
Tỉnh Đắk Lắk,Phường Buôn Ma Thuột,Tiểu học Lý Tự Trọng,Tiểu học
Tỉnh Đắk Lắk,Phường Buôn Ma Thuột,Tiểu học Nguyễn Bỉnh Khiêm,Tiểu học
Tỉnh Đắk Lắk,Phường Buôn Ma Thuột,Trường Mầm non Thanh Tâm,Mầm non
Tỉnh Đắk Lắk,Phường Buôn Ma Thuột,Trường Quân Sự Địa Phương,
Tỉnh Đắk Lắk,Phường Buôn Ma Thuột,Trường Tiểu Học Lê Văn Tám,Tiểu học
Tỉnh Đắk Lắk,Phường Buôn Ma Thuột,Trường Tiểu học Ngô Quyền,Tiểu học
Tỉnh Đắk Lắk,Phường Buôn Ma Thuột,"Trường Tiểu học, Trung học cơ sở & Trung học phổ thông Victory",Liên cấp
Tỉnh Đắk Lắk,Phường Buôn Ma Thuột,Trường Trung học cơ sở Hùng Vương,THCS
Tỉnh Đắk Lắk,Phường Buôn Ma Thuột,Trường Trung học cơ sở Lạc Long Quân,THCS
Tỉnh Đắk Lắk,Phường Buôn Ma Thuột,Trường Trung học cơ sở Phan Chu Trinh,THCS
Tỉnh Đắk Lắk,Phường Buôn Ma Thuột,Trường Trung học cơ sở Phạm Hồng Thái,THCS
Tỉnh Đắk Lắk,Phường Buôn Ma Thuột,Trường Trung học cơ sở Tân Lợi,THCS
Tỉnh Đắk Lắk,Phường Buôn Ma Thuột,Trường Trung học cơ sở Đoàn Thị Điểm,THCS
Tỉnh Đắk Lắk,Phường Buôn Ma Thuột,Trường Trung học phổ thông Buôn Ma Thuột,THPT
Tỉnh Đắk Lắk,Phường Buôn Ma Thuột,Trường Trung học phổ thông Chu Văn An,THPT
Tỉnh Đắk Lắk,Phường Buôn Ma Thuột,Trường Trung học phổ thông Hồng Đức,THPT
Tỉnh Đắk Lắk,Phường Buôn Ma Thuột,Trường Trung học phổ thông Lê Quý Đôn,THPT
Tỉnh Đắk Lắk,Phường Buôn Ma Thuột,Trường mầm non Tân Thành,Mầm non
Tỉnh Đắk Lắk,Phường Buôn Ma Thuột,Trường mầm non Tự An,Mầm non
Tỉnh Đắk Lắk,Phường Buôn Ma Thuột,Trường mẫu giáo 10-3,Mầm non
Tỉnh Đắk Lắk,Phường Buôn Ma Thuột,Trường tiểu học Võ Thị Sáu,Tiểu học
Tỉnh Đắk Lắk,Phường Buôn Ma Thuột,Tư thục Trường Sơn,
Tỉnh Đắk Lắk,Phường Buôn Ma Thuột,tiểu học Lê Hồng Phong,Tiểu học
Tỉnh Đắk Lắk,Phường Buôn Ma Thuột,tiểu học Nguyễn Đức Cảnh,Tiểu học
Tỉnh Đắk Lắk,Phường Buôn Ma Thuột,tiểu học Phan Chu Trinh,Tiểu học
Tỉnh Đắk Lắk,Phường Buôn Ma Thuột,trường mầm non Thống Nhất,Mầm non
Tỉnh Đắk Lắk,Phường Bình Kiến,Trường Phổ thông Duy Tân,THPT
Tỉnh Đắk Lắk,Phường Bình Kiến,Trường THCS Trần Cao Vân,THCS
Tỉnh Đắk Lắk,Phường Bình Kiến,Trường Tiểu học Nguyễn Chí Thanh,Tiểu học
Tỉnh Đắk Lắk,Phường Cư Bao,Trường Tiểu học Nguyễn Văn Trỗi,Tiểu học
Tỉnh Đắk Lắk,Phường Cư Bao,Trường Trung học cơ sở Ngô Quyền,THCS
Tỉnh Đắk Lắk,Phường Ea Kao,Trường Trung học cơ sở Trần Hưng Đạo,THCS
Tỉnh Đắk Lắk,Phường Ea Kao,Trường Trung học phổ thông Thực hành Cao Nguyên,THPT
Tỉnh Đắk Lắk,Phường Ea Kao,Trường tiểu học Tô Hiệu,Tiểu học
Tỉnh Đắk Lắk,Phường Hòa Hiệp,Trường THCS Trường Chinh,THCS
Tỉnh Đắk Lắk,Phường Hòa Hiệp,Trường Tiểu học Lý Tự Trọng,Tiểu học
Tỉnh Đắk Lắk,Phường Hòa Hiệp,Trường Tiểu học Phạm Văn Đồng,Tiểu học
Tỉnh Đắk Lắk,Phường Hòa Hiệp,Trường Tiểu học Võ Nguyên Giáp,Tiểu học
Tỉnh Đắk Lắk,Phường Phú Yên,Trường Mầm Non Hoà Thành,Mầm non
Tỉnh Đắk Lắk,Phường Phú Yên,Trường THCS Nguyễn Thị Định,THCS
Tỉnh Đắk Lắk,Phường Phú Yên,Trường THCS Trần Hưng Đạo,THCS
Tỉnh Đắk Lắk,Phường Phú Yên,Trường Tiểu học Chu Văn An,Tiểu học
Tỉnh Đắk Lắk,Phường Phú Yên,Trường Tiểu học Võ Thị Sáu,Tiểu học
Tỉnh Đắk Lắk,Phường Phú Yên,Trường Trung học phổ thông Ngô Gia Tự,THPT
Tỉnh Đắk Lắk,Phường Sông Cầu,Trường Mầm Non Xuân Phú,Mầm non
Tỉnh Đắk Lắk,Phường Sông Cầu,Trường Mầm non Xuân Phương,Mầm non
Tỉnh Đắk Lắk,Phường Sông Cầu,Trường Mầm non Xuân Yên,Mầm non
Tỉnh Đắk Lắk,Phường Sông Cầu,Trường Mẫu Giáo Xuân Phương Dân Phú 2,Mầm non
Tỉnh Đắk Lắk,Phường Sông Cầu,Trường THCS Hoàng Văn Thụ,THCS
Tỉnh Đắk Lắk,Phường Sông Cầu,Trường Tiểu học & Trung học cơ sở Lê Thánh Tông,Liên cấp
Tỉnh Đắk Lắk,Phường Sông Cầu,Trường Tiểu học Xuân Phú,Tiểu học
Tỉnh Đắk Lắk,Phường Sông Cầu,Trường Tiểu học Xuân Yên,Tiểu học
Tỉnh Đắk Lắk,Phường Sông Cầu,Trường Tiểu học và Trung học cơ sở Lê Quý Đôn,Liên cấp
Tỉnh Đắk Lắk,Phường Sông Cầu,Trường Trung học cơ sở Mạc Đỉnh Chi,THCS
Tỉnh Đắk Lắk,Phường Sông Cầu,Trường Trung học phổ thông Phan Đình Phùng,THPT
Tỉnh Đắk Lắk,Phường Thành Nhất,Tiểu học Ngô Gia Tự,Tiểu học
Tỉnh Đắk Lắk,Phường Thành Nhất,Trường Phổ thông Dân tộc Nội trú Tây Nguyên,THPT
Tỉnh Đắk Lắk,Phường Thành Nhất,Trường Tiểu học Nguyễn Huệ,Tiểu học
Tỉnh Đắk Lắk,Phường Thành Nhất,Trường Trung học cơ sở Đào Duy Từ,THCS
Tỉnh Đắk Lắk,Phường Thành Nhất,Trường Trung học phổ thông Lê Duẩn,THPT
Tỉnh Đắk Lắk,Phường Tuy Hòa,Trường Phổ thông Dân tộc Nội trú tỉnh Phú Yên,THPT
Tỉnh Đắk Lắk,Phường Tuy Hòa,Trường THCS Võ Văn Kiệt,THCS
Tỉnh Đắk Lắk,Phường Tuy Hòa,Trường Tiểu học Hoà An 2,Tiểu học
Tỉnh Đắk Lắk,Phường Tuy Hòa,Trường Tiểu học Hòa An,Tiểu học
Tỉnh Đắk Lắk,Phường Tuy Hòa,Trường Tiểu học Kim Đồng,Tiểu học
Tỉnh Đắk Lắk,Phường Tuy Hòa,Trường Tiểu học Lạc Long Quân,Tiểu học
Tỉnh Đắk Lắk,Phường Tuy Hòa,Trường Tiểu học Quang Trung,Tiểu học
Tỉnh Đắk Lắk,Phường Tuy Hòa,Trường Tiểu học Trưng Vương,Tiểu học
Tỉnh Đắk Lắk,Phường Tuy Hòa,Trường Trung học cơ sở Hùng Vương,THCS
Tỉnh Đắk Lắk,Phường Tuy Hòa,Trường Trung học cơ sở Lương Thế Vinh,THCS
Tỉnh Đắk Lắk,Phường Tuy Hòa,Trường Trung học phổ thông Nguyễn Huệ,THPT
Tỉnh Đắk Lắk,Phường Tuy Hòa,Trường Trung học phổ thông Nguyễn Trãi,THPT
Tỉnh Đắk Lắk,Phường Tuy Hòa,Trường Trung học phổ thông chuyên Lương Văn Chánh,THPT
Tỉnh Đắk Lắk,Phường Tuy Hòa,Trường Trung học phổ thông chuyên Lương Văn Chánh (A2),THPT
Tỉnh Đắk Lắk,Phường Tân An,Trường Hoàng Việt,
Tỉnh Đắk Lắk,Phường Tân An,Trường Trung học cơ sở & Trung học phổ thông Đông Du,THCS
Tỉnh Đắk Lắk,Phường Tân An,Trường Trung học cơ sở Lương Thế Vinh,THCS
Tỉnh Đắk Lắk,Phường Tân An,Trường Trung học cơ sở Nguyễn Thị Minh Khai,THCS
Tỉnh Đắk Lắk,Phường Tân An,Trường Trung học phổ thông Cao Bá Quát,THPT
Tỉnh Đắk Lắk,Phường Tân An,Trường Trung học phổ thông chuyên Nguyễn Du,THPT
Tỉnh Đắk Lắk,Phường Tân An,Trường khuyết tật Hy Vọng,
Tỉnh Đắk Lắk,Phường Tân An,tiểu học Nguyễn Bá Ngọc,Tiểu học
Tỉnh Đắk Lắk,Phường Tân An,tiểu học Nguyễn Viết Xuân,Tiểu học
Tỉnh Đắk Lắk,Phường Tân Lập,Trường Trung học cơ sở Kim Đồng,THCS
Tỉnh Đắk Lắk,Phường Tân Lập,Trường Trung học cơ sở Nguyễn Chí Thanh,THCS
Tỉnh Đắk Lắk,Phường Xuân Đài,Trường Tiểu Học Xuân Đài (điểm Bình Thạnh),Tiểu học
Tỉnh Đắk Lắk,Phường Đông Hòa,Trường Mầm non Hòa Vinh,Mầm non
Tỉnh Đắk Lắk,Phường Đông Hòa,Trường Tiểu Học Lê Quý Đôn,Tiểu học
Tỉnh Đắk Lắk,Phường Đông Hòa,Trường Tiểu học Đỗ Như Dậy,Tiểu học
Tỉnh Đắk Lắk,Phường Đông Hòa,Trường Trung học cơ sở Trần Hưng Đạo,THCS
Tỉnh Đắk Lắk,Phường Đông Hòa,Trường Trung học phổ thông Lê Trung Kiên,THPT
Tỉnh Đắk Lắk,Phường Đông Hòa,Trường Trung học phổ thông Nguyễn Công Trứ,THPT
Tỉnh Đắk Lắk,Phường Đông Hòa,Trường tiểu học Chu Văn An 1,Tiểu học
Tỉnh Đắk Lắk,Xã Cư M’ta,Trường Tiểu học Lê Lợi,Tiểu học
Tỉnh Đắk Lắk,Xã Cư M’ta,Trường tiểu học Võ Thị Sáu,Tiểu học
Tỉnh Đắk Lắk,Xã Cư Yang,Trường Mầm non Hoa Pơ Lang,Mầm non
Tỉnh Đắk Lắk,Xã Cư Yang,Trường THCS Phan Đăng Lưu,THCS
Tỉnh Đắk Lắk,Xã Cư Yang,Trường Tiểu Học Lý Thường Kiệt,Tiểu học
Tỉnh Đắk Lắk,Xã Dliê Ya,Trường Trung học Cơ sở Hà Huy Tập,THCS
Tỉnh Đắk Lắk,Xã Ea Drông,Trường Tiểu Học Hoàng văn Thụ,Tiểu học
Tỉnh Đắk Lắk,Xã Ea Drông,Trường Tiểu học Tô Hiệu,Tiểu học
Tỉnh Đắk Lắk,Xã Ea Drăng,Trường Tiểu học Kim Đồng,Tiểu học
Tỉnh Đắk Lắk,Xã Ea Kar,Trường PTDT Nội Trú Eakar,
Tỉnh Đắk Lắk,Xã Ea Kar,Trường TH Mạc Thị Bưởi,Tiểu học
Tỉnh Đắk Lắk,Xã Ea Kar,Trường THCS Chu Văn An,THCS
Tỉnh Đắk Lắk,Xã Ea Kar,Trường THCS Nguyễn Khuyến,THCS
Tỉnh Đắk Lắk,Xã Ea Kar,Trường THCS Nguyễn Đình Chiểu,THCS
Tỉnh Đắk Lắk,Xã Ea Kar,Trường THCS Nguyễn Đức Cảnh,THCS
Tỉnh Đắk Lắk,Xã Ea Kar,Trường THPT Ngô Gia Tự,THPT
Tỉnh Đắk Lắk,Xã Ea Kar,Trường THPT Trần Nhân Tông,THPT
Tỉnh Đắk Lắk,Xã Ea Kar,Trường Tiểu Học Hoàng Văn Thụ,Tiểu học
Tỉnh Đắk Lắk,Xã Ea Kar,Trường Tiểu học Lê Lợi,Tiểu học
Tỉnh Đắk Lắk,Xã Ea Kar,Trường Tiểu học Nguyễn Chí Thanh,Tiểu học
Tỉnh Đắk Lắk,Xã Ea Kar,Trường Tiểu học Nguyễn Thị Minh Khai,Tiểu học
Tỉnh Đắk Lắk,Xã Ea Kar,Trường Tiểu học Nguyễn Văn Bé,Tiểu học
Tỉnh Đắk Lắk,Xã Ea Kar,Trường Tiểu học Trần Hưng Đạo,Tiểu học
Tỉnh Đắk Lắk,Xã Ea Kar,Trường mẫu giáo Họa Mi,Mầm non
Tỉnh Đắk Lắk,Xã Ea Knốp,Trường THPT Trần Quốc Toản,THPT
Tỉnh Đắk Lắk,Xã Ea Ktur,Trường Cấp 2 Việt Đức,
Tỉnh Đắk Lắk,Xã Ea Ktur,Trường Tiểu học Nơ trang Lơng,Tiểu học
Tỉnh Đắk Lắk,Xã Ea Ktur,Trường Tiểu học Nơ trang lơng ( cs T11),Tiểu học
Tỉnh Đắk Lắk,Xã Ea Ktur,Trường Trung học cơ sở Eatieu,THCS
Tỉnh Đắk Lắk,Xã Ea Ktur,Trường cấp 3 Việt Đức,
Tỉnh Đắk Lắk,Xã Ea Rốk,Trường Tiểu học Lê Văn Tám (Phân hiệu Buôn Ba Na),Tiểu học
Tỉnh Đắk Lắk,Xã Ea Ô,Trường THCS Phan Đình Phùng,THCS
Tỉnh Đắk Lắk,Xã Ea Ô,Trường THPT Võ Nguyên Giáp,THPT
Tỉnh Đắk Lắk,Xã Ea Ô,Trường Tiểu học Lê Văn Tám,Tiểu học
Tỉnh Đắk Lắk,Xã Hòa Phú,Trường Trung học phổ thông Trần Phú,THPT
Tỉnh Đắk Lắk,Xã Hòa Sơn,Trường Tiểu học Sơn Đông,Tiểu học
Tỉnh Đắk Lắk,Xã Hòa Xuân,Trường Trung học cơ sở Nguyễn Chí Thanh,THCS
Tỉnh Đắk Lắk,Xã Hòa Xuân,Trường tiểu học Hòa Xuân Đông,Tiểu học
Tỉnh Đắk Lắk,Xã Krông Bông,Trường Trung học phổ thông Krông Bông,THPT
Tỉnh Đắk Lắk,Xã Krông Búk,Trường Trung học cơ sở Phan Bội Châu,THCS
Tỉnh Đắk Lắk,Xã Krông Búk,Trường Trung học phổ thông Nguyễn Văn Cừ,THPT
Tỉnh Đắk Lắk,Xã Krông Nô,Trường Tiểu học Quang Trung,Tiểu học
Tỉnh Đắk Lắk,Xã Krông Nô,Trường Trung học cơ sở Trần Hưng Đạo,THCS
Tỉnh Đắk Lắk,Xã Krông Năng,Trường Mầm Non Phú Lộc,Mầm non
Tỉnh Đắk Lắk,Xã Krông Năng,Trường THCS Phú Lộc,THCS
Tỉnh Đắk Lắk,Xã Krông Năng,Trường Tiểu học Phú Lộc,Tiểu học
Tỉnh Đắk Lắk,Xã Liên Sơn Lắk,Trường THPT Lăk,THPT
Tỉnh Đắk Lắk,Xã M’Drắk,Trường Mầm non Thị trấn M'Đrăk,Mầm non
Tỉnh Đắk Lắk,Xã M’Drắk,Trường THCS Hùng Vương,THCS
Tỉnh Đắk Lắk,Xã M’Drắk,Trường THCS Trần Hưng Đạo,THCS
Tỉnh Đắk Lắk,Xã M’Drắk,Trường THPT Nguyễn Tất Thành,THPT
Tỉnh Đắk Lắk,Xã M’Drắk,Trường Tiểu học Chu Văn An,Tiểu học
Tỉnh Đắk Lắk,Xã M’Drắk,Trường Tiểu học Kim Đồng,Tiểu học
Tỉnh Đắk Lắk,Xã M’Drắk,Trường Tiểu học Nguyễn Văn Trỗi,Tiểu học
Tỉnh Đắk Lắk,Xã Phú Hòa 1,Trường Mầm Non Hòa Thắng,Mầm non
Tỉnh Đắk Lắk,Xã Phú Hòa 1,Trường THCS Nguyễn Thế Bảo,THCS
Tỉnh Đắk Lắk,Xã Phú Hòa 1,Trường THCS Thị Trấn Phú Hoà,THCS
Tỉnh Đắk Lắk,Xã Phú Hòa 1,Trường THPT Trần Bình Trọng,THPT
Tỉnh Đắk Lắk,Xã Phú Hòa 1,Trường THPT Trần Quốc Tuấn,THPT
Tỉnh Đắk Lắk,Xã Phú Hòa 1,Trường Tiểu Học Hòa Thắng 1,Tiểu học
Tỉnh Đắk Lắk,Xã Phú Hòa 1,Trường Tiểu học Hòa Thắng 2,Tiểu học
Tỉnh Đắk Lắk,Xã Phú Hòa 1,Trường Tiểu học Số 1 Hòa Định Đông,Tiểu học
Tỉnh Đắk Lắk,Xã Phú Hòa 1,Trường Tiểu học Thị trấn Phú Hòa,Tiểu học
Tỉnh Đắk Lắk,Xã Phú Hòa 2,Trường Trung học cơ sở Hoà Quang,THCS
Tỉnh Đắk Lắk,Xã Phú Hòa 2,Trường Trung học cơ sở Trần Hào,THCS
Tỉnh Đắk Lắk,Xã Phú Hòa 2,Trường Trung học phổ thông Trần Suyền,THPT
Tỉnh Đắk Lắk,Xã Phú Xuân,Trường Mẫu Giáo Vàng Anh,Mầm non
Tỉnh Đắk Lắk,Xã Phú Xuân,Trường TH&THCS Lê Duẩn (Phân hiệu Tiểu học),Liên cấp
Tỉnh Đắk Lắk,Xã Sơn Hòa,THPT Phan Bội Châu,THPT
Tỉnh Đắk Lắk,Xã Sơn Hòa,Trường Tiểu học Củng Sơn 1,Tiểu học
Tỉnh Đắk Lắk,Xã Sơn Hòa,Trường Tiểu học Củng Sơn 2,Tiểu học
Tỉnh Đắk Lắk,Xã Sơn Hòa,Trường Tiểu học Suối Bạc,Tiểu học
Tỉnh Đắk Lắk,Xã Sơn Hòa,Trường Tiểu học Sơn Hà 1,Tiểu học
Tỉnh Đắk Lắk,Xã Sơn Hòa,Trường Trung học cơ sở Nguyễn Trung Trục,THCS
Tỉnh Đắk Lắk,Xã Sơn Hòa,Trường Trung học cơ sở Suối Bạc,THCS
Tỉnh Đắk Lắk,Xã Sơn Hòa,Trường Trung học cơ sở Sơn Nguyên,THCS
Tỉnh Đắk Lắk,Xã Tam Giang,Trường Mẫu giáo Hương Giang,Mầm non
Tỉnh Đắk Lắk,Xã Tam Giang,Trường THCS Trần Hưng Đạo,THCS
Tỉnh Đắk Lắk,Xã Tam Giang,Trường THPT Tôn Đức Thắng,THPT
Tỉnh Đắk Lắk,Xã Tam Giang,Trường Tiểu học Nguyễn Chí Thanh,Tiểu học
Tỉnh Đắk Lắk,Xã Tuy An Bắc,Mầm Non Ngôi Sao,Mầm non
Tỉnh Đắk Lắk,Xã Tuy An Bắc,Trường Mầm non 30-4,Mầm non
Tỉnh Đắk Lắk,Xã Tuy An Bắc,Trường Tiểu Học Thị Trấn Chí Thạnh (Điểm trường Ngân Sơn),Tiểu học
Tỉnh Đắk Lắk,Xã Tuy An Bắc,Trường Tiểu học An Dân số 1,Tiểu học
Tỉnh Đắk Lắk,Xã Tuy An Bắc,Trường Tiểu học An Dân số 2,Tiểu học
Tỉnh Đắk Lắk,Xã Tuy An Bắc,Trường Tiểu học Chí Thạnh số 1,Tiểu học
Tỉnh Đắk Lắk,Xã Tuy An Bắc,Trường Trung học cơ sở Lê Thánh Tông,THCS
Tỉnh Đắk Lắk,Xã Tuy An Bắc,Trường Trung học cơ sở Võ Trứ,THCS
Tỉnh Đắk Lắk,Xã Tuy An Bắc,Trường Trung học phổ thông Trần Phú,THPT
Tỉnh Đắk Lắk,Xã Tuy An Bắc,Trường mầm non xã An Dân,Mầm non
Tỉnh Đắk Lắk,Xã Tuy An Bắc,Trường tiểu học An Định,Tiểu học
Tỉnh Đắk Lắk,Xã Tuy An Nam,Trường Mầm non An Mỹ,Mầm non
Tỉnh Đắk Lắk,Xã Tuy An Nam,Trường THCS Trần Rịa,THCS
Tỉnh Đắk Lắk,Xã Tuy An Nam,Trường Tiểu Học Nguyễn Hữu Thọ,Tiểu học
Tỉnh Đắk Lắk,Xã Tuy An Nam,Trường Trung học cơ sở Nguyễn Thái Bình,THCS
Tỉnh Đắk Lắk,Xã Tuy An Nam,Trường Trung học phổ thông Lê Thành Phương,THPT
Tỉnh Đắk Lắk,Xã Tuy An Tây,Trường Trung học cơ sở Nguyễn Hoa,THCS
Tỉnh Đắk Lắk,Xã Tuy An Đông,Trường Tiểu học Hà Yến,Tiểu học
Tỉnh Đắk Lắk,Xã Tuy An Đông,Trường Trung học cơ sở Châu Kim Huệ,THCS
Tỉnh Đắk Lắk,Xã Tuy An Đông,Trường Trung học cơ sở Lê Duẩn,THCS
Tỉnh Đắk Lắk,Xã Tuy An Đông,Trường Trung học cơ sở và Trung học phổ thông Võ Thị Sáu,THCS
Tỉnh Đắk Lắk,Xã Tuy An Đông,Điểm Trường Trường Tiểu Học Và Trung Học Cơ Sở Lê Duẩn,Liên cấp
Tỉnh Đắk Lắk,Xã Tây Hòa,Trường Mầm Non Thị Trấn Phú Thứ,Mầm non
Tỉnh Đắk Lắk,Xã Tây Hòa,Trường Tiểu học Hòa Tân Tây,Tiểu học
Tỉnh Đắk Lắk,Xã Tây Hòa,Trường Trung học cơ sở Nguyễn Tất Thành,THCS
Tỉnh Đắk Lắk,Xã Tây Hòa,Trường Trung học cơ sở Phạm Đình Quy,THCS
Tỉnh Đắk Lắk,Xã Vân Hòa,Trường Tiểu học Xuân Sơn,Tiểu học
Tỉnh Đắk Lắk,Xã Xuân Cảnh,Trường Mầm non Xuân Hòa,Mầm non
Tỉnh Đắk Lắk,Xã Xuân Cảnh,Trường TH & THCS Cù Chính Lan,Liên cấp
Tỉnh Đắk Lắk,Xã Xuân Cảnh,Trường THCS Triệu Thị Trinh,THCS
Tỉnh Đắk Lắk,Xã Xuân Cảnh,Trường Tiểu học Xuân Bình,Tiểu học
Tỉnh Đắk Lắk,Xã Xuân Lộc,Trường THCS Bùi Thị Xuân,THCS
Tỉnh Đắk Lắk,Xã Xuân Lộc,Trường THCS Tô Vĩnh Diện,THCS
Tỉnh Đắk Lắk,Xã Xuân Lộc,Trường Tiểu học Xuân Hải 1,Tiểu học
Tỉnh Đắk Lắk,Xã Ô Loan,Trường Tiểu học An Hiệp,Tiểu học
Tỉnh Đắk Lắk,Xã Đồng Xuân,Trường Trung học phổ thông Lê Lợi,THPT
Tỉnh Đắk Lắk,Xã Đồng Xuân,Trường tiểu học Xuân Sơn Nam,Tiểu học
Tỉnh Đồng Tháp,Phường An Bình,Tiểu học An Bình A,Tiểu học
Tỉnh Đồng Tháp,Phường An Bình,Trường Trung học cơ sở An Bình A,THCS
Tỉnh Đồng Tháp,Phường An Bình,Trường Trung học phổ thông Hồng Ngự,THPT
Tỉnh Đồng Tháp,Phường Cai Lậy,Tiểu học Trương Văn Sanh,Tiểu học
Tỉnh Đồng Tháp,Phường Cai Lậy,Trung học cơ sở Võ Việt Tân,THCS
Tỉnh Đồng Tháp,Phường Cai Lậy,Trường Trung học phổ thông Đốc Binh Kiều,THPT
Tỉnh Đồng Tháp,Phường Cai Lậy,Trường mầm non 3/2,Mầm non
Tỉnh Đồng Tháp,Phường Cao Lãnh,Tiểu học Chu Văn An,Tiểu học
Tỉnh Đồng Tháp,Phường Cao Lãnh,Trường Mầm Non Ngôi Sao,Mầm non
Tỉnh Đồng Tháp,Phường Cao Lãnh,Trường Trung học cơ sở Phan Bội Châu,THCS
Tỉnh Đồng Tháp,Phường Cao Lãnh,Trường Trung học phổ thông Cao Lãnh,THPT
Tỉnh Đồng Tháp,Phường Cao Lãnh,Trường Trung học phổ thông Đỗ Công Tường,THPT
Tỉnh Đồng Tháp,Phường Cao Lãnh,Trường tiểu học Lê Quý Đôn,Tiểu học
Tỉnh Đồng Tháp,Phường Cao Lãnh,Trường tiểu học Lê Thánh Tông,Tiểu học
Tỉnh Đồng Tháp,Phường Cao Lãnh,Trường tiểu học Lê Văn Tám,Tiểu học
Tỉnh Đồng Tháp,Phường Gò Công,Trường Tiểu học Phường 4,Tiểu học
Tỉnh Đồng Tháp,Phường Hồng Ngự,Mẫu Giáo Phường An Thạnh,Mầm non
Tỉnh Đồng Tháp,Phường Hồng Ngự,Trường Mầm non Minh Đức,Mầm non
Tỉnh Đồng Tháp,Phường Hồng Ngự,Trường Tiểu học An Thạnh 1,Tiểu học
Tỉnh Đồng Tháp,Phường Hồng Ngự,Trường Trung học cơ sở AN THẠNH,THCS
Tỉnh Đồng Tháp,Phường Hồng Ngự,Trường Trung học cơ sở Thị Trấn,THCS
Tỉnh Đồng Tháp,Phường Hồng Ngự,Trường Trung học phổ thông CHU VĂN ĂN,THPT
Tỉnh Đồng Tháp,Phường Hồng Ngự,trường mầm non bến xe cũ,Mầm non
Tỉnh Đồng Tháp,Phường Hồng Ngự,trường mầm non thị xã hồng ngự điểm 1,Mầm non
Tỉnh Đồng Tháp,Phường Long Thuận,Trường Tiểu học Phường 1,Tiểu học
Tỉnh Đồng Tháp,Phường Long Thuận,Trường Trung học cơ sở Phường 3,THCS
Tỉnh Đồng Tháp,Phường Long Thuận,Trường Trung học phổ thông Trương Định,THPT
Tỉnh Đồng Tháp,Phường Mỹ Phong,Trường Tiểu học Âu Dương Lân,Tiểu học
Tỉnh Đồng Tháp,Phường Mỹ Phước Tây,Tiểu học Phan Văn Kiêu,Tiểu học
Tỉnh Đồng Tháp,Phường Mỹ Phước Tây,Trung học cơ sở Trừ Văn Thố,THCS
Tỉnh Đồng Tháp,Phường Mỹ Phước Tây,Trường Trung học phổ thông Lê Văn Phẩm,THPT
Tỉnh Đồng Tháp,Phường Mỹ Phước Tây,Trường tiểu học Phan Văn Kiêu CS1,Tiểu học
Tỉnh Đồng Tháp,Phường Mỹ Tho,Trường Mầm Non Bông Sen,Mầm non
Tỉnh Đồng Tháp,Phường Mỹ Tho,Trường Mầm Non Lê Thị Hồng Gấm,Mầm non
Tỉnh Đồng Tháp,Phường Mỹ Tho,Trường Mầm Non Sao Sáng,Mầm non
Tỉnh Đồng Tháp,Phường Mỹ Tho,Trường Tiểu Học Thủ Khoa Huân,Tiểu học
Tỉnh Đồng Tháp,Phường Mỹ Tho,Trường Tiểu học Hoàng Hoa Thám,Tiểu học
Tỉnh Đồng Tháp,Phường Mỹ Tho,Trường Tiểu học Hồ Văn Nhánh,Tiểu học
Tỉnh Đồng Tháp,Phường Mỹ Tho,Trường Tiểu học Nguyễn Trãi,Tiểu học
Tỉnh Đồng Tháp,Phường Mỹ Tho,Trường Tiểu học Đinh Bộ Lĩnh,Tiểu học
Tỉnh Đồng Tháp,Phường Mỹ Tho,Trường Trung học cơ sở Học Lạc,THCS
Tỉnh Đồng Tháp,Phường Mỹ Tho,Trường Trung học cơ sở Lê Ngọc Hân,THCS
Tỉnh Đồng Tháp,Phường Mỹ Tho,Trường Trung học cơ sở Trịnh Hoài Đức,THCS
Tỉnh Đồng Tháp,Phường Mỹ Tho,Trường Trung học cơ sở Xuân Diệu,THCS
Tỉnh Đồng Tháp,Phường Mỹ Tho,Trường Trung học phổ thông Nguyễn Đình Chiểu,THPT
Tỉnh Đồng Tháp,Phường Mỹ Trà,Trường Tiểu Học Lý Tự Trọng,Tiểu học
Tỉnh Đồng Tháp,Phường Mỹ Trà,Trường Tiểu Học Mỹ Phú,Tiểu học
Tỉnh Đồng Tháp,Phường Mỹ Trà,Trường Trung học phổ thông chuyên Nguyễn Quang Diêu,THPT
Tỉnh Đồng Tháp,Phường Nhị Quý,Trường Tiểu học Nhị Quý,Tiểu học
Tỉnh Đồng Tháp,Phường Sa Đéc,Trường Tiểu học Kim Đồng,Tiểu học
Tỉnh Đồng Tháp,Phường Sa Đéc,Trường Tiểu học Trưng Vương,Tiểu học
Tỉnh Đồng Tháp,Phường Sa Đéc,Trường Trung học cơ sở Hùng Vương,THCS
Tỉnh Đồng Tháp,Phường Sa Đéc,Trường Trung học phổ thông Thành phố Sa Đéc,THPT
Tỉnh Đồng Tháp,Phường Sa Đéc,Trường chính trị Đồng Tháp,
Tỉnh Đồng Tháp,Phường Sơn Qui,Trường Trung học cơ sở Tân Trung,THCS
Tỉnh Đồng Tháp,Phường Thanh Hòa,Trường mẫu giáo,Mầm non
Tỉnh Đồng Tháp,Phường Thanh Hòa,Trường tiểu học Trương Văn Sanh CS2,Tiểu học
Tỉnh Đồng Tháp,Phường Thường Lạc,Tiểu học Thường Lạc,Tiểu học
Tỉnh Đồng Tháp,Phường Thường Lạc,Trường Tiểu học Thường Thới Hậu A1,Tiểu học
Tỉnh Đồng Tháp,Phường Thường Lạc,Trường Tiểu học Thường Thới Hậu B2,Tiểu học
Tỉnh Đồng Tháp,Phường Thường Lạc,Trường Trung học cơ sở Thường Thới Hậu A,THCS
Tỉnh Đồng Tháp,Phường Thới Sơn,Trường Tiểu học Nguyễn Huệ,Tiểu học
Tỉnh Đồng Tháp,Phường Thới Sơn,Trường Trung học phổ thông Trần Hưng Đạo,THPT
Tỉnh Đồng Tháp,Phường Trung An,Trường Trung học phổ thông chuyên Tiền Giang,THPT
Tỉnh Đồng Tháp,Phường Đạo Thạnh,Trường Tiểu học Lê Quý Đôn,Tiểu học
Tỉnh Đồng Tháp,Phường Đạo Thạnh,Trường Tiểu học Thiên Hộ Dương,Tiểu học
Tỉnh Đồng Tháp,Phường Đạo Thạnh,Trường Tiểu học Thiên Hộ Dương (cơ sở 2),Tiểu học
Tỉnh Đồng Tháp,Phường Đạo Thạnh,Trường Trung học phổ thông tư thục Ấp Bắc,THPT
Tỉnh Đồng Tháp,Xã An Phước,Trường Trung học cơ sở nguyễn văn bảnh,THCS
Tỉnh Đồng Tháp,Xã Châu Thành,Trường Tiểu học Tân Hiệp,Tiểu học
Tỉnh Đồng Tháp,Xã Châu Thành,Trường Trung học cơ sở Tân Hiệp,THCS
Tỉnh Đồng Tháp,Xã Châu Thành,Trường Trung học phổ thông Nam Kỳ Khởi Nghĩa,THPT
Tỉnh Đồng Tháp,Xã Chợ Gạo,Trường Tiểu học Song Bình,Tiểu học
Tỉnh Đồng Tháp,Xã Chợ Gạo,Trường Trung học cơ sở Long Bình Điền,THCS
Tỉnh Đồng Tháp,Xã Chợ Gạo,Trường Trung học phổ thông Chợ Gạo,THPT
Tỉnh Đồng Tháp,Xã Chợ Gạo,Trường Trung học phổ thông Trần Văn Hoài,THPT
Tỉnh Đồng Tháp,Xã Chợ Gạo,Trường tiểu học Chợ Gạo,Tiểu học
Tỉnh Đồng Tháp,Xã Cái Bè,Trường Trung học cơ sở Thị trấn Cái Bè,THCS
Tỉnh Đồng Tháp,Xã Gò Công Đông,Trường Tiểu học Võ Thị Lớ,Tiểu học
Tỉnh Đồng Tháp,Xã Hòa Long,Trường Mầm Non xã Hòa Long,Mầm non
Tỉnh Đồng Tháp,Xã Hòa Long,Trường Tiểu học xã Hòa Long,Tiểu học
Tỉnh Đồng Tháp,Xã Hòa Long,Trường Trung học phổ thông Lai Vung 1,THPT
Tỉnh Đồng Tháp,Xã Hòa Long,Trường Trung học phổ thông Phan Văn Bảy,THPT
Tỉnh Đồng Tháp,Xã Lai Vung,Mầm non Tân Thành 1,Mầm non
Tỉnh Đồng Tháp,Xã Lai Vung,THPT Lai Vung 3,THPT
Tỉnh Đồng Tháp,Xã Lai Vung,Trường Mầm non Tân Thành 2,Mầm non
Tỉnh Đồng Tháp,Xã Lai Vung,Trường Mầm non Định An 1,Mầm non
Tỉnh Đồng Tháp,Xã Lai Vung,Trường Mầm non Định Yên,Mầm non
Tỉnh Đồng Tháp,Xã Lai Vung,Trường Tiểu học Tân Định,Tiểu học
Tỉnh Đồng Tháp,Xã Lai Vung,Trường Tiểu học Định Yên 1,Tiểu học
Tỉnh Đồng Tháp,Xã Lai Vung,Trường Trung học cơ sở Tân Thành 1,THCS
Tỉnh Đồng Tháp,Xã Lai Vung,Trường tiểu học Tân Thành 1,Tiểu học
Tỉnh Đồng Tháp,Xã Lai Vung,Trường tiểu học song ngữ Lai Vung,Tiểu học
Tỉnh Đồng Tháp,Xã Long Phú Thuận,Tiểu học Phú Thuận A 3,Tiểu học
Tỉnh Đồng Tháp,Xã Long Phú Thuận,Tiểu học Phú Thuận B,Tiểu học
Tỉnh Đồng Tháp,Xã Long Phú Thuận,Trường Trung học cơ sở Long Thuận 3,THCS
Tỉnh Đồng Tháp,Xã Long Phú Thuận,Trường Trung học cơ sở Phú Thuận A2,THCS
Tỉnh Đồng Tháp,Xã Long Phú Thuận,Trường Trung học cơ sở Phú Thuận B,THCS
Tỉnh Đồng Tháp,Xã Long Phú Thuận,Trường Trung học phổ thông Hồng Ngự 2,THPT
Tỉnh Đồng Tháp,Xã Lấp Vò,Trường Tiểu học Bình Thành 1,Tiểu học
Tỉnh Đồng Tháp,Xã Lấp Vò,Trường Trung học cơ sở Vĩnh Thạnh,THCS
Tỉnh Đồng Tháp,Xã Mỹ Hiệp,Mầm non Mỹ Long,Mầm non
Tỉnh Đồng Tháp,Xã Mỹ Hiệp,Trung học cơ sở Mỹ Long,THCS
Tỉnh Đồng Tháp,Xã Mỹ Hiệp,Trường Tiểu Học Mỹ Long,Tiểu học
Tỉnh Đồng Tháp,Xã Mỹ Hiệp,Trường Trung học phổ thông Cao Lãnh 2,THPT
Tỉnh Đồng Tháp,Xã Phong Mỹ,Trường Tiểu học Gáo Giồng,Tiểu học
Tỉnh Đồng Tháp,Xã Phú Thành,Trường Trung học cơ sở và Trung học phổ thông Đoàn Trần Nghiệp,THCS
Tỉnh Đồng Tháp,Xã Phương Thịnh,Trường Tiểu học Phương Thịnh,Tiểu học
Tỉnh Đồng Tháp,Xã Phương Thịnh,Trường Trung học cơ sở Phương Thịnh,THCS
Tỉnh Đồng Tháp,Xã Thanh Bình,Trường Trung học cơ sở Thanh Bình,THCS
Tỉnh Đồng Tháp,Xã Thanh Bình,Trường Trung học phổ thông Thanh Bình 1,THPT
Tỉnh Đồng Tháp,Xã Thanh Hưng,Trường Trung học phổ thông Phạm Thành Trung,THPT
Tỉnh Đồng Tháp,Xã Thường Phước,Tiểu học Thường Phước 2A,Tiểu học
Tỉnh Đồng Tháp,Xã Thường Phước,Tiểu học Thường Thới Tiền 1,Tiểu học
Tỉnh Đồng Tháp,Xã Thường Phước,Tiểu học Thường Thới Tiền 2,Tiểu học
Tỉnh Đồng Tháp,Xã Thường Phước,Truờng Tiểu học Thường Phước 1B,Tiểu học
Tỉnh Đồng Tháp,Xã Thường Phước,Trường Mẫu giáo Mương Chín Lịnh,Mầm non
Tỉnh Đồng Tháp,Xã Thường Phước,Trường Tiểu học Thường Phước 1A,Tiểu học
Tỉnh Đồng Tháp,Xã Thường Phước,Trường Tiểu học Thường Thới Tiền 2,Tiểu học
Tỉnh Đồng Tháp,Xã Thường Phước,Trường Trung học cơ sở Thường Phước 2,THCS
Tỉnh Đồng Tháp,Xã Thường Phước,Trường Trung học cơ sở Thường Thới Tiền,THCS
Tỉnh Đồng Tháp,Xã Thường Phước,Trường Trung học phổ thông Hồng Ngự 3,THPT
Tỉnh Đồng Tháp,Xã Thường Phước,Trường Trung học phổ thông Thường Phước,THPT
Tỉnh Đồng Tháp,Xã Thường Phước,Trường tiểu học Thường Phước 1,Tiểu học
Tỉnh Đồng Tháp,Xã Tràm Chim,Trường Tiểu Học Tràm Chim,Tiểu học
Tỉnh Đồng Tháp,Xã Tràm Chim,Trường Tiểu học Tràm Chim 2,Tiểu học
Tỉnh Đồng Tháp,Xã Tràm Chim,Trường Trung học cơ sở Tràm Chim,THCS
Tỉnh Đồng Tháp,Xã Tràm Chim,Trường Trung học phổ thông Tràm Chim,THPT
Tỉnh Đồng Tháp,Xã Trường Xuân,Trường Tiểu học Trường Xuân 1,Tiểu học
Tỉnh Đồng Tháp,Xã Trường Xuân,Trường Tiểu học Trường Xuân 2,Tiểu học
Tỉnh Đồng Tháp,Xã Trường Xuân,Trường Trung học cơ sở Trường Xuân,THCS
Tỉnh Đồng Tháp,Xã Trường Xuân,Trường Trung học phổ thông Trường Xuân,THPT
Tỉnh Đồng Tháp,Xã Tân Dương,Trường Trung học phổ thông chuyên Nguyễn Đình Chiểu,THPT
Tỉnh Đồng Tháp,Xã Tân Hòa,Trường Trung học cơ sở Nguyễn Trọng Dân,THCS
Tỉnh Đồng Tháp,Xã Tân Hòa,Trường Trung học phổ thông Nguyễn Văn Côn,THPT
Tỉnh Đồng Tháp,Xã Tân Hương,Trường Tiểu học Tân Hội Đông,Tiểu học
Tỉnh Đồng Tháp,Xã Tân Hương,Trường Trung học cơ sở Tân Hội Đông,THCS
Tỉnh Đồng Tháp,Xã Tân Hồng,Trường Tiểu học Bình Phú 1,Tiểu học
Tỉnh Đồng Tháp,Xã Tân Hồng,Trường Tiểu học Bình Phú 2,Tiểu học
Tỉnh Đồng Tháp,Xã Tân Hồng,Trường Tiểu học Nguyễn Huệ,Tiểu học
Tỉnh Đồng Tháp,Xã Tân Hồng,Trường Tiểu học Trần Phú,Tiểu học
Tỉnh Đồng Tháp,Xã Tân Hồng,Trường Trung học cơ sở Nguyễn Du,THCS
Tỉnh Đồng Tháp,Xã Tân Hồng,Trường Trung học cơ sở Nguyễn Văn Tiệp,THCS
Tỉnh Đồng Tháp,Xã Tân Hồng,Trường Trung học phổ thông Tân Hồng,THPT
Tỉnh Đồng Tháp,Xã Tân Khánh Trung,Trường Tiểu học Long Hưng B 2,Tiểu học
Tỉnh Đồng Tháp,Xã Tân Khánh Trung,Trường Trung học phổ thông Lấp Vò 3,THPT
Tỉnh Đồng Tháp,Xã Tân Đông,Trường Trung học phổ thông Gò Công Đông,THPT
Tỉnh Đồng Tháp,Xã Vĩnh Bình,Trường Tiểu học Phan Thế Dõng,Tiểu học
Tỉnh Đồng Tháp,Xã Đồng Sơn,Trường Tiểu học Bình Nhì,Tiểu học
